[
  {
    "OE0001_V12": "",
    "Id. de inscripción": 164580,
    "Dorsal": 208,
    "Dorsal alt.": "",
    "Nº chip": 8647688,
    "Id. de la base de datos": 6687,
    "Id IOF": 27602,
    "Apellidos": "Corral Alonso",
    "Nombre": "Alberto",
    "Fecha de nacimiento": "17.05.1979",
    "AN": 1979,
    "S": "M",
    "Bloque": 2,
    "nc": "0",
    "Salida": "0:54:00",
    "Meta": "",
    "Tiempo": "",
    "Estado clas.": 0,
    "Bonificación -": "",
    "Penalización +": "",
    "Comentario": "",
    "Nº de club": 37,
    "Ciudad": "",
    "Club": "FLUVIAL_LUGO",
    "Nac": "ESP",
    "Situación": "",
    "Región": "Lugo",
    "Nº de categoría": 1,
    "Corto": "M-E",
    "Largo": "M-E",
    "Nº Cat. Ins.": 1,
    "Categoría inscrita (corto)": "M-E",
    "Categoría inscrita (largo)": "M-E",
    "Pos. Ranking": "",
    "Puntos de ranking": "",
    "Num1": 27001153,
    "Num2": 27602,
    "Num3": "",
    "Text1": "71501528W",
    "Text2": "A1",
    "Text3": "",
    "Dir. apellidos": "",
    "Dir. nombre": "",
    "Dirección": "",
    "Línea 2": "",
    "CP": "",
    "Dir. ciudad": "",
    "Teléfono": "",
    "Móvil": null,
    "Fax": "",
    "Correo-e": "",
    "Alquilado": "0",
    "Cuota de inscripción": "41,00",
    "Pagado": "0",
    "Id equipo": "",
    "Nombre de equipo": "",
    "Nación de la persona": "",
    "Nº de recorrido": 9001,
    "Recorrido": "R1",
    "km": "20,6",
    "m": 273,
    "Puntos de control": 21,
    "FIELD63": ""
  },
  {
    "OE0001_V12": "",
    "Id. de inscripción": 164355,
    "Dorsal": 206,
    "Dorsal alt.": "",
    "Nº chip": 8681403,
    "Id. de la base de datos": 9868,
    "Id IOF": null,
    "Apellidos": "Gómez Benavides",
    "Nombre": "Miguel",
    "Fecha de nacimiento": "20.03.2002",
    "AN": 2002,
    "S": "M",
    "Bloque": 2,
    "nc": "0",
    "Salida": "0:56:00",
    "Meta": "",
    "Tiempo": "",
    "Estado clas.": 0,
    "Bonificación -": "",
    "Penalización +": "",
    "Comentario": "",
    "Nº de club": 26,
    "Ciudad": "",
    "Club": "COMA",
    "Nac": "ESP",
    "Situación": "",
    "Región": "Málaga",
    "Nº de categoría": 1,
    "Corto": "M-E",
    "Largo": "M-E",
    "Nº Cat. Ins.": 1,
    "Categoría inscrita (corto)": "M-E",
    "Categoría inscrita (largo)": "M-E",
    "Pos. Ranking": "",
    "Puntos de ranking": "",
    "Num1": 23005976,
    "Num2": null,
    "Num3": "",
    "Text1": "26501843R",
    "Text2": "A1",
    "Text3": "",
    "Dir. apellidos": "",
    "Dir. nombre": "",
    "Dirección": "",
    "Línea 2": "",
    "CP": "",
    "Dir. ciudad": "",
    "Teléfono": "",
    "Móvil": null,
    "Fax": "",
    "Correo-e": "",
    "Alquilado": "0",
    "Cuota de inscripción": "32,00",
    "Pagado": "0",
    "Id equipo": "",
    "Nombre de equipo": "",
    "Nación de la persona": "",
    "Nº de recorrido": 9001,
    "Recorrido": "R1",
    "km": "20,6",
    "m": 273,
    "Puntos de control": 21,
    "FIELD63": ""
  },
  {
    "OE0001_V12": "",
    "Id. de inscripción": 164282,
    "Dorsal": 212,
    "Dorsal alt.": "",
    "Nº chip": 8460834,
    "Id. de la base de datos": 5140,
    "Id IOF": null,
    "Apellidos": "Martinez Flor",
    "Nombre": "Alejandro",
    "Fecha de nacimiento": "21.06.1994",
    "AN": 1994,
    "S": "M",
    "Bloque": 2,
    "nc": "0",
    "Salida": "0:58:00",
    "Meta": "",
    "Tiempo": "",
    "Estado clas.": 0,
    "Bonificación -": "",
    "Penalización +": "",
    "Comentario": "",
    "Nº de club": 78,
    "Ciudad": "",
    "Club": "VILLENA-O",
    "Nac": "ESP",
    "Situación": "",
    "Región": "Alicante",
    "Nº de categoría": 1,
    "Corto": "M-E",
    "Largo": "M-E",
    "Nº Cat. Ins.": 1,
    "Categoría inscrita (corto)": "M-E",
    "Categoría inscrita (largo)": "M-E",
    "Pos. Ranking": "",
    "Puntos de ranking": "",
    "Num1": 3000081,
    "Num2": null,
    "Num3": "",
    "Text1": "46083448G",
    "Text2": "A1",
    "Text3": "",
    "Dir. apellidos": "",
    "Dir. nombre": "",
    "Dirección": "",
    "Línea 2": "",
    "CP": "",
    "Dir. ciudad": "",
    "Teléfono": "",
    "Móvil": 696880273,
    "Fax": "",
    "Correo-e": "",
    "Alquilado": "0",
    "Cuota de inscripción": "32,00",
    "Pagado": "X",
    "Id equipo": "",
    "Nombre de equipo": "",
    "Nación de la persona": "",
    "Nº de recorrido": 9001,
    "Recorrido": "R1",
    "km": "20,6",
    "m": 273,
    "Puntos de control": 21,
    "FIELD63": ""
  },
  {
    "OE0001_V12": "",
    "Id. de inscripción": 164109,
    "Dorsal": 217,
    "Dorsal alt.": "",
    "Nº chip": 8670676,
    "Id. de la base de datos": 6093,
    "Id IOF": null,
    "Apellidos": "Pérez De Ayala Recasens",
    "Nombre": "Jose Ignacio",
    "Fecha de nacimiento": "14.04.1981",
    "AN": 1981,
    "S": "M",
    "Bloque": 2,
    "nc": "0",
    "Salida": "1:00:00",
    "Meta": "",
    "Tiempo": "",
    "Estado clas.": 0,
    "Bonificación -": "",
    "Penalización +": "",
    "Comentario": "",
    "Nº de club": 160,
    "Ciudad": "",
    "Club": "COHU",
    "Nac": "ESP",
    "Situación": "",
    "Región": "Huelva",
    "Nº de categoría": 1,
    "Corto": "M-E",
    "Largo": "M-E",
    "Nº Cat. Ins.": 1,
    "Categoría inscrita (corto)": "M-E",
    "Categoría inscrita (largo)": "M-E",
    "Pos. Ranking": "",
    "Puntos de ranking": "",
    "Num1": 41001691,
    "Num2": null,
    "Num3": "",
    "Text1": "48936296R",
    "Text2": "A1",
    "Text3": "",
    "Dir. apellidos": "",
    "Dir. nombre": "",
    "Dirección": "",
    "Línea 2": "",
    "CP": "",
    "Dir. ciudad": "",
    "Teléfono": "",
    "Móvil": 622657698,
    "Fax": "",
    "Correo-e": "",
    "Alquilado": "0",
    "Cuota de inscripción": "35,00",
    "Pagado": "0",
    "Id equipo": "",
    "Nombre de equipo": "",
    "Nación de la persona": "",
    "Nº de recorrido": 9001,
    "Recorrido": "R1",
    "km": "20,6",
    "m": 273,
    "Puntos de control": 21,
    "FIELD63": ""
  },
  {
    "OE0001_V12": "",
    "Id. de inscripción": 163144,
    "Dorsal": 223,
    "Dorsal alt.": "",
    "Nº chip": 8163593,
    "Id. de la base de datos": 8428,
    "Id IOF": null,
    "Apellidos": "Breijo Martinez",
    "Nombre": "Yago",
    "Fecha de nacimiento": "06.03.1989",
    "AN": 1989,
    "S": "M",
    "Bloque": 5,
    "nc": "0",
    "Salida": "1:02:00",
    "Meta": "",
    "Tiempo": "",
    "Estado clas.": 0,
    "Bonificación -": "",
    "Penalización +": "",
    "Comentario": "",
    "Nº de club": 291,
    "Ciudad": "",
    "Club": "XESTEIRAS",
    "Nac": "ESP",
    "Situación": "",
    "Región": "Pontevedra",
    "Nº de categoría": 1,
    "Corto": "M-E",
    "Largo": "M-E",
    "Nº Cat. Ins.": 1,
    "Categoría inscrita (corto)": "M-E",
    "Categoría inscrita (largo)": "M-E",
    "Pos. Ranking": "",
    "Puntos de ranking": "",
    "Num1": 15004324,
    "Num2": null,
    "Num3": "",
    "Text1": "32707770E",
    "Text2": "A1",
    "Text3": "",
    "Dir. apellidos": "",
    "Dir. nombre": "",
    "Dirección": "",
    "Línea 2": "",
    "CP": "",
    "Dir. ciudad": "",
    "Teléfono": "",
    "Móvil": 66666353,
    "Fax": "",
    "Correo-e": "",
    "Alquilado": "0",
    "Cuota de inscripción": "32,00",
    "Pagado": "X",
    "Id equipo": "",
    "Nombre de equipo": "",
    "Nación de la persona": "",
    "Nº de recorrido": 9001,
    "Recorrido": "R1",
    "km": "20,6",
    "m": 273,
    "Puntos de control": 21,
    "FIELD63": ""
  },
  {
    "OE0001_V12": "",
    "Id. de inscripción": 163975,
    "Dorsal": 204,
    "Dorsal alt.": "",
    "Nº chip": 8071640,
    "Id. de la base de datos": 13072,
    "Id IOF": 41721,
    "Apellidos": "Obreo Montero",
    "Nombre": "Alfonso",
    "Fecha de nacimiento": "19.11.2003",
    "AN": 2003,
    "S": "M",
    "Bloque": 5,
    "nc": "0",
    "Salida": "1:04:00",
    "Meta": "",
    "Tiempo": "",
    "Estado clas.": 0,
    "Bonificación -": "",
    "Penalización +": "",
    "Comentario": "",
    "Nº de club": 8,
    "Ciudad": "",
    "Club": "ALTAIR",
    "Nac": "ESP",
    "Situación": "",
    "Región": "Cáceres",
    "Nº de categoría": 1,
    "Corto": "M-E",
    "Largo": "M-E",
    "Nº Cat. Ins.": 1,
    "Categoría inscrita (corto)": "M-E",
    "Categoría inscrita (largo)": "M-E",
    "Pos. Ranking": "",
    "Puntos de ranking": "",
    "Num1": 6009086,
    "Num2": 41721,
    "Num3": "",
    "Text1": "08367583E",
    "Text2": "A1",
    "Text3": "",
    "Dir. apellidos": "",
    "Dir. nombre": "",
    "Dirección": "",
    "Línea 2": "",
    "CP": "",
    "Dir. ciudad": "",
    "Teléfono": "",
    "Móvil": 685839652,
    "Fax": "",
    "Correo-e": "",
    "Alquilado": "0",
    "Cuota de inscripción": "32,00",
    "Pagado": "0",
    "Id equipo": "",
    "Nombre de equipo": "",
    "Nación de la persona": "",
    "Nº de recorrido": 9001,
    "Recorrido": "R1",
    "km": "20,6",
    "m": 273,
    "Puntos de control": 21,
    "FIELD63": ""
  },
  {
    "OE0001_V12": "",
    "Id. de inscripción": 164302,
    "Dorsal": 226,
    "Dorsal alt.": "",
    "Nº chip": null,
    "Id. de la base de datos": 28603,
    "Id IOF": null,
    "Apellidos": "Mccarthy",
    "Nombre": "Niall",
    "Fecha de nacimiento": "20.06.1995",
    "AN": 1995,
    "S": "M",
    "Bloque": 5,
    "nc": "X",
    "Salida": "1:06:00",
    "Meta": "",
    "Tiempo": "",
    "Estado clas.": 0,
    "Bonificación -": "",
    "Penalización +": "",
    "Comentario": "",
    "Nº de club": 1999,
    "Ciudad": "",
    "Club": "No Club",
    "Nac": "GBR",
    "Situación": "",
    "Región": "",
    "Nº de categoría": 1,
    "Corto": "M-E",
    "Largo": "M-E",
    "Nº Cat. Ins.": 1,
    "Categoría inscrita (corto)": "M-E",
    "Categoría inscrita (largo)": "M-E",
    "Pos. Ranking": "",
    "Puntos de ranking": "",
    "Num1": 0,
    "Num2": null,
    "Num3": "",
    "Text1": "PU1427913",
    "Text2": "",
    "Text3": "IRL",
    "Dir. apellidos": "",
    "Dir. nombre": "",
    "Dirección": "",
    "Línea 2": "",
    "CP": "",
    "Dir. ciudad": "",
    "Teléfono": "",
    "Móvil": 354000000000,
    "Fax": "",
    "Correo-e": "",
    "Alquilado": "X",
    "Cuota de inscripción": "50,00",
    "Pagado": "X",
    "Id equipo": "",
    "Nombre de equipo": "",
    "Nación de la persona": "",
    "Nº de recorrido": 9001,
    "Recorrido": "R1",
    "km": "20,6",
    "m": 273,
    "Puntos de control": 21,
    "FIELD63": ""
  },
  {
    "OE0001_V12": "",
    "Id. de inscripción": 164127,
    "Dorsal": 211,
    "Dorsal alt.": "",
    "Nº chip": 8471984,
    "Id. de la base de datos": 25196,
    "Id IOF": null,
    "Apellidos": "Munuera Campoy",
    "Nombre": "Hilario",
    "Fecha de nacimiento": "04.07.1984",
    "AN": 1984,
    "S": "M",
    "Bloque": 5,
    "nc": "0",
    "Salida": "1:08:00",
    "Meta": "",
    "Tiempo": "",
    "Estado clas.": 0,
    "Bonificación -": "",
    "Penalización +": "",
    "Comentario": "",
    "Nº de club": 48,
    "Ciudad": "",
    "Club": "LORCA-O",
    "Nac": "ESP",
    "Situación": "",
    "Región": "Murcia",
    "Nº de categoría": 1,
    "Corto": "M-E",
    "Largo": "M-E",
    "Nº Cat. Ins.": 1,
    "Categoría inscrita (corto)": "M-E",
    "Categoría inscrita (largo)": "M-E",
    "Pos. Ranking": "",
    "Puntos de ranking": "",
    "Num1": 25196,
    "Num2": null,
    "Num3": "",
    "Text1": "23285709A",
    "Text2": "A1",
    "Text3": "",
    "Dir. apellidos": "",
    "Dir. nombre": "",
    "Dirección": "",
    "Línea 2": "",
    "CP": "",
    "Dir. ciudad": "",
    "Teléfono": "",
    "Móvil": 699117950,
    "Fax": "",
    "Correo-e": "",
    "Alquilado": "0",
    "Cuota de inscripción": "32,00",
    "Pagado": "0",
    "Id equipo": "",
    "Nombre de equipo": "",
    "Nación de la persona": "",
    "Nº de recorrido": 9001,
    "Recorrido": "R1",
    "km": "20,6",
    "m": 273,
    "Puntos de control": 21,
    "FIELD63": ""
  },
  {
    "OE0001_V12": "",
    "Id. de inscripción": 163376,
    "Dorsal": 201,
    "Dorsal alt.": "",
    "Nº chip": 8650845,
    "Id. de la base de datos": 12553,
    "Id IOF": 36139,
    "Apellidos": "Oliveras Ferrer",
    "Nombre": "Sergi",
    "Fecha de nacimiento": "03.12.1998",
    "AN": 1998,
    "S": "M",
    "Bloque": 5,
    "nc": "0",
    "Salida": "1:10:00",
    "Meta": "",
    "Tiempo": "",
    "Estado clas.": 0,
    "Bonificación -": "",
    "Penalización +": "",
    "Comentario": "",
    "Nº de club": 6,
    "Ciudad": "",
    "Club": "ALIGOTS",
    "Nac": "ESP",
    "Situación": "",
    "Región": "Girona",
    "Nº de categoría": 1,
    "Corto": "M-E",
    "Largo": "M-E",
    "Nº Cat. Ins.": 1,
    "Categoría inscrita (corto)": "M-E",
    "Categoría inscrita (largo)": "M-E",
    "Pos. Ranking": "",
    "Puntos de ranking": "",
    "Num1": 17008583,
    "Num2": 36139,
    "Num3": "",
    "Text1": "41561195B",
    "Text2": "A1",
    "Text3": "",
    "Dir. apellidos": "",
    "Dir. nombre": "",
    "Dirección": "",
    "Línea 2": "",
    "CP": "",
    "Dir. ciudad": "",
    "Teléfono": "",
    "Móvil": null,
    "Fax": "",
    "Correo-e": "",
    "Alquilado": "0",
    "Cuota de inscripción": "35,00",
    "Pagado": "0",
    "Id equipo": "",
    "Nombre de equipo": "",
    "Nación de la persona": "",
    "Nº de recorrido": 9001,
    "Recorrido": "R1",
    "km": "20,6",
    "m": 273,
    "Puntos de control": 21,
    "FIELD63": ""
  },
  {
    "OE0001_V12": "",
    "Id. de inscripción": 162868,
    "Dorsal": 209,
    "Dorsal alt.": "",
    "Nº chip": 8658634,
    "Id. de la base de datos": 15971,
    "Id IOF": null,
    "Apellidos": "Rivas Sández",
    "Nombre": "Jose Manuel",
    "Fecha de nacimiento": "27.02.1982",
    "AN": 1982,
    "S": "M",
    "Bloque": 5,
    "nc": "0",
    "Salida": "1:12:00",
    "Meta": "",
    "Tiempo": "",
    "Estado clas.": 0,
    "Bonificación -": "",
    "Penalización +": "",
    "Comentario": "",
    "Nº de club": 39,
    "Ciudad": "",
    "Club": "GOCAN",
    "Nac": "ESP",
    "Situación": "",
    "Región": "Madrid",
    "Nº de categoría": 1,
    "Corto": "M-E",
    "Largo": "M-E",
    "Nº Cat. Ins.": 1,
    "Categoría inscrita (corto)": "M-E",
    "Categoría inscrita (largo)": "M-E",
    "Pos. Ranking": "",
    "Puntos de ranking": "",
    "Num1": 15971,
    "Num2": null,
    "Num3": "",
    "Text1": "05408353H",
    "Text2": "A1",
    "Text3": "",
    "Dir. apellidos": "",
    "Dir. nombre": "",
    "Dirección": "",
    "Línea 2": "",
    "CP": "",
    "Dir. ciudad": "",
    "Teléfono": "",
    "Móvil": 638889090,
    "Fax": "",
    "Correo-e": "",
    "Alquilado": "0",
    "Cuota de inscripción": "32,00",
    "Pagado": "0",
    "Id equipo": "",
    "Nombre de equipo": "",
    "Nación de la persona": "",
    "Nº de recorrido": 9001,
    "Recorrido": "R1",
    "km": "20,6",
    "m": 273,
    "Puntos de control": 21,
    "FIELD63": ""
  },
  {
    "OE0001_V12": "",
    "Id. de inscripción": 163984,
    "Dorsal": 220,
    "Dorsal alt.": "",
    "Nº chip": 8659361,
    "Id. de la base de datos": 12241,
    "Id IOF": 38296,
    "Apellidos": "Espigares Tapia",
    "Nombre": "Noel",
    "Fecha de nacimiento": "27.05.2003",
    "AN": 2003,
    "S": "M",
    "Bloque": 5,
    "nc": "0",
    "Salida": "1:14:00",
    "Meta": "",
    "Tiempo": "",
    "Estado clas.": 0,
    "Bonificación -": "",
    "Penalización +": "",
    "Comentario": "",
    "Nº de club": 244,
    "Ciudad": "",
    "Club": "SRK",
    "Nac": "ESP",
    "Situación": "",
    "Región": "Granada",
    "Nº de categoría": 1,
    "Corto": "M-E",
    "Largo": "M-E",
    "Nº Cat. Ins.": 1,
    "Categoría inscrita (corto)": "M-E",
    "Categoría inscrita (largo)": "M-E",
    "Pos. Ranking": "",
    "Puntos de ranking": "",
    "Num1": 18008275,
    "Num2": 38296,
    "Num3": "",
    "Text1": "77389006D",
    "Text2": "A1",
    "Text3": "",
    "Dir. apellidos": "",
    "Dir. nombre": "",
    "Dirección": "",
    "Línea 2": "",
    "CP": "",
    "Dir. ciudad": "",
    "Teléfono": "",
    "Móvil": 607892423,
    "Fax": "",
    "Correo-e": "",
    "Alquilado": "0",
    "Cuota de inscripción": "32,00",
    "Pagado": "X",
    "Id equipo": "",
    "Nombre de equipo": "",
    "Nación de la persona": "",
    "Nº de recorrido": 9001,
    "Recorrido": "R1",
    "km": "20,6",
    "m": 273,
    "Puntos de control": 21,
    "FIELD63": ""
  },
  {
    "OE0001_V12": "",
    "Id. de inscripción": 164030,
    "Dorsal": 219,
    "Dorsal alt.": "",
    "Nº chip": 8121520,
    "Id. de la base de datos": 9682,
    "Id IOF": null,
    "Apellidos": "Flores Rodriguez",
    "Nombre": "Javier",
    "Fecha de nacimiento": "09.12.1995",
    "AN": 1995,
    "S": "M",
    "Bloque": 5,
    "nc": "0",
    "Salida": "1:16:00",
    "Meta": "",
    "Tiempo": "",
    "Estado clas.": 0,
    "Bonificación -": "",
    "Penalización +": "",
    "Comentario": "",
    "Nº de club": 224,
    "Ciudad": "",
    "Club": "ITACA",
    "Nac": "ESP",
    "Situación": "",
    "Región": "Badajoz",
    "Nº de categoría": 1,
    "Corto": "M-E",
    "Largo": "M-E",
    "Nº Cat. Ins.": 1,
    "Categoría inscrita (corto)": "M-E",
    "Categoría inscrita (largo)": "M-E",
    "Pos. Ranking": "",
    "Puntos de ranking": "",
    "Num1": 6005788,
    "Num2": null,
    "Num3": "",
    "Text1": "45877905N",
    "Text2": "A1",
    "Text3": "",
    "Dir. apellidos": "",
    "Dir. nombre": "",
    "Dirección": "",
    "Línea 2": "",
    "CP": "",
    "Dir. ciudad": "",
    "Teléfono": "",
    "Móvil": 676122696,
    "Fax": "",
    "Correo-e": "",
    "Alquilado": "0",
    "Cuota de inscripción": "32,00",
    "Pagado": "0",
    "Id equipo": "",
    "Nombre de equipo": "",
    "Nación de la persona": "",
    "Nº de recorrido": 9001,
    "Recorrido": "R1",
    "km": "20,6",
    "m": 273,
    "Puntos de control": 21,
    "FIELD63": ""
  },
  {
    "OE0001_V12": "",
    "Id. de inscripción": 164342,
    "Dorsal": 205,
    "Dorsal alt.": "",
    "Nº chip": 8670300,
    "Id. de la base de datos": 964,
    "Id IOF": null,
    "Apellidos": "Portal Gordillo",
    "Nombre": "Daniel",
    "Fecha de nacimiento": "08.11.1988",
    "AN": 1988,
    "S": "M",
    "Bloque": 5,
    "nc": "0",
    "Salida": "1:18:00",
    "Meta": "",
    "Tiempo": "",
    "Estado clas.": 0,
    "Bonificación -": "",
    "Penalización +": "",
    "Comentario": "",
    "Nº de club": 24,
    "Ciudad": "",
    "Club": "CODAN_EXTREMADURA",
    "Nac": "ESP",
    "Situación": "",
    "Región": "Badajoz",
    "Nº de categoría": 1,
    "Corto": "M-E",
    "Largo": "M-E",
    "Nº Cat. Ins.": 1,
    "Categoría inscrita (corto)": "M-E",
    "Categoría inscrita (largo)": "M-E",
    "Pos. Ranking": "",
    "Puntos de ranking": "",
    "Num1": 6002835,
    "Num2": null,
    "Num3": "",
    "Text1": "44782924S",
    "Text2": "A1",
    "Text3": "",
    "Dir. apellidos": "",
    "Dir. nombre": "",
    "Dirección": "",
    "Línea 2": "",
    "CP": "",
    "Dir. ciudad": "",
    "Teléfono": "",
    "Móvil": 618378300,
    "Fax": "",
    "Correo-e": "",
    "Alquilado": "0",
    "Cuota de inscripción": "32,00",
    "Pagado": "0",
    "Id equipo": "",
    "Nombre de equipo": "",
    "Nación de la persona": "",
    "Nº de recorrido": 9001,
    "Recorrido": "R1",
    "km": "20,6",
    "m": 273,
    "Puntos de control": 21,
    "FIELD63": ""
  },
  {
    "OE0001_V12": "",
    "Id. de inscripción": 164098,
    "Dorsal": 222,
    "Dorsal alt.": "",
    "Nº chip": 8632155,
    "Id. de la base de datos": 11277,
    "Id IOF": null,
    "Apellidos": "Villar Górriz",
    "Nombre": "José Antonio",
    "Fecha de nacimiento": "08.02.2003",
    "AN": 2003,
    "S": "M",
    "Bloque": 5,
    "nc": "0",
    "Salida": "1:20:00",
    "Meta": "",
    "Tiempo": "",
    "Estado clas.": 0,
    "Bonificación -": "",
    "Penalización +": "",
    "Comentario": "",
    "Nº de club": 271,
    "Ciudad": "",
    "Club": "BMT CASAS DE VES",
    "Nac": "ESP",
    "Situación": "",
    "Región": "Albacete",
    "Nº de categoría": 1,
    "Corto": "M-E",
    "Largo": "M-E",
    "Nº Cat. Ins.": 1,
    "Categoría inscrita (corto)": "M-E",
    "Categoría inscrita (largo)": "M-E",
    "Pos. Ranking": "",
    "Puntos de ranking": "",
    "Num1": 2007351,
    "Num2": null,
    "Num3": "",
    "Text1": "49310858P",
    "Text2": "A1",
    "Text3": "",
    "Dir. apellidos": "",
    "Dir. nombre": "",
    "Dirección": "",
    "Línea 2": "",
    "CP": "",
    "Dir. ciudad": "",
    "Teléfono": "",
    "Móvil": 677431223,
    "Fax": "",
    "Correo-e": "",
    "Alquilado": "0",
    "Cuota de inscripción": "32,00",
    "Pagado": "0",
    "Id equipo": "",
    "Nombre de equipo": "",
    "Nación de la persona": "",
    "Nº de recorrido": 9001,
    "Recorrido": "R1",
    "km": "20,6",
    "m": 273,
    "Puntos de control": 21,
    "FIELD63": ""
  },
  {
    "OE0001_V12": "",
    "Id. de inscripción": 164703,
    "Dorsal": 218,
    "Dorsal alt.": "",
    "Nº chip": 8011619,
    "Id. de la base de datos": 6010,
    "Id IOF": null,
    "Apellidos": "Taboada Pintor",
    "Nombre": "Alberto",
    "Fecha de nacimiento": "19.09.1985",
    "AN": 1985,
    "S": "M",
    "Bloque": 5,
    "nc": "0",
    "Salida": "1:22:00",
    "Meta": "",
    "Tiempo": "",
    "Estado clas.": 0,
    "Bonificación -": "",
    "Penalización +": "",
    "Comentario": "",
    "Nº de club": 188,
    "Ciudad": "",
    "Club": "OP BETANZOS",
    "Nac": "ESP",
    "Situación": "",
    "Región": "La Coruña",
    "Nº de categoría": 1,
    "Corto": "M-E",
    "Largo": "M-E",
    "Nº Cat. Ins.": 1,
    "Categoría inscrita (corto)": "M-E",
    "Categoría inscrita (largo)": "M-E",
    "Pos. Ranking": "",
    "Puntos de ranking": "",
    "Num1": 15001164,
    "Num2": null,
    "Num3": "",
    "Text1": "47363708S",
    "Text2": "A1",
    "Text3": "",
    "Dir. apellidos": "",
    "Dir. nombre": "",
    "Dirección": "",
    "Línea 2": "",
    "CP": "",
    "Dir. ciudad": "",
    "Teléfono": "",
    "Móvil": 660736111,
    "Fax": "",
    "Correo-e": "",
    "Alquilado": "0",
    "Cuota de inscripción": "41,00",
    "Pagado": "0",
    "Id equipo": "",
    "Nombre de equipo": "",
    "Nación de la persona": "",
    "Nº de recorrido": 9001,
    "Recorrido": "R1",
    "km": "20,6",
    "m": 273,
    "Puntos de control": 21,
    "FIELD63": ""
  },
  {
    "OE0001_V12": "",
    "Id. de inscripción": 164427,
    "Dorsal": 216,
    "Dorsal alt.": "",
    "Nº chip": 8001026,
    "Id. de la base de datos": 14045,
    "Id IOF": null,
    "Apellidos": "González García",
    "Nombre": "Javier",
    "Fecha de nacimiento": "29.12.1986",
    "AN": 1986,
    "S": "M",
    "Bloque": 8,
    "nc": "0",
    "Salida": "1:24:00",
    "Meta": "",
    "Tiempo": "",
    "Estado clas.": 0,
    "Bonificación -": "",
    "Penalización +": "",
    "Comentario": "",
    "Nº de club": 124,
    "Ciudad": "",
    "Club": "C.O.GUADALAJARA",
    "Nac": "ESP",
    "Situación": "",
    "Región": "Guadalajara",
    "Nº de categoría": 1,
    "Corto": "M-E",
    "Largo": "M-E",
    "Nº Cat. Ins.": 1,
    "Categoría inscrita (corto)": "M-E",
    "Categoría inscrita (largo)": "M-E",
    "Pos. Ranking": "",
    "Puntos de ranking": "",
    "Num1": 14045,
    "Num2": null,
    "Num3": "",
    "Text1": "09445539Z",
    "Text2": "A1",
    "Text3": "",
    "Dir. apellidos": "",
    "Dir. nombre": "",
    "Dirección": "",
    "Línea 2": "",
    "CP": "",
    "Dir. ciudad": "",
    "Teléfono": "",
    "Móvil": 696716140,
    "Fax": "",
    "Correo-e": "",
    "Alquilado": "0",
    "Cuota de inscripción": "35,00",
    "Pagado": "X",
    "Id equipo": "",
    "Nombre de equipo": "",
    "Nación de la persona": "",
    "Nº de recorrido": 9001,
    "Recorrido": "R1",
    "km": "20,6",
    "m": 273,
    "Puntos de control": 21,
    "FIELD63": ""
  },
  {
    "OE0001_V12": "",
    "Id. de inscripción": null,
    "Dorsal": 227,
    "Dorsal alt.": "",
    "Nº chip": 8460420,
    "Id. de la base de datos": 1963,
    "Id IOF": null,
    "Apellidos": "Ferreira",
    "Nombre": "João",
    "Fecha de nacimiento": "01.01.1989",
    "AN": 1989,
    "S": "M",
    "Bloque": 5,
    "nc": "0",
    "Salida": "1:26:00",
    "Meta": "",
    "Tiempo": "",
    "Estado clas.": 0,
    "Bonificación -": "",
    "Penalización +": "",
    "Comentario": "",
    "Nº de club": 1020,
    "Ciudad": "",
    "Club": "PORTUGAL TEAM",
    "Nac": "POR",
    "Situación": "",
    "Región": "",
    "Nº de categoría": 1,
    "Corto": "M-E",
    "Largo": "M-E",
    "Nº Cat. Ins.": 1,
    "Categoría inscrita (corto)": "M-E",
    "Categoría inscrita (largo)": "M-E",
    "Pos. Ranking": "",
    "Puntos de ranking": "",
    "Num1": null,
    "Num2": null,
    "Num3": "",
    "Text1": "",
    "Text2": "",
    "Text3": "POR",
    "Dir. apellidos": "",
    "Dir. nombre": "",
    "Dirección": "",
    "Línea 2": "",
    "CP": "",
    "Dir. ciudad": "",
    "Teléfono": "",
    "Móvil": null,
    "Fax": "",
    "Correo-e": "",
    "Alquilado": "0",
    "Cuota de inscripción": "0,00",
    "Pagado": "0",
    "Id equipo": "",
    "Nombre de equipo": "",
    "Nación de la persona": "",
    "Nº de recorrido": 9001,
    "Recorrido": "R1",
    "km": "20,6",
    "m": 273,
    "Puntos de control": 21,
    "FIELD63": ""
  },
  {
    "OE0001_V12": "",
    "Id. de inscripción": 164104,
    "Dorsal": 202,
    "Dorsal alt.": "",
    "Nº chip": 8072509,
    "Id. de la base de datos": 17245,
    "Id IOF": 13291,
    "Apellidos": "Marques Ferreira",
    "Nombre": "Daniel",
    "Fecha de nacimiento": "05.09.1984",
    "AN": 1984,
    "S": "M",
    "Bloque": 8,
    "nc": "X",
    "Salida": "1:28:00",
    "Meta": "",
    "Tiempo": "",
    "Estado clas.": 0,
    "Bonificación -": "",
    "Penalización +": "",
    "Comentario": "",
    "Nº de club": 8,
    "Ciudad": "",
    "Club": "ALTAIR",
    "Nac": "ESP",
    "Situación": "",
    "Región": "Cáceres",
    "Nº de categoría": 1,
    "Corto": "M-E",
    "Largo": "M-E",
    "Nº Cat. Ins.": 1,
    "Categoría inscrita (corto)": "M-E",
    "Categoría inscrita (largo)": "M-E",
    "Pos. Ranking": "",
    "Puntos de ranking": "",
    "Num1": 17245,
    "Num2": 13291,
    "Num3": "",
    "Text1": "12583398",
    "Text2": "A1",
    "Text3": "PRT",
    "Dir. apellidos": "",
    "Dir. nombre": "",
    "Dirección": "",
    "Línea 2": "",
    "CP": "",
    "Dir. ciudad": "",
    "Teléfono": "",
    "Móvil": 352000000000,
    "Fax": "",
    "Correo-e": "",
    "Alquilado": "0",
    "Cuota de inscripción": "32,00",
    "Pagado": "0",
    "Id equipo": "",
    "Nombre de equipo": "",
    "Nación de la persona": "",
    "Nº de recorrido": 9001,
    "Recorrido": "R1",
    "km": "20,6",
    "m": 273,
    "Puntos de control": 21,
    "FIELD63": ""
  },
  {
    "OE0001_V12": "",
    "Id. de inscripción": 163338,
    "Dorsal": 224,
    "Dorsal alt.": "",
    "Nº chip": 8647684,
    "Id. de la base de datos": 11268,
    "Id IOF": 38294,
    "Apellidos": "Fernández Souto",
    "Nombre": "José Manuel",
    "Fecha de nacimiento": "18.04.1972",
    "AN": 1972,
    "S": "M",
    "Bloque": 5,
    "nc": "0",
    "Salida": "1:30:00",
    "Meta": "",
    "Tiempo": "",
    "Estado clas.": 0,
    "Bonificación -": "",
    "Penalización +": "",
    "Comentario": "",
    "Nº de club": 296,
    "Ciudad": "",
    "Club": "COMPÁS",
    "Nac": "ESP",
    "Situación": "",
    "Región": "Lugo",
    "Nº de categoría": 1,
    "Corto": "M-E",
    "Largo": "M-E",
    "Nº Cat. Ins.": 1,
    "Categoría inscrita (corto)": "M-E",
    "Categoría inscrita (largo)": "M-E",
    "Pos. Ranking": "",
    "Puntos de ranking": "",
    "Num1": 27007341,
    "Num2": 38294,
    "Num3": "",
    "Text1": "33322290M",
    "Text2": "A1",
    "Text3": "",
    "Dir. apellidos": "",
    "Dir. nombre": "",
    "Dirección": "",
    "Línea 2": "",
    "CP": "",
    "Dir. ciudad": "",
    "Teléfono": "",
    "Móvil": 649453054,
    "Fax": "",
    "Correo-e": "",
    "Alquilado": "0",
    "Cuota de inscripción": "32,00",
    "Pagado": "X",
    "Id equipo": "",
    "Nombre de equipo": "",
    "Nación de la persona": "",
    "Nº de recorrido": 9001,
    "Recorrido": "R1",
    "km": "20,6",
    "m": 273,
    "Puntos de control": 21,
    "FIELD63": ""
  },
  {
    "OE0001_V12": "",
    "Id. de inscripción": 163673,
    "Dorsal": 210,
    "Dorsal alt.": "",
    "Nº chip": 8515071,
    "Id. de la base de datos": 9556,
    "Id IOF": 4090,
    "Apellidos": "Chousa Esteban",
    "Nombre": "Enrique",
    "Fecha de nacimiento": "23.02.1998",
    "AN": 1998,
    "S": "M",
    "Bloque": 8,
    "nc": "0",
    "Salida": "1:32:00",
    "Meta": "",
    "Tiempo": "",
    "Estado clas.": 0,
    "Bonificación -": "",
    "Penalización +": "",
    "Comentario": "",
    "Nº de club": 42,
    "Ciudad": "",
    "Club": "IMPERDIBLE",
    "Nac": "ESP",
    "Situación": "",
    "Región": "Madrid",
    "Nº de categoría": 1,
    "Corto": "M-E",
    "Largo": "M-E",
    "Nº Cat. Ins.": 1,
    "Categoría inscrita (corto)": "M-E",
    "Categoría inscrita (largo)": "M-E",
    "Pos. Ranking": "",
    "Puntos de ranking": "",
    "Num1": 28005665,
    "Num2": 4090,
    "Num3": "",
    "Text1": "05965225Z",
    "Text2": "A1",
    "Text3": "",
    "Dir. apellidos": "",
    "Dir. nombre": "",
    "Dirección": "",
    "Línea 2": "",
    "CP": "",
    "Dir. ciudad": "",
    "Teléfono": "",
    "Móvil": 675108617,
    "Fax": "",
    "Correo-e": "",
    "Alquilado": "0",
    "Cuota de inscripción": "32,00",
    "Pagado": "0",
    "Id equipo": "",
    "Nombre de equipo": "",
    "Nación de la persona": "",
    "Nº de recorrido": 9001,
    "Recorrido": "R1",
    "km": "20,6",
    "m": 273,
    "Puntos de control": 21,
    "FIELD63": ""
  },
  {
    "OE0001_V12": "",
    "Id. de inscripción": 163070,
    "Dorsal": 225,
    "Dorsal alt.": "",
    "Nº chip": 8488544,
    "Id. de la base de datos": 4647,
    "Id IOF": null,
    "Apellidos": "Pérez Alonso",
    "Nombre": "Adrián",
    "Fecha de nacimiento": "24.08.1991",
    "AN": 1991,
    "S": "M",
    "Bloque": 5,
    "nc": "0",
    "Salida": "1:34:00",
    "Meta": "",
    "Tiempo": "",
    "Estado clas.": 0,
    "Bonificación -": "",
    "Penalización +": "",
    "Comentario": "",
    "Nº de club": 307,
    "Ciudad": "",
    "Club": "RAZA PALLEIRA",
    "Nac": "ESP",
    "Situación": "",
    "Región": "Pontevedra",
    "Nº de categoría": 1,
    "Corto": "M-E",
    "Largo": "M-E",
    "Nº Cat. Ins.": 1,
    "Categoría inscrita (corto)": "M-E",
    "Categoría inscrita (largo)": "M-E",
    "Pos. Ranking": "",
    "Puntos de ranking": "",
    "Num1": 36001053,
    "Num2": null,
    "Num3": "",
    "Text1": "53191518Q",
    "Text2": "A1",
    "Text3": "",
    "Dir. apellidos": "",
    "Dir. nombre": "",
    "Dirección": "",
    "Línea 2": "",
    "CP": "",
    "Dir. ciudad": "",
    "Teléfono": "",
    "Móvil": 672791866,
    "Fax": "",
    "Correo-e": "",
    "Alquilado": "0",
    "Cuota de inscripción": "32,00",
    "Pagado": "X",
    "Id equipo": "",
    "Nombre de equipo": "",
    "Nación de la persona": "",
    "Nº de recorrido": 9001,
    "Recorrido": "R1",
    "km": "20,6",
    "m": 273,
    "Puntos de control": 21,
    "FIELD63": ""
  },
  {
    "OE0001_V12": "",
    "Id. de inscripción": 162667,
    "Dorsal": 215,
    "Dorsal alt.": "",
    "Nº chip": 8261188,
    "Id. de la base de datos": 1601,
    "Id IOF": 9753,
    "Apellidos": "García Pardos",
    "Nombre": "Jorge",
    "Fecha de nacimiento": "26.11.1988",
    "AN": 1988,
    "S": "M",
    "Bloque": 8,
    "nc": "0",
    "Salida": "1:36:00",
    "Meta": "",
    "Tiempo": "",
    "Estado clas.": 0,
    "Bonificación -": "",
    "Penalización +": "",
    "Comentario": "",
    "Nº de club": 92,
    "Ciudad": "",
    "Club": "PEÑA_GUARA",
    "Nac": "ESP",
    "Situación": "",
    "Región": "Huesca",
    "Nº de categoría": 1,
    "Corto": "M-E",
    "Largo": "M-E",
    "Nº Cat. Ins.": 1,
    "Categoría inscrita (corto)": "M-E",
    "Categoría inscrita (largo)": "M-E",
    "Pos. Ranking": "",
    "Puntos de ranking": "",
    "Num1": 22000814,
    "Num2": 9753,
    "Num3": "",
    "Text1": "25480216B",
    "Text2": "A1",
    "Text3": "",
    "Dir. apellidos": "",
    "Dir. nombre": "",
    "Dirección": "",
    "Línea 2": "",
    "CP": "",
    "Dir. ciudad": "",
    "Teléfono": "",
    "Móvil": 625456647,
    "Fax": "",
    "Correo-e": "",
    "Alquilado": "0",
    "Cuota de inscripción": "32,00",
    "Pagado": "0",
    "Id equipo": "",
    "Nombre de equipo": "",
    "Nación de la persona": "",
    "Nº de recorrido": 9001,
    "Recorrido": "R1",
    "km": "20,6",
    "m": 273,
    "Puntos de control": 21,
    "FIELD63": ""
  },
  {
    "OE0001_V12": "",
    "Id. de inscripción": 163382,
    "Dorsal": 213,
    "Dorsal alt.": "",
    "Nº chip": 8217779,
    "Id. de la base de datos": 20070,
    "Id IOF": null,
    "Apellidos": "Yanez Orpi",
    "Nombre": "Oscar",
    "Fecha de nacimiento": "12.08.1980",
    "AN": 1980,
    "S": "M",
    "Bloque": 10,
    "nc": "0",
    "Salida": "1:38:00",
    "Meta": "",
    "Tiempo": "",
    "Estado clas.": 0,
    "Bonificación -": "",
    "Penalización +": "",
    "Comentario": "",
    "Nº de club": 90,
    "Ciudad": "",
    "Club": "GOXTREME BARCELONA",
    "Nac": "ESP",
    "Situación": "",
    "Región": "Barcelona",
    "Nº de categoría": 1,
    "Corto": "M-E",
    "Largo": "M-E",
    "Nº Cat. Ins.": 1,
    "Categoría inscrita (corto)": "M-E",
    "Categoría inscrita (largo)": "M-E",
    "Pos. Ranking": "",
    "Puntos de ranking": "",
    "Num1": 20070,
    "Num2": null,
    "Num3": "",
    "Text1": "46764527F",
    "Text2": "A1",
    "Text3": "",
    "Dir. apellidos": "",
    "Dir. nombre": "",
    "Dirección": "",
    "Línea 2": "",
    "CP": "",
    "Dir. ciudad": "",
    "Teléfono": "",
    "Móvil": 654125282,
    "Fax": "",
    "Correo-e": "",
    "Alquilado": "0",
    "Cuota de inscripción": "35,00",
    "Pagado": "0",
    "Id equipo": "",
    "Nombre de equipo": "",
    "Nación de la persona": "",
    "Nº de recorrido": 9001,
    "Recorrido": "R1",
    "km": "20,6",
    "m": 273,
    "Puntos de control": 21,
    "FIELD63": ""
  },
  {
    "OE0001_V12": "",
    "Id. de inscripción": 163970,
    "Dorsal": 203,
    "Dorsal alt.": "",
    "Nº chip": 8647686,
    "Id. de la base de datos": 10147,
    "Id IOF": 33910,
    "Apellidos": "Muñoz Guerrero",
    "Nombre": "Francisco Javier",
    "Fecha de nacimiento": "17.06.1983",
    "AN": 1983,
    "S": "M",
    "Bloque": 98,
    "nc": "0",
    "Salida": "1:40:00",
    "Meta": "",
    "Tiempo": "",
    "Estado clas.": 0,
    "Bonificación -": "",
    "Penalización +": "",
    "Comentario": "",
    "Nº de club": 8,
    "Ciudad": "",
    "Club": "ALTAIR",
    "Nac": "ESP",
    "Situación": "",
    "Región": "Cáceres",
    "Nº de categoría": 1,
    "Corto": "M-E",
    "Largo": "M-E",
    "Nº Cat. Ins.": 1,
    "Categoría inscrita (corto)": "M-E",
    "Categoría inscrita (largo)": "M-E",
    "Pos. Ranking": "",
    "Puntos de ranking": "",
    "Num1": 10006256,
    "Num2": 33910,
    "Num3": "",
    "Text1": "44409317C",
    "Text2": "A1",
    "Text3": "",
    "Dir. apellidos": "",
    "Dir. nombre": "",
    "Dirección": "",
    "Línea 2": "",
    "CP": "",
    "Dir. ciudad": "",
    "Teléfono": "",
    "Móvil": 645984295,
    "Fax": "",
    "Correo-e": "",
    "Alquilado": "0",
    "Cuota de inscripción": "32,00",
    "Pagado": "0",
    "Id equipo": "",
    "Nombre de equipo": "",
    "Nación de la persona": "",
    "Nº de recorrido": 9001,
    "Recorrido": "R1",
    "km": "20,6",
    "m": 273,
    "Puntos de control": 21,
    "FIELD63": ""
  },
  {
    "OE0001_V12": "",
    "Id. de inscripción": null,
    "Dorsal": null,
    "Dorsal alt.": "",
    "Nº chip": null,
    "Id. de la base de datos": null,
    "Id IOF": null,
    "Apellidos": "Vacante",
    "Nombre": "",
    "Fecha de nacimiento": "",
    "AN": null,
    "S": "M",
    "Bloque": null,
    "nc": "0",
    "Salida": "1:42:00",
    "Meta": "",
    "Tiempo": "",
    "Estado clas.": 0,
    "Bonificación -": "",
    "Penalización +": "",
    "Comentario": "",
    "Nº de club": 0,
    "Ciudad": "",
    "Club": "Vacante",
    "Nac": "",
    "Situación": "",
    "Región": "",
    "Nº de categoría": 1,
    "Corto": "M-E",
    "Largo": "M-E",
    "Nº Cat. Ins.": null,
    "Categoría inscrita (corto)": "",
    "Categoría inscrita (largo)": "",
    "Pos. Ranking": "",
    "Puntos de ranking": "",
    "Num1": null,
    "Num2": null,
    "Num3": "",
    "Text1": "",
    "Text2": "",
    "Text3": "",
    "Dir. apellidos": "",
    "Dir. nombre": "",
    "Dirección": "",
    "Línea 2": "",
    "CP": "",
    "Dir. ciudad": "",
    "Teléfono": "",
    "Móvil": null,
    "Fax": "",
    "Correo-e": "",
    "Alquilado": "0",
    "Cuota de inscripción": "",
    "Pagado": "0",
    "Id equipo": "",
    "Nombre de equipo": "",
    "Nación de la persona": "",
    "Nº de recorrido": 9001,
    "Recorrido": "R1",
    "km": "20,6",
    "m": 273,
    "Puntos de control": 21,
    "FIELD63": ""
  },
  {
    "OE0001_V12": "",
    "Id. de inscripción": 163505,
    "Dorsal": 221,
    "Dorsal alt.": "",
    "Nº chip": 8643490,
    "Id. de la base de datos": 222,
    "Id IOF": 22006,
    "Apellidos": "Marín Vargas",
    "Nombre": "Juan Francisco",
    "Fecha de nacimiento": "09.08.1981",
    "AN": 1981,
    "S": "M",
    "Bloque": 99,
    "nc": "0",
    "Salida": "1:44:00",
    "Meta": "",
    "Tiempo": "",
    "Estado clas.": 0,
    "Bonificación -": "",
    "Penalización +": "",
    "Comentario": "",
    "Nº de club": 244,
    "Ciudad": "",
    "Club": "SRK",
    "Nac": "ESP",
    "Situación": "",
    "Región": "Granada",
    "Nº de categoría": 1,
    "Corto": "M-E",
    "Largo": "M-E",
    "Nº Cat. Ins.": 1,
    "Categoría inscrita (corto)": "M-E",
    "Categoría inscrita (largo)": "M-E",
    "Pos. Ranking": "",
    "Puntos de ranking": "",
    "Num1": 18003096,
    "Num2": 22006,
    "Num3": "",
    "Text1": "74661974H",
    "Text2": "A1",
    "Text3": "",
    "Dir. apellidos": "",
    "Dir. nombre": "",
    "Dirección": "",
    "Línea 2": "",
    "CP": "",
    "Dir. ciudad": "",
    "Teléfono": "",
    "Móvil": 667819888,
    "Fax": "",
    "Correo-e": "",
    "Alquilado": "0",
    "Cuota de inscripción": "32,00",
    "Pagado": "X",
    "Id equipo": "",
    "Nombre de equipo": "",
    "Nación de la persona": "",
    "Nº de recorrido": 9001,
    "Recorrido": "R1",
    "km": "20,6",
    "m": 273,
    "Puntos de control": 21,
    "FIELD63": ""
  },
  {
    "OE0001_V12": "",
    "Id. de inscripción": null,
    "Dorsal": null,
    "Dorsal alt.": "",
    "Nº chip": null,
    "Id. de la base de datos": null,
    "Id IOF": null,
    "Apellidos": "Vacante",
    "Nombre": "",
    "Fecha de nacimiento": "",
    "AN": null,
    "S": "M",
    "Bloque": null,
    "nc": "0",
    "Salida": "1:46:00",
    "Meta": "",
    "Tiempo": "",
    "Estado clas.": 0,
    "Bonificación -": "",
    "Penalización +": "",
    "Comentario": "",
    "Nº de club": 0,
    "Ciudad": "",
    "Club": "Vacante",
    "Nac": "",
    "Situación": "",
    "Región": "",
    "Nº de categoría": 1,
    "Corto": "M-E",
    "Largo": "M-E",
    "Nº Cat. Ins.": null,
    "Categoría inscrita (corto)": "",
    "Categoría inscrita (largo)": "",
    "Pos. Ranking": "",
    "Puntos de ranking": "",
    "Num1": null,
    "Num2": null,
    "Num3": "",
    "Text1": "",
    "Text2": "",
    "Text3": "",
    "Dir. apellidos": "",
    "Dir. nombre": "",
    "Dirección": "",
    "Línea 2": "",
    "CP": "",
    "Dir. ciudad": "",
    "Teléfono": "",
    "Móvil": null,
    "Fax": "",
    "Correo-e": "",
    "Alquilado": "0",
    "Cuota de inscripción": "",
    "Pagado": "0",
    "Id equipo": "",
    "Nombre de equipo": "",
    "Nación de la persona": "",
    "Nº de recorrido": 9001,
    "Recorrido": "R1",
    "km": "20,6",
    "m": 273,
    "Puntos de control": 21,
    "FIELD63": ""
  },
  {
    "OE0001_V12": "",
    "Id. de inscripción": 163298,
    "Dorsal": 207,
    "Dorsal alt.": "",
    "Nº chip": 8646243,
    "Id. de la base de datos": 7736,
    "Id IOF": null,
    "Apellidos": "Sanz Alejandre",
    "Nombre": "Juan",
    "Fecha de nacimiento": "11.04.2000",
    "AN": 2000,
    "S": "M",
    "Bloque": 100,
    "nc": "0",
    "Salida": "1:48:00",
    "Meta": "",
    "Tiempo": "",
    "Estado clas.": 0,
    "Bonificación -": "",
    "Penalización +": "",
    "Comentario": "",
    "Nº de club": 26,
    "Ciudad": "",
    "Club": "COMA",
    "Nac": "ESP",
    "Situación": "",
    "Región": "Málaga",
    "Nº de categoría": 1,
    "Corto": "M-E",
    "Largo": "M-E",
    "Nº Cat. Ins.": 1,
    "Categoría inscrita (corto)": "M-E",
    "Categoría inscrita (largo)": "M-E",
    "Pos. Ranking": "",
    "Puntos de ranking": "",
    "Num1": 14003612,
    "Num2": null,
    "Num3": "",
    "Text1": "80168684E",
    "Text2": "A1",
    "Text3": "",
    "Dir. apellidos": "",
    "Dir. nombre": "",
    "Dirección": "",
    "Línea 2": "",
    "CP": "",
    "Dir. ciudad": "",
    "Teléfono": "",
    "Móvil": 644345449,
    "Fax": "",
    "Correo-e": "",
    "Alquilado": "0",
    "Cuota de inscripción": "35,00",
    "Pagado": "0",
    "Id equipo": "",
    "Nombre de equipo": "",
    "Nación de la persona": "",
    "Nº de recorrido": 9001,
    "Recorrido": "R1",
    "km": "20,6",
    "m": 273,
    "Puntos de control": 21,
    "FIELD63": ""
  },
  {
    "OE0001_V12": "",
    "Id. de inscripción": 162682,
    "Dorsal": 112,
    "Dorsal alt.": "",
    "Nº chip": 8522512,
    "Id. de la base de datos": 25818,
    "Id IOF": null,
    "Apellidos": "Vidondo Martínez",
    "Nombre": "Itziar",
    "Fecha de nacimiento": "30.05.1988",
    "AN": 1988,
    "S": "F",
    "Bloque": 2,
    "nc": "0",
    "Salida": "1:13:00",
    "Meta": "",
    "Tiempo": "",
    "Estado clas.": 0,
    "Bonificación -": "",
    "Penalización +": "",
    "Comentario": "",
    "Nº de club": 166,
    "Ciudad": "",
    "Club": "ORIENTIJOTE",
    "Nac": "ESP",
    "Situación": "",
    "Región": "Cuenca",
    "Nº de categoría": 2,
    "Corto": "F-E",
    "Largo": "F-E",
    "Nº Cat. Ins.": 2,
    "Categoría inscrita (corto)": "F-E",
    "Categoría inscrita (largo)": "F-E",
    "Pos. Ranking": "",
    "Puntos de ranking": "",
    "Num1": 25818,
    "Num2": null,
    "Num3": "",
    "Text1": "14311621D",
    "Text2": "A1",
    "Text3": "",
    "Dir. apellidos": "",
    "Dir. nombre": "",
    "Dirección": "",
    "Línea 2": "",
    "CP": "",
    "Dir. ciudad": "",
    "Teléfono": "",
    "Móvil": 629051118,
    "Fax": "",
    "Correo-e": "",
    "Alquilado": "0",
    "Cuota de inscripción": "32,00",
    "Pagado": "0",
    "Id equipo": "",
    "Nombre de equipo": "",
    "Nación de la persona": "",
    "Nº de recorrido": 9003,
    "Recorrido": "R3",
    "km": "17,5",
    "m": 250,
    "Puntos de control": 19,
    "FIELD63": ""
  },
  {
    "OE0001_V12": "",
    "Id. de inscripción": 164071,
    "Dorsal": 107,
    "Dorsal alt.": "",
    "Nº chip": 8103012,
    "Id. de la base de datos": 6022,
    "Id IOF": null,
    "Apellidos": "Bello Rodríguez",
    "Nombre": "Olalla",
    "Fecha de nacimiento": "16.09.1980",
    "AN": 1980,
    "S": "F",
    "Bloque": 8,
    "nc": "0",
    "Salida": "1:15:00",
    "Meta": "",
    "Tiempo": "",
    "Estado clas.": 0,
    "Bonificación -": "",
    "Penalización +": "",
    "Comentario": "",
    "Nº de club": 115,
    "Ciudad": "",
    "Club": "GALLAECIA_RAID",
    "Nac": "ESP",
    "Situación": "",
    "Región": "La Coruña",
    "Nº de categoría": 2,
    "Corto": "F-E",
    "Largo": "F-E",
    "Nº Cat. Ins.": 2,
    "Categoría inscrita (corto)": "F-E",
    "Categoría inscrita (largo)": "F-E",
    "Pos. Ranking": "",
    "Puntos de ranking": "",
    "Num1": 15001069,
    "Num2": null,
    "Num3": "",
    "Text1": "32841598J",
    "Text2": "A1",
    "Text3": "",
    "Dir. apellidos": "",
    "Dir. nombre": "",
    "Dirección": "",
    "Línea 2": "",
    "CP": "",
    "Dir. ciudad": "",
    "Teléfono": "",
    "Móvil": 605036159,
    "Fax": "",
    "Correo-e": "",
    "Alquilado": "0",
    "Cuota de inscripción": "35,00",
    "Pagado": "X",
    "Id equipo": "",
    "Nombre de equipo": "",
    "Nación de la persona": "",
    "Nº de recorrido": 9003,
    "Recorrido": "R3",
    "km": "17,5",
    "m": 250,
    "Puntos de control": 19,
    "FIELD63": ""
  },
  {
    "OE0001_V12": "",
    "Id. de inscripción": 164702,
    "Dorsal": 114,
    "Dorsal alt.": "",
    "Nº chip": 8011636,
    "Id. de la base de datos": 8047,
    "Id IOF": null,
    "Apellidos": "Montes Villar",
    "Nombre": "Veronica",
    "Fecha de nacimiento": "24.11.1983",
    "AN": 1983,
    "S": "F",
    "Bloque": 5,
    "nc": "0",
    "Salida": "1:17:00",
    "Meta": "",
    "Tiempo": "",
    "Estado clas.": 0,
    "Bonificación -": "",
    "Penalización +": "",
    "Comentario": "",
    "Nº de club": 188,
    "Ciudad": "",
    "Club": "OP BETANZOS",
    "Nac": "ESP",
    "Situación": "",
    "Región": "La Coruña",
    "Nº de categoría": 2,
    "Corto": "F-E",
    "Largo": "F-E",
    "Nº Cat. Ins.": 2,
    "Categoría inscrita (corto)": "F-E",
    "Categoría inscrita (largo)": "F-E",
    "Pos. Ranking": "",
    "Puntos de ranking": "",
    "Num1": 15003938,
    "Num2": null,
    "Num3": "",
    "Text1": "09443503W",
    "Text2": "A1",
    "Text3": "",
    "Dir. apellidos": "",
    "Dir. nombre": "",
    "Dirección": "",
    "Línea 2": "",
    "CP": "",
    "Dir. ciudad": "",
    "Teléfono": "",
    "Móvil": 657813874,
    "Fax": "",
    "Correo-e": "",
    "Alquilado": "0",
    "Cuota de inscripción": "41,00",
    "Pagado": "0",
    "Id equipo": "",
    "Nombre de equipo": "",
    "Nación de la persona": "",
    "Nº de recorrido": 9003,
    "Recorrido": "R3",
    "km": "17,5",
    "m": 250,
    "Puntos de control": 19,
    "FIELD63": ""
  },
  {
    "OE0001_V12": "",
    "Id. de inscripción": 163687,
    "Dorsal": 110,
    "Dorsal alt.": "",
    "Nº chip": 8019290,
    "Id. de la base de datos": 13059,
    "Id IOF": null,
    "Apellidos": "García Rodríguez",
    "Nombre": "Nerea",
    "Fecha de nacimiento": "14.07.2001",
    "AN": 2001,
    "S": "F",
    "Bloque": 8,
    "nc": "0",
    "Salida": "1:19:00",
    "Meta": "",
    "Tiempo": "",
    "Estado clas.": 0,
    "Bonificación -": "",
    "Penalización +": "",
    "Comentario": "",
    "Nº de club": 144,
    "Ciudad": "",
    "Club": "ALCOR_EXTREMADURA",
    "Nac": "ESP",
    "Situación": "",
    "Región": "Badajoz",
    "Nº de categoría": 2,
    "Corto": "F-E",
    "Largo": "F-E",
    "Nº Cat. Ins.": 2,
    "Categoría inscrita (corto)": "F-E",
    "Categoría inscrita (largo)": "F-E",
    "Pos. Ranking": "",
    "Puntos de ranking": "",
    "Num1": 6009073,
    "Num2": null,
    "Num3": "",
    "Text1": "07271913A",
    "Text2": "A1",
    "Text3": "",
    "Dir. apellidos": "",
    "Dir. nombre": "",
    "Dirección": "",
    "Línea 2": "",
    "CP": "",
    "Dir. ciudad": "",
    "Teléfono": "",
    "Móvil": 636935808,
    "Fax": "",
    "Correo-e": "",
    "Alquilado": "0",
    "Cuota de inscripción": "20,00",
    "Pagado": "0",
    "Id equipo": "",
    "Nombre de equipo": "",
    "Nación de la persona": "",
    "Nº de recorrido": 9003,
    "Recorrido": "R3",
    "km": "17,5",
    "m": 250,
    "Puntos de control": 19,
    "FIELD63": ""
  },
  {
    "OE0001_V12": "",
    "Id. de inscripción": 164527,
    "Dorsal": 108,
    "Dorsal alt.": "",
    "Nº chip": 8670963,
    "Id. de la base de datos": 10460,
    "Id IOF": null,
    "Apellidos": "Naya Mancebo",
    "Nombre": "Paula",
    "Fecha de nacimiento": "10.06.1982",
    "AN": 1982,
    "S": "F",
    "Bloque": 5,
    "nc": "0",
    "Salida": "1:21:00",
    "Meta": "",
    "Tiempo": "",
    "Estado clas.": 0,
    "Bonificación -": "",
    "Penalización +": "",
    "Comentario": "",
    "Nº de club": 115,
    "Ciudad": "",
    "Club": "GALLAECIA_RAID",
    "Nac": "ESP",
    "Situación": "",
    "Región": "La Coruña",
    "Nº de categoría": 2,
    "Corto": "F-E",
    "Largo": "F-E",
    "Nº Cat. Ins.": 2,
    "Categoría inscrita (corto)": "F-E",
    "Categoría inscrita (largo)": "F-E",
    "Pos. Ranking": "",
    "Puntos de ranking": "",
    "Num1": 15006553,
    "Num2": null,
    "Num3": "",
    "Text1": "46917819G",
    "Text2": "A1",
    "Text3": "",
    "Dir. apellidos": "",
    "Dir. nombre": "",
    "Dirección": "",
    "Línea 2": "",
    "CP": "",
    "Dir. ciudad": "",
    "Teléfono": "",
    "Móvil": 669243013,
    "Fax": "",
    "Correo-e": "",
    "Alquilado": "0",
    "Cuota de inscripción": "32,00",
    "Pagado": "0",
    "Id equipo": "",
    "Nombre de equipo": "",
    "Nación de la persona": "",
    "Nº de recorrido": 9003,
    "Recorrido": "R3",
    "km": "17,5",
    "m": 250,
    "Puntos de control": 19,
    "FIELD63": ""
  },
  {
    "OE0001_V12": "",
    "Id. de inscripción": 163969,
    "Dorsal": 101,
    "Dorsal alt.": "",
    "Nº chip": 8659366,
    "Id. de la base de datos": 13051,
    "Id IOF": null,
    "Apellidos": "Miranda Guerrero",
    "Nombre": "Miriam",
    "Fecha de nacimiento": "20.04.1981",
    "AN": 1981,
    "S": "F",
    "Bloque": 8,
    "nc": "0",
    "Salida": "1:23:00",
    "Meta": "",
    "Tiempo": "",
    "Estado clas.": 0,
    "Bonificación -": "",
    "Penalización +": "",
    "Comentario": "",
    "Nº de club": 8,
    "Ciudad": "",
    "Club": "ALTAIR",
    "Nac": "ESP",
    "Situación": "",
    "Región": "Cáceres",
    "Nº de categoría": 2,
    "Corto": "F-E",
    "Largo": "F-E",
    "Nº Cat. Ins.": 2,
    "Categoría inscrita (corto)": "F-E",
    "Categoría inscrita (largo)": "F-E",
    "Pos. Ranking": "",
    "Puntos de ranking": "",
    "Num1": 10009065,
    "Num2": null,
    "Num3": "",
    "Text1": "80072616W",
    "Text2": "A1",
    "Text3": "",
    "Dir. apellidos": "",
    "Dir. nombre": "",
    "Dirección": "",
    "Línea 2": "",
    "CP": "",
    "Dir. ciudad": "",
    "Teléfono": "",
    "Móvil": 636327373,
    "Fax": "",
    "Correo-e": "",
    "Alquilado": "0",
    "Cuota de inscripción": "32,00",
    "Pagado": "0",
    "Id equipo": "",
    "Nombre de equipo": "",
    "Nación de la persona": "",
    "Nº de recorrido": 9003,
    "Recorrido": "R3",
    "km": "17,5",
    "m": 250,
    "Puntos de control": 19,
    "FIELD63": ""
  },
  {
    "OE0001_V12": "",
    "Id. de inscripción": null,
    "Dorsal": 116,
    "Dorsal alt.": "",
    "Nº chip": 8629150,
    "Id. de la base de datos": 3445,
    "Id IOF": 5390,
    "Apellidos": "Silva",
    "Nombre": "Ana Filipa",
    "Fecha de nacimiento": "01.01.1990",
    "AN": 1990,
    "S": "F",
    "Bloque": 5,
    "nc": "0",
    "Salida": "1:25:00",
    "Meta": "",
    "Tiempo": "",
    "Estado clas.": 0,
    "Bonificación -": "",
    "Penalización +": "",
    "Comentario": "",
    "Nº de club": 1020,
    "Ciudad": "",
    "Club": "PORTUGAL TEAM",
    "Nac": "POR",
    "Situación": "",
    "Región": "",
    "Nº de categoría": 2,
    "Corto": "F-E",
    "Largo": "F-E",
    "Nº Cat. Ins.": 2,
    "Categoría inscrita (corto)": "F-E",
    "Categoría inscrita (largo)": "F-E",
    "Pos. Ranking": "",
    "Puntos de ranking": "",
    "Num1": null,
    "Num2": null,
    "Num3": "",
    "Text1": "",
    "Text2": "",
    "Text3": "POR",
    "Dir. apellidos": "",
    "Dir. nombre": "",
    "Dirección": "",
    "Línea 2": "",
    "CP": "",
    "Dir. ciudad": "",
    "Teléfono": "",
    "Móvil": null,
    "Fax": "",
    "Correo-e": "",
    "Alquilado": "0",
    "Cuota de inscripción": "0,00",
    "Pagado": "0",
    "Id equipo": "",
    "Nombre de equipo": "",
    "Nación de la persona": "",
    "Nº de recorrido": 9003,
    "Recorrido": "R3",
    "km": "17,5",
    "m": 250,
    "Puntos de control": 19,
    "FIELD63": ""
  },
  {
    "OE0001_V12": "",
    "Id. de inscripción": 163565,
    "Dorsal": 113,
    "Dorsal alt.": "",
    "Nº chip": 8657222,
    "Id. de la base de datos": 9722,
    "Id IOF": null,
    "Apellidos": "Delgado Gonzalez",
    "Nombre": "Maria Del Mar",
    "Fecha de nacimiento": "23.07.1989",
    "AN": 1989,
    "S": "F",
    "Bloque": 8,
    "nc": "0",
    "Salida": "1:27:00",
    "Meta": "",
    "Tiempo": "",
    "Estado clas.": 0,
    "Bonificación -": "",
    "Penalización +": "",
    "Comentario": "",
    "Nº de club": 188,
    "Ciudad": "",
    "Club": "OP BETANZOS",
    "Nac": "ESP",
    "Situación": "",
    "Región": "La Coruña",
    "Nº de categoría": 2,
    "Corto": "F-E",
    "Largo": "F-E",
    "Nº Cat. Ins.": 2,
    "Categoría inscrita (corto)": "F-E",
    "Categoría inscrita (largo)": "F-E",
    "Pos. Ranking": "",
    "Puntos de ranking": "",
    "Num1": 15005827,
    "Num2": null,
    "Num3": "",
    "Text1": "53732902A",
    "Text2": "A1",
    "Text3": "",
    "Dir. apellidos": "",
    "Dir. nombre": "",
    "Dirección": "",
    "Línea 2": "",
    "CP": "",
    "Dir. ciudad": "",
    "Teléfono": "",
    "Móvil": 622097100,
    "Fax": "",
    "Correo-e": "",
    "Alquilado": "0",
    "Cuota de inscripción": "32,00",
    "Pagado": "0",
    "Id equipo": "",
    "Nombre de equipo": "",
    "Nación de la persona": "",
    "Nº de recorrido": 9003,
    "Recorrido": "R3",
    "km": "17,5",
    "m": 250,
    "Puntos de control": 19,
    "FIELD63": ""
  },
  {
    "OE0001_V12": "",
    "Id. de inscripción": 163366,
    "Dorsal": 103,
    "Dorsal alt.": "",
    "Nº chip": 8657266,
    "Id. de la base de datos": 11201,
    "Id IOF": null,
    "Apellidos": "Rico Arechaederra",
    "Nombre": "Cristina",
    "Fecha de nacimiento": "04.01.1982",
    "AN": 1982,
    "S": "F",
    "Bloque": 5,
    "nc": "0",
    "Salida": "1:29:00",
    "Meta": "",
    "Tiempo": "",
    "Estado clas.": 0,
    "Bonificación -": "",
    "Penalización +": "",
    "Comentario": "",
    "Nº de club": 21,
    "Ciudad": "",
    "Club": "COBI",
    "Nac": "ESP",
    "Situación": "",
    "Región": "Vizcaya",
    "Nº de categoría": 2,
    "Corto": "F-E",
    "Largo": "F-E",
    "Nº Cat. Ins.": 2,
    "Categoría inscrita (corto)": "F-E",
    "Categoría inscrita (largo)": "F-E",
    "Pos. Ranking": "",
    "Puntos de ranking": "",
    "Num1": 48007274,
    "Num2": null,
    "Num3": "",
    "Text1": "78894249V",
    "Text2": "A1",
    "Text3": "",
    "Dir. apellidos": "",
    "Dir. nombre": "",
    "Dirección": "",
    "Línea 2": "",
    "CP": "",
    "Dir. ciudad": "",
    "Teléfono": "",
    "Móvil": 619089713,
    "Fax": "",
    "Correo-e": "",
    "Alquilado": "0",
    "Cuota de inscripción": "35,00",
    "Pagado": "X",
    "Id equipo": "",
    "Nombre de equipo": "",
    "Nación de la persona": "",
    "Nº de recorrido": 9003,
    "Recorrido": "R3",
    "km": "17,5",
    "m": 250,
    "Puntos de control": 19,
    "FIELD63": ""
  },
  {
    "OE0001_V12": "",
    "Id. de inscripción": 164040,
    "Dorsal": 115,
    "Dorsal alt.": "",
    "Nº chip": 8670267,
    "Id. de la base de datos": 8295,
    "Id IOF": null,
    "Apellidos": "Pizarro Corral",
    "Nombre": "Esther",
    "Fecha de nacimiento": "16.08.1978",
    "AN": 1978,
    "S": "F",
    "Bloque": 8,
    "nc": "0",
    "Salida": "1:31:00",
    "Meta": "",
    "Tiempo": "",
    "Estado clas.": 0,
    "Bonificación -": "",
    "Penalización +": "",
    "Comentario": "",
    "Nº de club": 224,
    "Ciudad": "",
    "Club": "ITACA",
    "Nac": "ESP",
    "Situación": "",
    "Región": "Badajoz",
    "Nº de categoría": 2,
    "Corto": "F-E",
    "Largo": "F-E",
    "Nº Cat. Ins.": 2,
    "Categoría inscrita (corto)": "F-E",
    "Categoría inscrita (largo)": "F-E",
    "Pos. Ranking": "",
    "Puntos de ranking": "",
    "Num1": 6004185,
    "Num2": null,
    "Num3": "",
    "Text1": "05675041K",
    "Text2": "A1",
    "Text3": "",
    "Dir. apellidos": "",
    "Dir. nombre": "",
    "Dirección": "",
    "Línea 2": "",
    "CP": "",
    "Dir. ciudad": "",
    "Teléfono": "",
    "Móvil": 667651362,
    "Fax": "",
    "Correo-e": "",
    "Alquilado": "0",
    "Cuota de inscripción": "32,00",
    "Pagado": "0",
    "Id equipo": "",
    "Nombre de equipo": "",
    "Nación de la persona": "",
    "Nº de recorrido": 9003,
    "Recorrido": "R3",
    "km": "17,5",
    "m": 250,
    "Puntos de control": 19,
    "FIELD63": ""
  },
  {
    "OE0001_V12": "",
    "Id. de inscripción": 163012,
    "Dorsal": 102,
    "Dorsal alt.": "",
    "Nº chip": 8019261,
    "Id. de la base de datos": 11460,
    "Id IOF": null,
    "Apellidos": "Cuesta Santamaria",
    "Nombre": "Mercedes",
    "Fecha de nacimiento": "28.01.1976",
    "AN": 1976,
    "S": "F",
    "Bloque": 10,
    "nc": "0",
    "Salida": "1:33:00",
    "Meta": "",
    "Tiempo": "",
    "Estado clas.": 0,
    "Bonificación -": "",
    "Penalización +": "",
    "Comentario": "",
    "Nº de club": 21,
    "Ciudad": "",
    "Club": "COBI",
    "Nac": "ESP",
    "Situación": "",
    "Región": "Vizcaya",
    "Nº de categoría": 2,
    "Corto": "F-E",
    "Largo": "F-E",
    "Nº Cat. Ins.": 2,
    "Categoría inscrita (corto)": "F-E",
    "Categoría inscrita (largo)": "F-E",
    "Pos. Ranking": "",
    "Puntos de ranking": "",
    "Num1": 48007522,
    "Num2": null,
    "Num3": "",
    "Text1": "78889019P",
    "Text2": "A1",
    "Text3": "",
    "Dir. apellidos": "",
    "Dir. nombre": "",
    "Dirección": "",
    "Línea 2": "",
    "CP": "",
    "Dir. ciudad": "",
    "Teléfono": "",
    "Móvil": 649523584,
    "Fax": "",
    "Correo-e": "",
    "Alquilado": "0",
    "Cuota de inscripción": "35,00",
    "Pagado": "X",
    "Id equipo": "",
    "Nombre de equipo": "",
    "Nación de la persona": "",
    "Nº de recorrido": 9003,
    "Recorrido": "R3",
    "km": "17,5",
    "m": 250,
    "Puntos de control": 19,
    "FIELD63": ""
  },
  {
    "OE0001_V12": "",
    "Id. de inscripción": 163863,
    "Dorsal": 109,
    "Dorsal alt.": "",
    "Nº chip": 8301201,
    "Id. de la base de datos": 12743,
    "Id IOF": null,
    "Apellidos": "Yllan Ortiz",
    "Nombre": "Elena",
    "Fecha de nacimiento": "30.12.2001",
    "AN": 2001,
    "S": "F",
    "Bloque": 8,
    "nc": "0",
    "Salida": "1:35:00",
    "Meta": "",
    "Tiempo": "",
    "Estado clas.": 0,
    "Bonificación -": "",
    "Penalización +": "",
    "Comentario": "",
    "Nº de club": 137,
    "Ciudad": "",
    "Club": "ALABARDA-O",
    "Nac": "ESP",
    "Situación": "",
    "Región": "Madrid",
    "Nº de categoría": 2,
    "Corto": "F-E",
    "Largo": "F-E",
    "Nº Cat. Ins.": 2,
    "Categoría inscrita (corto)": "F-E",
    "Categoría inscrita (largo)": "F-E",
    "Pos. Ranking": "",
    "Puntos de ranking": "",
    "Num1": 28008771,
    "Num2": null,
    "Num3": "",
    "Text1": "50347276T",
    "Text2": "A1",
    "Text3": "",
    "Dir. apellidos": "",
    "Dir. nombre": "",
    "Dirección": "",
    "Línea 2": "",
    "CP": "",
    "Dir. ciudad": "",
    "Teléfono": "",
    "Móvil": 634591813,
    "Fax": "",
    "Correo-e": "",
    "Alquilado": "0",
    "Cuota de inscripción": "32,00",
    "Pagado": "0",
    "Id equipo": "",
    "Nombre de equipo": "",
    "Nación de la persona": "",
    "Nº de recorrido": 9003,
    "Recorrido": "R3",
    "km": "17,5",
    "m": 250,
    "Puntos de control": 19,
    "FIELD63": ""
  },
  {
    "OE0001_V12": "",
    "Id. de inscripción": 164110,
    "Dorsal": 111,
    "Dorsal alt.": "",
    "Nº chip": 8670675,
    "Id. de la base de datos": 10083,
    "Id IOF": null,
    "Apellidos": "Shoemaker",
    "Nombre": "Ashley Danielle",
    "Fecha de nacimiento": "20.07.1984",
    "AN": 1984,
    "S": "F",
    "Bloque": 10,
    "nc": "0",
    "Salida": "1:37:00",
    "Meta": "",
    "Tiempo": "",
    "Estado clas.": 0,
    "Bonificación -": "",
    "Penalización +": "",
    "Comentario": "",
    "Nº de club": 160,
    "Ciudad": "",
    "Club": "COHU",
    "Nac": "ESP",
    "Situación": "",
    "Región": "Huelva",
    "Nº de categoría": 2,
    "Corto": "F-E",
    "Largo": "F-E",
    "Nº Cat. Ins.": 2,
    "Categoría inscrita (corto)": "F-E",
    "Categoría inscrita (largo)": "F-E",
    "Pos. Ranking": "",
    "Puntos de ranking": "",
    "Num1": 11006190,
    "Num2": null,
    "Num3": "",
    "Text1": "Y3121891T",
    "Text2": "A1",
    "Text3": "ESP",
    "Dir. apellidos": "",
    "Dir. nombre": "",
    "Dirección": "",
    "Línea 2": "",
    "CP": "",
    "Dir. ciudad": "",
    "Teléfono": "",
    "Móvil": 674715978,
    "Fax": "",
    "Correo-e": "",
    "Alquilado": "0",
    "Cuota de inscripción": "35,00",
    "Pagado": "0",
    "Id equipo": "",
    "Nombre de equipo": "",
    "Nación de la persona": "",
    "Nº de recorrido": 9003,
    "Recorrido": "R3",
    "km": "17,5",
    "m": 250,
    "Puntos de control": 19,
    "FIELD63": ""
  },
  {
    "OE0001_V12": "",
    "Id. de inscripción": 163766,
    "Dorsal": 106,
    "Dorsal alt.": "",
    "Nº chip": 8516556,
    "Id. de la base de datos": 3939,
    "Id IOF": null,
    "Apellidos": "Arina Andueza",
    "Nombre": "Miren",
    "Fecha de nacimiento": "19.09.1988",
    "AN": 1988,
    "S": "F",
    "Bloque": 98,
    "nc": "0",
    "Salida": "1:39:00",
    "Meta": "",
    "Tiempo": "",
    "Estado clas.": 0,
    "Bonificación -": "",
    "Penalización +": "",
    "Comentario": "",
    "Nº de club": 92,
    "Ciudad": "",
    "Club": "PEÑA_GUARA",
    "Nac": "ESP",
    "Situación": "",
    "Región": "Huesca",
    "Nº de categoría": 2,
    "Corto": "F-E",
    "Largo": "F-E",
    "Nº Cat. Ins.": 2,
    "Categoría inscrita (corto)": "F-E",
    "Categoría inscrita (largo)": "F-E",
    "Pos. Ranking": "",
    "Puntos de ranking": "",
    "Num1": 22000823,
    "Num2": null,
    "Num3": "",
    "Text1": "72802873F",
    "Text2": "A1",
    "Text3": "",
    "Dir. apellidos": "",
    "Dir. nombre": "",
    "Dirección": "",
    "Línea 2": "",
    "CP": "",
    "Dir. ciudad": "",
    "Teléfono": "",
    "Móvil": 686840057,
    "Fax": "",
    "Correo-e": "",
    "Alquilado": "0",
    "Cuota de inscripción": "32,00",
    "Pagado": "0",
    "Id equipo": "",
    "Nombre de equipo": "",
    "Nación de la persona": "",
    "Nº de recorrido": 9003,
    "Recorrido": "R3",
    "km": "17,5",
    "m": 250,
    "Puntos de control": 19,
    "FIELD63": ""
  },
  {
    "OE0001_V12": "",
    "Id. de inscripción": null,
    "Dorsal": null,
    "Dorsal alt.": "",
    "Nº chip": null,
    "Id. de la base de datos": null,
    "Id IOF": null,
    "Apellidos": "Vacante",
    "Nombre": "",
    "Fecha de nacimiento": "",
    "AN": null,
    "S": "F",
    "Bloque": null,
    "nc": "0",
    "Salida": "1:41:00",
    "Meta": "",
    "Tiempo": "",
    "Estado clas.": 0,
    "Bonificación -": "",
    "Penalización +": "",
    "Comentario": "",
    "Nº de club": 0,
    "Ciudad": "",
    "Club": "Vacante",
    "Nac": "",
    "Situación": "",
    "Región": "",
    "Nº de categoría": 2,
    "Corto": "F-E",
    "Largo": "F-E",
    "Nº Cat. Ins.": null,
    "Categoría inscrita (corto)": "",
    "Categoría inscrita (largo)": "",
    "Pos. Ranking": "",
    "Puntos de ranking": "",
    "Num1": null,
    "Num2": null,
    "Num3": "",
    "Text1": "",
    "Text2": "",
    "Text3": "",
    "Dir. apellidos": "",
    "Dir. nombre": "",
    "Dirección": "",
    "Línea 2": "",
    "CP": "",
    "Dir. ciudad": "",
    "Teléfono": "",
    "Móvil": null,
    "Fax": "",
    "Correo-e": "",
    "Alquilado": "0",
    "Cuota de inscripción": "",
    "Pagado": "0",
    "Id equipo": "",
    "Nombre de equipo": "",
    "Nación de la persona": "",
    "Nº de recorrido": 9003,
    "Recorrido": "R3",
    "km": "17,5",
    "m": 250,
    "Puntos de control": 19,
    "FIELD63": ""
  },
  {
    "OE0001_V12": "",
    "Id. de inscripción": 163383,
    "Dorsal": 105,
    "Dorsal alt.": "",
    "Nº chip": 8237654,
    "Id. de la base de datos": 19449,
    "Id IOF": 46011,
    "Apellidos": "Lüscher Alemany",
    "Nombre": "Jana",
    "Fecha de nacimiento": "24.07.2000",
    "AN": 2000,
    "S": "F",
    "Bloque": 99,
    "nc": "0",
    "Salida": "1:43:00",
    "Meta": "",
    "Tiempo": "",
    "Estado clas.": 0,
    "Bonificación -": "",
    "Penalización +": "",
    "Comentario": "",
    "Nº de club": 77,
    "Ciudad": "",
    "Club": "UEVIC",
    "Nac": "ESP",
    "Situación": "",
    "Región": "Barcelona",
    "Nº de categoría": 2,
    "Corto": "F-E",
    "Largo": "F-E",
    "Nº Cat. Ins.": 2,
    "Categoría inscrita (corto)": "F-E",
    "Categoría inscrita (largo)": "F-E",
    "Pos. Ranking": "",
    "Puntos de ranking": "",
    "Num1": 19449,
    "Num2": 46011,
    "Num3": "",
    "Text1": "49656242R",
    "Text2": "A1",
    "Text3": "",
    "Dir. apellidos": "",
    "Dir. nombre": "",
    "Dirección": "",
    "Línea 2": "",
    "CP": "",
    "Dir. ciudad": "",
    "Teléfono": "",
    "Móvil": 662252207,
    "Fax": "",
    "Correo-e": "",
    "Alquilado": "0",
    "Cuota de inscripción": "35,00",
    "Pagado": "0",
    "Id equipo": "",
    "Nombre de equipo": "",
    "Nación de la persona": "",
    "Nº de recorrido": 9003,
    "Recorrido": "R3",
    "km": "17,5",
    "m": 250,
    "Puntos de control": 19,
    "FIELD63": ""
  },
  {
    "OE0001_V12": "",
    "Id. de inscripción": null,
    "Dorsal": null,
    "Dorsal alt.": "",
    "Nº chip": null,
    "Id. de la base de datos": null,
    "Id IOF": null,
    "Apellidos": "Vacante",
    "Nombre": "",
    "Fecha de nacimiento": "",
    "AN": null,
    "S": "F",
    "Bloque": null,
    "nc": "0",
    "Salida": "1:45:00",
    "Meta": "",
    "Tiempo": "",
    "Estado clas.": 0,
    "Bonificación -": "",
    "Penalización +": "",
    "Comentario": "",
    "Nº de club": 0,
    "Ciudad": "",
    "Club": "Vacante",
    "Nac": "",
    "Situación": "",
    "Región": "",
    "Nº de categoría": 2,
    "Corto": "F-E",
    "Largo": "F-E",
    "Nº Cat. Ins.": null,
    "Categoría inscrita (corto)": "",
    "Categoría inscrita (largo)": "",
    "Pos. Ranking": "",
    "Puntos de ranking": "",
    "Num1": null,
    "Num2": null,
    "Num3": "",
    "Text1": "",
    "Text2": "",
    "Text3": "",
    "Dir. apellidos": "",
    "Dir. nombre": "",
    "Dirección": "",
    "Línea 2": "",
    "CP": "",
    "Dir. ciudad": "",
    "Teléfono": "",
    "Móvil": null,
    "Fax": "",
    "Correo-e": "",
    "Alquilado": "0",
    "Cuota de inscripción": "",
    "Pagado": "0",
    "Id equipo": "",
    "Nombre de equipo": "",
    "Nación de la persona": "",
    "Nº de recorrido": 9003,
    "Recorrido": "R3",
    "km": "17,5",
    "m": 250,
    "Puntos de control": 19,
    "FIELD63": ""
  },
  {
    "OE0001_V12": "",
    "Id. de inscripción": 163432,
    "Dorsal": 104,
    "Dorsal alt.": "",
    "Nº chip": 8050174,
    "Id. de la base de datos": 459,
    "Id IOF": 40,
    "Apellidos": "Aguilera Viladomiu",
    "Nombre": "Mònica",
    "Fecha de nacimiento": "05.01.1974",
    "AN": 1974,
    "S": "F",
    "Bloque": 100,
    "nc": "0",
    "Salida": "1:47:00",
    "Meta": "",
    "Tiempo": "",
    "Estado clas.": 0,
    "Bonificación -": "",
    "Penalización +": "",
    "Comentario": "",
    "Nº de club": 22,
    "Ciudad": "",
    "Club": "COC",
    "Nac": "ESP",
    "Situación": "",
    "Región": "Barcelona",
    "Nº de categoría": 2,
    "Corto": "F-E",
    "Largo": "F-E",
    "Nº Cat. Ins.": 2,
    "Categoría inscrita (corto)": "F-E",
    "Categoría inscrita (largo)": "F-E",
    "Pos. Ranking": "",
    "Puntos de ranking": "",
    "Num1": 8003387,
    "Num2": 40,
    "Num3": "",
    "Text1": "46236773B",
    "Text2": "A1",
    "Text3": "",
    "Dir. apellidos": "",
    "Dir. nombre": "",
    "Dirección": "",
    "Línea 2": "",
    "CP": "",
    "Dir. ciudad": "",
    "Teléfono": "",
    "Móvil": 620133798,
    "Fax": "",
    "Correo-e": "",
    "Alquilado": "0",
    "Cuota de inscripción": "32,00",
    "Pagado": "0",
    "Id equipo": "",
    "Nombre de equipo": "",
    "Nación de la persona": "",
    "Nº de recorrido": 9003,
    "Recorrido": "R3",
    "km": "17,5",
    "m": 250,
    "Puntos de control": 19,
    "FIELD63": ""
  }
 ]