[
 {
   "OE0001": "",
   "Dorsal": 46,
   "Dorsal alt.": "",
   "Nº chip": 461491,
   "Id. de la base de datos": 26873,
   "Apellidos": "Haynes Haynes",
   "Nombre": "James",
   "AN": 1993,
   "S": "M",
   "Bloque": 2,
   "nc": 0,
   "Salida": "0:52:00",
   "Meta": "",
   "Tiempo": "",
   "Estado clas.": 0,
   "Bonificación -": "",
   "Penalización +": "",
   "Comentario": "",
   "Nº de club": 999,
   "Ciudad": "FEDO",
   "Club": "FEDO",
   "Nac": "ESP",
   "Situación": "",
   "Región": "",
   "Nº de categoría": 51,
   "Corto": "M-E",
   "Largo": "M-E",
   "Nº Cat. Ins.": 51,
   "Categoría inscrita (corto)": "M-E",
   "Categoría inscrita (largo)": "M-E",
   "Pos. Ranking": "",
   "Puntos de ranking": "",
   "Num1": 0,
   "Num2": null,
   "Num3": "",
   "Text1": "532462675",
   "Text2": "",
   "Text3": "",
   "Dir. apellidos": "",
   "Dir. nombre": "",
   "Dirección": "",
   "Línea 2": "",
   "CP": "",
   "Dir. ciudad": "",
   "Teléfono": "",
   "Móvil": "4,48E+11",
   "Fax": "",
   "Correo-e": "",
   "Alquilado": "0",
   "Cuota de inscripción": "35,00",
   "Pagado": "X",
   "Equipo": "",
   "Nº de recorrido": "",
   "Recorrido": "",
   "km": "",
   "m": "",
   "Puntos de control": "",
   "FIELD58": ""
 },
 {
   "OE0001": "",
   "Dorsal": 45,
   "Dorsal alt.": "",
   "Nº chip": 8343244,
   "Id. de la base de datos": 693443,
   "Apellidos": "Weber",
   "Nombre": "Jonas Falck",
   "AN": null,
   "S": "M",
   "Bloque": 2,
   "nc": 0,
   "Salida": "0:54:00",
   "Meta": "",
   "Tiempo": "",
   "Estado clas.": 0,
   "Bonificación -": "",
   "Penalización +": "",
   "Comentario": "",
   "Nº de club": 138152,
   "Ciudad": "Tisvilde Hegn OK",
   "Club": "Tisvilde Hegn OK",
   "Nac": "DEN",
   "Situación": "",
   "Región": "",
   "Nº de categoría": 51,
   "Corto": "M-E",
   "Largo": "M-E",
   "Nº Cat. Ins.": 51,
   "Categoría inscrita (corto)": "M-E",
   "Categoría inscrita (largo)": "M-E",
   "Pos. Ranking": "",
   "Puntos de ranking": "",
   "Num1": null,
   "Num2": null,
   "Num3": "",
   "Text1": "",
   "Text2": "",
   "Text3": "",
   "Dir. apellidos": "",
   "Dir. nombre": "",
   "Dirección": "",
   "Línea 2": "",
   "CP": "",
   "Dir. ciudad": "",
   "Teléfono": "",
   "Móvil": "nan",
   "Fax": "",
   "Correo-e": "",
   "Alquilado": "0",
   "Cuota de inscripción": "25,00",
   "Pagado": "0",
   "Equipo": "",
   "Nº de recorrido": "",
   "Recorrido": "",
   "km": "",
   "m": "",
   "Puntos de control": "",
   "FIELD58": ""
 },
 {
   "OE0001": "",
   "Dorsal": 44,
   "Dorsal alt.": "",
   "Nº chip": null,
   "Id. de la base de datos": 26881,
   "Apellidos": "Sanchez Uribe",
   "Nombre": "Juan Daniel",
   "AN": 1996,
   "S": "M",
   "Bloque": 2,
   "nc": 0,
   "Salida": "0:56:00",
   "Meta": "",
   "Tiempo": "",
   "Estado clas.": 0,
   "Bonificación -": "",
   "Penalización +": "",
   "Comentario": "",
   "Nº de club": 197,
   "Ciudad": "Madrid",
   "Club": "ESCONDITE-M",
   "Nac": "ESP",
   "Situación": "",
   "Región": "",
   "Nº de categoría": 51,
   "Corto": "M-E",
   "Largo": "M-E",
   "Nº Cat. Ins.": 51,
   "Categoría inscrita (corto)": "M-E",
   "Categoría inscrita (largo)": "M-E",
   "Pos. Ranking": "",
   "Puntos de ranking": "",
   "Num1": 26881,
   "Num2": null,
   "Num3": "",
   "Text1": "Z0322172Q",
   "Text2": "A2",
   "Text3": "",
   "Dir. apellidos": "",
   "Dir. nombre": "",
   "Dirección": "",
   "Línea 2": "",
   "CP": "",
   "Dir. ciudad": "",
   "Teléfono": "",
   "Móvil": "692323824",
   "Fax": "",
   "Correo-e": "",
   "Alquilado": "X",
   "Cuota de inscripción": "23,00",
   "Pagado": "0",
   "Equipo": "",
   "Nº de recorrido": "",
   "Recorrido": "",
   "km": "",
   "m": "",
   "Puntos de control": "",
   "FIELD58": ""
 },
 {
   "OE0001": "",
   "Dorsal": 43,
   "Dorsal alt.": "",
   "Nº chip": 8261626,
   "Id. de la base de datos": 26196,
   "Apellidos": "Short",
   "Nombre": "Conor",
   "AN": 1992,
   "S": "M",
   "Bloque": 2,
   "nc": 0,
   "Salida": "0:58:00",
   "Meta": "",
   "Tiempo": "",
   "Estado clas.": 0,
   "Bonificación -": "",
   "Penalización +": "",
   "Comentario": "",
   "Nº de club": 999,
   "Ciudad": "FEDO",
   "Club": "FEDO",
   "Nac": "ESP",
   "Situación": "",
   "Región": "",
   "Nº de categoría": 51,
   "Corto": "M-E",
   "Largo": "M-E",
   "Nº Cat. Ins.": 51,
   "Categoría inscrita (corto)": "M-E",
   "Categoría inscrita (largo)": "M-E",
   "Pos. Ranking": "",
   "Puntos de ranking": "",
   "Num1": 0,
   "Num2": null,
   "Num3": "",
   "Text1": "Z0586455Y",
   "Text2": "",
   "Text3": "",
   "Dir. apellidos": "",
   "Dir. nombre": "",
   "Dirección": "",
   "Línea 2": "",
   "CP": "",
   "Dir. ciudad": "",
   "Teléfono": "",
   "Móvil": "647045607",
   "Fax": "",
   "Correo-e": "",
   "Alquilado": "0",
   "Cuota de inscripción": "33,00",
   "Pagado": "X",
   "Equipo": "",
   "Nº de recorrido": "",
   "Recorrido": "",
   "km": "",
   "m": "",
   "Puntos de control": "",
   "FIELD58": ""
 },
 {
   "OE0001": "",
   "Dorsal": 42,
   "Dorsal alt.": "",
   "Nº chip": 8190296,
   "Id. de la base de datos": 21562,
   "Apellidos": "Delenne",
   "Nombre": "Adrien",
   "AN": 1996,
   "S": "M",
   "Bloque": 2,
   "nc": 0,
   "Salida": "1:00:00",
   "Meta": "",
   "Tiempo": "",
   "Estado clas.": 0,
   "Bonificación -": "",
   "Penalización +": "",
   "Comentario": "",
   "Nº de club": 117,
   "Ciudad": "Cáceres",
   "Club": "VIA_PLATA",
   "Nac": "ESP",
   "Situación": "",
   "Región": "",
   "Nº de categoría": 51,
   "Corto": "M-E",
   "Largo": "M-E",
   "Nº Cat. Ins.": 51,
   "Categoría inscrita (corto)": "M-E",
   "Categoría inscrita (largo)": "M-E",
   "Pos. Ranking": "",
   "Puntos de ranking": "",
   "Num1": 21562,
   "Num2": 19918,
   "Num3": "",
   "Text1": "14CY23796",
   "Text2": "A2",
   "Text3": "",
   "Dir. apellidos": "",
   "Dir. nombre": "",
   "Dirección": "",
   "Línea 2": "",
   "CP": "",
   "Dir. ciudad": "",
   "Teléfono": "",
   "Móvil": "33604534181",
   "Fax": "",
   "Correo-e": "",
   "Alquilado": "0",
   "Cuota de inscripción": "20,00",
   "Pagado": "X",
   "Equipo": "",
   "Nº de recorrido": "",
   "Recorrido": "",
   "km": "",
   "m": "",
   "Puntos de control": "",
   "FIELD58": ""
 },
 {
   "OE0001": "",
   "Dorsal": 41,
   "Dorsal alt.": "",
   "Nº chip": 8228833,
   "Id. de la base de datos": 695334,
   "Apellidos": "Kirkeby",
   "Nombre": "Jacob",
   "AN": null,
   "S": "M",
   "Bloque": 2,
   "nc": 0,
   "Salida": "1:02:00",
   "Meta": "",
   "Tiempo": "",
   "Estado clas.": 0,
   "Bonificación -": "",
   "Penalización +": "",
   "Comentario": "",
   "Nº de club": 138152,
   "Ciudad": "Tisvilde Hegn OK",
   "Club": "Tisvilde Hegn OK",
   "Nac": "DEN",
   "Situación": "",
   "Región": "",
   "Nº de categoría": 51,
   "Corto": "M-E",
   "Largo": "M-E",
   "Nº Cat. Ins.": 51,
   "Categoría inscrita (corto)": "M-E",
   "Categoría inscrita (largo)": "M-E",
   "Pos. Ranking": "",
   "Puntos de ranking": "",
   "Num1": null,
   "Num2": null,
   "Num3": "",
   "Text1": "",
   "Text2": "",
   "Text3": "",
   "Dir. apellidos": "",
   "Dir. nombre": "",
   "Dirección": "",
   "Línea 2": "",
   "CP": "",
   "Dir. ciudad": "",
   "Teléfono": "",
   "Móvil": "nan",
   "Fax": "",
   "Correo-e": "",
   "Alquilado": "0",
   "Cuota de inscripción": "25,00",
   "Pagado": "0",
   "Equipo": "",
   "Nº de recorrido": "",
   "Recorrido": "",
   "km": "",
   "m": "",
   "Puntos de control": "",
   "FIELD58": ""
 },
 {
   "OE0001": "",
   "Dorsal": 40,
   "Dorsal alt.": "",
   "Nº chip": 8411001,
   "Id. de la base de datos": 26850,
   "Apellidos": "Moran Moran",
   "Nombre": "Colm",
   "AN": 1992,
   "S": "M",
   "Bloque": 2,
   "nc": 0,
   "Salida": "1:04:00",
   "Meta": "",
   "Tiempo": "",
   "Estado clas.": 0,
   "Bonificación -": "",
   "Penalización +": "",
   "Comentario": "",
   "Nº de club": 999,
   "Ciudad": "FEDO",
   "Club": "FEDO",
   "Nac": "ESP",
   "Situación": "",
   "Región": "",
   "Nº de categoría": 51,
   "Corto": "M-E",
   "Largo": "M-E",
   "Nº Cat. Ins.": 51,
   "Categoría inscrita (corto)": "M-E",
   "Categoría inscrita (largo)": "M-E",
   "Pos. Ranking": "",
   "Puntos de ranking": "",
   "Num1": 0,
   "Num2": 13814,
   "Num3": "",
   "Text1": "PV4584021",
   "Text2": "",
   "Text3": "",
   "Dir. apellidos": "",
   "Dir. nombre": "",
   "Dirección": "",
   "Línea 2": "",
   "CP": "",
   "Dir. ciudad": "",
   "Teléfono": "",
   "Móvil": "872269254",
   "Fax": "",
   "Correo-e": "",
   "Alquilado": "0",
   "Cuota de inscripción": "25,00",
   "Pagado": "X",
   "Equipo": "",
   "Nº de recorrido": "",
   "Recorrido": "",
   "km": "",
   "m": "",
   "Puntos de control": "",
   "FIELD58": ""
 },
 {
   "OE0001": "",
   "Dorsal": 39,
   "Dorsal alt.": "",
   "Nº chip": 8016649,
   "Id. de la base de datos": 693444,
   "Apellidos": "Weber",
   "Nombre": "Lasse Falck",
   "AN": null,
   "S": "M",
   "Bloque": 2,
   "nc": 0,
   "Salida": "1:06:00",
   "Meta": "",
   "Tiempo": "",
   "Estado clas.": 0,
   "Bonificación -": "",
   "Penalización +": "",
   "Comentario": "",
   "Nº de club": 138152,
   "Ciudad": "Tisvilde Hegn OK",
   "Club": "Tisvilde Hegn OK",
   "Nac": "DEN",
   "Situación": "",
   "Región": "",
   "Nº de categoría": 51,
   "Corto": "M-E",
   "Largo": "M-E",
   "Nº Cat. Ins.": 51,
   "Categoría inscrita (corto)": "M-E",
   "Categoría inscrita (largo)": "M-E",
   "Pos. Ranking": "",
   "Puntos de ranking": "",
   "Num1": null,
   "Num2": null,
   "Num3": "",
   "Text1": "",
   "Text2": "",
   "Text3": "",
   "Dir. apellidos": "",
   "Dir. nombre": "",
   "Dirección": "",
   "Línea 2": "",
   "CP": "",
   "Dir. ciudad": "",
   "Teléfono": "",
   "Móvil": "nan",
   "Fax": "",
   "Correo-e": "",
   "Alquilado": "0",
   "Cuota de inscripción": "25,00",
   "Pagado": "0",
   "Equipo": "",
   "Nº de recorrido": "",
   "Recorrido": "",
   "km": "",
   "m": "",
   "Puntos de control": "",
   "FIELD58": ""
 },
 {
   "OE0001": "",
   "Dorsal": 38,
   "Dorsal alt.": "",
   "Nº chip": 8474287,
   "Id. de la base de datos": 26645,
   "Apellidos": "Short",
   "Nombre": "Ruairi",
   "AN": 1989,
   "S": "M",
   "Bloque": 2,
   "nc": 0,
   "Salida": "1:08:00",
   "Meta": "",
   "Tiempo": "",
   "Estado clas.": 0,
   "Bonificación -": "",
   "Penalización +": "",
   "Comentario": "",
   "Nº de club": 999,
   "Ciudad": "FEDO",
   "Club": "FEDO",
   "Nac": "ESP",
   "Situación": "",
   "Región": "",
   "Nº de categoría": 51,
   "Corto": "M-E",
   "Largo": "M-E",
   "Nº Cat. Ins.": 51,
   "Categoría inscrita (corto)": "M-E",
   "Categoría inscrita (largo)": "M-E",
   "Pos. Ranking": "",
   "Puntos de ranking": "",
   "Num1": 0,
   "Num2": 16231,
   "Num3": "",
   "Text1": "PG7049111",
   "Text2": "",
   "Text3": "",
   "Dir. apellidos": "",
   "Dir. nombre": "",
   "Dirección": "",
   "Línea 2": "",
   "CP": "",
   "Dir. ciudad": "",
   "Teléfono": "",
   "Móvil": "3,54E+11",
   "Fax": "",
   "Correo-e": "",
   "Alquilado": "0",
   "Cuota de inscripción": "33,00",
   "Pagado": "X",
   "Equipo": "",
   "Nº de recorrido": "",
   "Recorrido": "",
   "km": "",
   "m": "",
   "Puntos de control": "",
   "FIELD58": ""
 },
 {
   "OE0001": "",
   "Dorsal": 37,
   "Dorsal alt.": "",
   "Nº chip": 8303044,
   "Id. de la base de datos": 693728,
   "Apellidos": "Mavchun",
   "Nombre": "George",
   "AN": null,
   "S": "M",
   "Bloque": 2,
   "nc": 0,
   "Salida": "1:10:00",
   "Meta": "",
   "Tiempo": "",
   "Estado clas.": 0,
   "Bonificación -": "",
   "Penalización +": "",
   "Comentario": "",
   "Nº de club": 138152,
   "Ciudad": "Tisvilde Hegn OK",
   "Club": "Tisvilde Hegn OK",
   "Nac": "DEN",
   "Situación": "",
   "Región": "",
   "Nº de categoría": 51,
   "Corto": "M-E",
   "Largo": "M-E",
   "Nº Cat. Ins.": 51,
   "Categoría inscrita (corto)": "M-E",
   "Categoría inscrita (largo)": "M-E",
   "Pos. Ranking": "",
   "Puntos de ranking": "",
   "Num1": null,
   "Num2": null,
   "Num3": "",
   "Text1": "",
   "Text2": "",
   "Text3": "",
   "Dir. apellidos": "",
   "Dir. nombre": "",
   "Dirección": "",
   "Línea 2": "",
   "CP": "",
   "Dir. ciudad": "",
   "Teléfono": "",
   "Móvil": "nan",
   "Fax": "",
   "Correo-e": "",
   "Alquilado": "0",
   "Cuota de inscripción": "25,00",
   "Pagado": "0",
   "Equipo": "",
   "Nº de recorrido": "",
   "Recorrido": "",
   "km": "",
   "m": "",
   "Puntos de control": "",
   "FIELD58": ""
 },
 {
   "OE0001": "",
   "Dorsal": 36,
   "Dorsal alt.": "",
   "Nº chip": 8084279,
   "Id. de la base de datos": 26646,
   "Apellidos": "Rennie",
   "Nombre": "Graeme",
   "AN": 1991,
   "S": "M",
   "Bloque": 2,
   "nc": 0,
   "Salida": "1:12:00",
   "Meta": "",
   "Tiempo": "",
   "Estado clas.": 0,
   "Bonificación -": "",
   "Penalización +": "",
   "Comentario": "",
   "Nº de club": 999,
   "Ciudad": "FEDO",
   "Club": "FEDO",
   "Nac": "ESP",
   "Situación": "",
   "Región": "",
   "Nº de categoría": 51,
   "Corto": "M-E",
   "Largo": "M-E",
   "Nº Cat. Ins.": 51,
   "Categoría inscrita (corto)": "M-E",
   "Categoría inscrita (largo)": "M-E",
   "Pos. Ranking": "",
   "Puntos de ranking": "",
   "Num1": 0,
   "Num2": 15427,
   "Num3": "",
   "Text1": "AH382883",
   "Text2": "",
   "Text3": "",
   "Dir. apellidos": "",
   "Dir. nombre": "",
   "Dirección": "",
   "Línea 2": "",
   "CP": "",
   "Dir. ciudad": "",
   "Teléfono": "",
   "Móvil": "3,54E+11",
   "Fax": "",
   "Correo-e": "",
   "Alquilado": "0",
   "Cuota de inscripción": "33,00",
   "Pagado": "X",
   "Equipo": "",
   "Nº de recorrido": "",
   "Recorrido": "",
   "km": "",
   "m": "",
   "Puntos de control": "",
   "FIELD58": ""
 },
 {
   "OE0001": "",
   "Dorsal": 35,
   "Dorsal alt.": "",
   "Nº chip": 8255014,
   "Id. de la base de datos": 695441,
   "Apellidos": "Munktved",
   "Nombre": "Theis",
   "AN": null,
   "S": "M",
   "Bloque": 2,
   "nc": 0,
   "Salida": "1:14:00",
   "Meta": "",
   "Tiempo": "",
   "Estado clas.": 0,
   "Bonificación -": "",
   "Penalización +": "",
   "Comentario": "",
   "Nº de club": 138152,
   "Ciudad": "Tisvilde Hegn OK",
   "Club": "Tisvilde Hegn OK",
   "Nac": "DEN",
   "Situación": "",
   "Región": "",
   "Nº de categoría": 51,
   "Corto": "M-E",
   "Largo": "M-E",
   "Nº Cat. Ins.": 51,
   "Categoría inscrita (corto)": "M-E",
   "Categoría inscrita (largo)": "M-E",
   "Pos. Ranking": "",
   "Puntos de ranking": "",
   "Num1": null,
   "Num2": null,
   "Num3": "",
   "Text1": "",
   "Text2": "",
   "Text3": "",
   "Dir. apellidos": "",
   "Dir. nombre": "",
   "Dirección": "",
   "Línea 2": "",
   "CP": "",
   "Dir. ciudad": "",
   "Teléfono": "",
   "Móvil": "nan",
   "Fax": "",
   "Correo-e": "",
   "Alquilado": "0",
   "Cuota de inscripción": "25,00",
   "Pagado": "0",
   "Equipo": "",
   "Nº de recorrido": "",
   "Recorrido": "",
   "km": "",
   "m": "",
   "Puntos de control": "",
   "FIELD58": ""
 },
 {
   "OE0001": "",
   "Dorsal": 34,
   "Dorsal alt.": "",
   "Nº chip": 8022836,
   "Id. de la base de datos": 3532,
   "Apellidos": "Terkelsen",
   "Nombre": "Chris",
   "AN": 1972,
   "S": "M",
   "Bloque": 2,
   "nc": 0,
   "Salida": "1:16:00",
   "Meta": "",
   "Tiempo": "",
   "Estado clas.": 0,
   "Bonificación -": "",
   "Penalización +": "",
   "Comentario": "",
   "Nº de club": 65,
   "Ciudad": "Alicante",
   "Club": "SANT_JOAN",
   "Nac": "ESP",
   "Situación": "",
   "Región": "",
   "Nº de categoría": 51,
   "Corto": "M-E",
   "Largo": "M-E",
   "Nº Cat. Ins.": 51,
   "Categoría inscrita (corto)": "M-E",
   "Categoría inscrita (largo)": "M-E",
   "Pos. Ranking": "",
   "Puntos de ranking": "",
   "Num1": 3000257,
   "Num2": null,
   "Num3": "",
   "Text1": "X9218322Z",
   "Text2": "A1",
   "Text3": "",
   "Dir. apellidos": "",
   "Dir. nombre": "",
   "Dirección": "",
   "Línea 2": "",
   "CP": "",
   "Dir. ciudad": "",
   "Teléfono": "",
   "Móvil": "606764698",
   "Fax": "",
   "Correo-e": "",
   "Alquilado": "0",
   "Cuota de inscripción": "32,00",
   "Pagado": "X",
   "Equipo": "",
   "Nº de recorrido": "",
   "Recorrido": "",
   "km": "",
   "m": "",
   "Puntos de control": "",
   "FIELD58": ""
 },
 {
   "OE0001": "",
   "Dorsal": 33,
   "Dorsal alt.": "",
   "Nº chip": 8002538,
   "Id. de la base de datos": 695442,
   "Apellidos": "Øbro",
   "Nombre": "Emil",
   "AN": null,
   "S": "M",
   "Bloque": 2,
   "nc": 0,
   "Salida": "1:18:00",
   "Meta": "",
   "Tiempo": "",
   "Estado clas.": 0,
   "Bonificación -": "",
   "Penalización +": "",
   "Comentario": "",
   "Nº de club": 138152,
   "Ciudad": "Tisvilde Hegn OK",
   "Club": "Tisvilde Hegn OK",
   "Nac": "DEN",
   "Situación": "",
   "Región": "",
   "Nº de categoría": 51,
   "Corto": "M-E",
   "Largo": "M-E",
   "Nº Cat. Ins.": 51,
   "Categoría inscrita (corto)": "M-E",
   "Categoría inscrita (largo)": "M-E",
   "Pos. Ranking": "",
   "Puntos de ranking": "",
   "Num1": null,
   "Num2": null,
   "Num3": "",
   "Text1": "",
   "Text2": "",
   "Text3": "",
   "Dir. apellidos": "",
   "Dir. nombre": "",
   "Dirección": "",
   "Línea 2": "",
   "CP": "",
   "Dir. ciudad": "",
   "Teléfono": "",
   "Móvil": "nan",
   "Fax": "",
   "Correo-e": "",
   "Alquilado": "0",
   "Cuota de inscripción": "25,00",
   "Pagado": "0",
   "Equipo": "",
   "Nº de recorrido": "",
   "Recorrido": "",
   "km": "",
   "m": "",
   "Puntos de control": "",
   "FIELD58": ""
 },
 {
   "OE0001": "",
   "Dorsal": 32,
   "Dorsal alt.": "",
   "Nº chip": 8004830,
   "Id. de la base de datos": 22920,
   "Apellidos": "Börjesson  Eriksson",
   "Nombre": "Joel",
   "AN": 1996,
   "S": "M",
   "Bloque": 2,
   "nc": 0,
   "Salida": "1:20:00",
   "Meta": "",
   "Tiempo": "",
   "Estado clas.": 0,
   "Bonificación -": "",
   "Penalización +": "",
   "Comentario": "",
   "Nº de club": 999,
   "Ciudad": "FEDO",
   "Club": "FEDO",
   "Nac": "ESP",
   "Situación": "",
   "Región": "",
   "Nº de categoría": 51,
   "Corto": "M-E",
   "Largo": "M-E",
   "Nº Cat. Ins.": 51,
   "Categoría inscrita (corto)": "M-E",
   "Categoría inscrita (largo)": "M-E",
   "Pos. Ranking": "",
   "Puntos de ranking": "",
   "Num1": 0,
   "Num2": 35864,
   "Num3": "",
   "Text1": "95960059",
   "Text2": "A2",
   "Text3": "",
   "Dir. apellidos": "",
   "Dir. nombre": "",
   "Dirección": "",
   "Línea 2": "",
   "CP": "",
   "Dir. ciudad": "",
   "Teléfono": "",
   "Móvil": "46724285403",
   "Fax": "",
   "Correo-e": "",
   "Alquilado": "0",
   "Cuota de inscripción": "29,00",
   "Pagado": "X",
   "Equipo": "",
   "Nº de recorrido": "",
   "Recorrido": "",
   "km": "",
   "m": "",
   "Puntos de control": "",
   "FIELD58": ""
 },
 {
   "OE0001": "",
   "Dorsal": 31,
   "Dorsal alt.": "",
   "Nº chip": 8307017,
   "Id. de la base de datos": 7505,
   "Apellidos": "Herrero Gómez",
   "Nombre": "Abel",
   "AN": 1998,
   "S": "M",
   "Bloque": 4,
   "nc": 0,
   "Salida": "1:30:00",
   "Meta": "",
   "Tiempo": "",
   "Estado clas.": 0,
   "Bonificación -": "",
   "Penalización +": "",
   "Comentario": "",
   "Nº de club": 95,
   "Ciudad": "Palencia",
   "Club": "ORCA",
   "Nac": "ESP",
   "Situación": "",
   "Región": "",
   "Nº de categoría": 51,
   "Corto": "M-E",
   "Largo": "M-E",
   "Nº Cat. Ins.": 51,
   "Categoría inscrita (corto)": "M-E",
   "Categoría inscrita (largo)": "M-E",
   "Pos. Ranking": "",
   "Puntos de ranking": "",
   "Num1": 34003360,
   "Num2": null,
   "Num3": "",
   "Text1": "71957723S",
   "Text2": "A1",
   "Text3": "",
   "Dir. apellidos": "",
   "Dir. nombre": "",
   "Dirección": "",
   "Línea 2": "",
   "CP": "",
   "Dir. ciudad": "",
   "Teléfono": "",
   "Móvil": "678162712",
   "Fax": "",
   "Correo-e": "",
   "Alquilado": "0",
   "Cuota de inscripción": "28,00",
   "Pagado": "0",
   "Equipo": "",
   "Nº de recorrido": "",
   "Recorrido": "",
   "km": "",
   "m": "",
   "Puntos de control": "",
   "FIELD58": ""
 },
 {
   "OE0001": "",
   "Dorsal": 30,
   "Dorsal alt.": "",
   "Nº chip": 8291096,
   "Id. de la base de datos": 8888,
   "Apellidos": "Cotillas Moya",
   "Nombre": "David",
   "AN": 1996,
   "S": "M",
   "Bloque": 4,
   "nc": 0,
   "Salida": "1:32:00",
   "Meta": "",
   "Tiempo": "",
   "Estado clas.": 0,
   "Bonificación -": "",
   "Penalización +": "",
   "Comentario": "",
   "Nº de club": 134,
   "Ciudad": "Cuenca",
   "Club": "COMCU",
   "Nac": "ESP",
   "Situación": "",
   "Región": "",
   "Nº de categoría": 51,
   "Corto": "M-E",
   "Largo": "M-E",
   "Nº Cat. Ins.": 51,
   "Categoría inscrita (corto)": "M-E",
   "Categoría inscrita (largo)": "M-E",
   "Pos. Ranking": "",
   "Puntos de ranking": "",
   "Num1": 16005004,
   "Num2": 21623,
   "Num3": "",
   "Text1": "04631975M",
   "Text2": "A1",
   "Text3": "",
   "Dir. apellidos": "",
   "Dir. nombre": "",
   "Dirección": "",
   "Línea 2": "",
   "CP": "",
   "Dir. ciudad": "",
   "Teléfono": "",
   "Móvil": "969225461",
   "Fax": "",
   "Correo-e": "",
   "Alquilado": "0",
   "Cuota de inscripción": "28,00",
   "Pagado": "X",
   "Equipo": "",
   "Nº de recorrido": "",
   "Recorrido": "",
   "km": "",
   "m": "",
   "Puntos de control": "",
   "FIELD58": ""
 },
 {
   "OE0001": "",
   "Dorsal": 29,
   "Dorsal alt.": "",
   "Nº chip": 8651385,
   "Id. de la base de datos": 4383,
   "Apellidos": "Mérida Sanchís",
   "Nombre": "Sergio",
   "AN": 1993,
   "S": "M",
   "Bloque": 4,
   "nc": 0,
   "Salida": "1:34:00",
   "Meta": "",
   "Tiempo": "",
   "Estado clas.": 0,
   "Bonificación -": "",
   "Penalización +": "",
   "Comentario": "",
   "Nº de club": 102,
   "Ciudad": "Alicante",
   "Club": "UNIVERSIDAD_ALICANTE",
   "Nac": "ESP",
   "Situación": "",
   "Región": "",
   "Nº de categoría": 51,
   "Corto": "M-E",
   "Largo": "M-E",
   "Nº Cat. Ins.": 51,
   "Categoría inscrita (corto)": "M-E",
   "Categoría inscrita (largo)": "M-E",
   "Pos. Ranking": "",
   "Puntos de ranking": "",
   "Num1": 3000069,
   "Num2": 19479,
   "Num3": "",
   "Text1": "20051964N",
   "Text2": "A1",
   "Text3": "",
   "Dir. apellidos": "",
   "Dir. nombre": "",
   "Dirección": "",
   "Línea 2": "",
   "CP": "",
   "Dir. ciudad": "",
   "Teléfono": "",
   "Móvil": "626126039",
   "Fax": "",
   "Correo-e": "",
   "Alquilado": "0",
   "Cuota de inscripción": "30,00",
   "Pagado": "X",
   "Equipo": "",
   "Nº de recorrido": "",
   "Recorrido": "",
   "km": "",
   "m": "",
   "Puntos de control": "",
   "FIELD58": ""
 },
 {
   "OE0001": "",
   "Dorsal": 28,
   "Dorsal alt.": "",
   "Nº chip": 8040050,
   "Id. de la base de datos": 7463,
   "Apellidos": "De La Pascua Aragón",
   "Nombre": "Pablo",
   "AN": 1998,
   "S": "M",
   "Bloque": 4,
   "nc": 0,
   "Salida": "1:36:00",
   "Meta": "",
   "Tiempo": "",
   "Estado clas.": 0,
   "Bonificación -": "",
   "Penalización +": "",
   "Comentario": "",
   "Nº de club": 88,
   "Ciudad": "Cádiz",
   "Club": "FUNDI-O",
   "Nac": "ESP",
   "Situación": "",
   "Región": "",
   "Nº de categoría": 51,
   "Corto": "M-E",
   "Largo": "M-E",
   "Nº Cat. Ins.": 51,
   "Categoría inscrita (corto)": "M-E",
   "Categoría inscrita (largo)": "M-E",
   "Pos. Ranking": "",
   "Puntos de ranking": "",
   "Num1": 11003309,
   "Num2": 36232,
   "Num3": "",
   "Text1": "77176476E",
   "Text2": "A1",
   "Text3": "",
   "Dir. apellidos": "",
   "Dir. nombre": "",
   "Dirección": "",
   "Línea 2": "",
   "CP": "",
   "Dir. ciudad": "",
   "Teléfono": "",
   "Móvil": "650955772",
   "Fax": "",
   "Correo-e": "",
   "Alquilado": "0",
   "Cuota de inscripción": "28,00",
   "Pagado": "0",
   "Equipo": "",
   "Nº de recorrido": "",
   "Recorrido": "",
   "km": "",
   "m": "",
   "Puntos de control": "",
   "FIELD58": ""
 },
 {
   "OE0001": "",
   "Dorsal": 27,
   "Dorsal alt.": "",
   "Nº chip": 8011733,
   "Id. de la base de datos": 7791,
   "Apellidos": "Sánchez Juan",
   "Nombre": "Alejandro",
   "AN": 1998,
   "S": "M",
   "Bloque": 4,
   "nc": 0,
   "Salida": "1:38:00",
   "Meta": "",
   "Tiempo": "",
   "Estado clas.": 0,
   "Bonificación -": "",
   "Penalización +": "",
   "Comentario": "",
   "Nº de club": 25,
   "Ciudad": "Alicante",
   "Club": "COLIVENC",
   "Nac": "ESP",
   "Situación": "",
   "Región": "",
   "Nº de categoría": 51,
   "Corto": "M-E",
   "Largo": "M-E",
   "Nº Cat. Ins.": 51,
   "Categoría inscrita (corto)": "M-E",
   "Categoría inscrita (largo)": "M-E",
   "Pos. Ranking": "",
   "Puntos de ranking": "",
   "Num1": 3003669,
   "Num2": null,
   "Num3": "",
   "Text1": "21654900D",
   "Text2": "A1",
   "Text3": "",
   "Dir. apellidos": "",
   "Dir. nombre": "",
   "Dirección": "",
   "Línea 2": "",
   "CP": "",
   "Dir. ciudad": "",
   "Teléfono": "",
   "Móvil": "nan",
   "Fax": "",
   "Correo-e": "",
   "Alquilado": "0",
   "Cuota de inscripción": "28,00",
   "Pagado": "0",
   "Equipo": "",
   "Nº de recorrido": "",
   "Recorrido": "",
   "km": "",
   "m": "",
   "Puntos de control": "",
   "FIELD58": ""
 },
 {
   "OE0001": "",
   "Dorsal": 26,
   "Dorsal alt.": "",
   "Nº chip": 8311996,
   "Id. de la base de datos": 20597,
   "Apellidos": "Sardinero Gonzalez",
   "Nombre": "Alan",
   "AN": 1996,
   "S": "M",
   "Bloque": 4,
   "nc": 0,
   "Salida": "1:40:00",
   "Meta": "",
   "Tiempo": "",
   "Estado clas.": 0,
   "Bonificación -": "",
   "Penalización +": "",
   "Comentario": "",
   "Nº de club": 99,
   "Ciudad": "Pontevedra",
   "Club": "U-VIGO",
   "Nac": "ESP",
   "Situación": "",
   "Región": "",
   "Nº de categoría": 51,
   "Corto": "M-E",
   "Largo": "M-E",
   "Nº Cat. Ins.": 51,
   "Categoría inscrita (corto)": "M-E",
   "Categoría inscrita (largo)": "M-E",
   "Pos. Ranking": "",
   "Puntos de ranking": "",
   "Num1": 20597,
   "Num2": null,
   "Num3": "",
   "Text1": "53613938H",
   "Text2": "A1",
   "Text3": "",
   "Dir. apellidos": "",
   "Dir. nombre": "",
   "Dirección": "",
   "Línea 2": "",
   "CP": "",
   "Dir. ciudad": "",
   "Teléfono": "",
   "Móvil": "630354524",
   "Fax": "",
   "Correo-e": "",
   "Alquilado": "0",
   "Cuota de inscripción": "32,00",
   "Pagado": "0",
   "Equipo": "",
   "Nº de recorrido": "",
   "Recorrido": "",
   "km": "",
   "m": "",
   "Puntos de control": "",
   "FIELD58": ""
 },
 {
   "OE0001": "",
   "Dorsal": 25,
   "Dorsal alt.": "",
   "Nº chip": 8650835,
   "Id. de la base de datos": 7888,
   "Apellidos": "Martí Romaní",
   "Nombre": "Eloi",
   "AN": 1996,
   "S": "M",
   "Bloque": 4,
   "nc": 0,
   "Salida": "1:42:00",
   "Meta": "",
   "Tiempo": "",
   "Estado clas.": 0,
   "Bonificación -": "",
   "Penalización +": "",
   "Comentario": "",
   "Nº de club": 272,
   "Ciudad": "Girona",
   "Club": "CAT-O",
   "Nac": "ESP",
   "Situación": "",
   "Región": "",
   "Nº de categoría": 51,
   "Corto": "M-E",
   "Largo": "M-E",
   "Nº Cat. Ins.": 51,
   "Categoría inscrita (corto)": "M-E",
   "Categoría inscrita (largo)": "M-E",
   "Pos. Ranking": "",
   "Puntos de ranking": "",
   "Num1": 17003762,
   "Num2": 40474,
   "Num3": "",
   "Text1": "41651971Y",
   "Text2": "A1",
   "Text3": "",
   "Dir. apellidos": "",
   "Dir. nombre": "",
   "Dirección": "",
   "Línea 2": "",
   "CP": "",
   "Dir. ciudad": "",
   "Teléfono": "",
   "Móvil": "682404883",
   "Fax": "",
   "Correo-e": "",
   "Alquilado": "0",
   "Cuota de inscripción": "32,00",
   "Pagado": "X",
   "Equipo": "",
   "Nº de recorrido": "",
   "Recorrido": "",
   "km": "",
   "m": "",
   "Puntos de control": "",
   "FIELD58": ""
 },
 {
   "OE0001": "",
   "Dorsal": 24,
   "Dorsal alt.": "",
   "Nº chip": 7201518,
   "Id. de la base de datos": 16328,
   "Apellidos": "García Gago",
   "Nombre": "Óscar",
   "AN": 1975,
   "S": "M",
   "Bloque": 4,
   "nc": 0,
   "Salida": "1:44:00",
   "Meta": "",
   "Tiempo": "",
   "Estado clas.": 0,
   "Bonificación -": "",
   "Penalización +": "",
   "Comentario": "",
   "Nº de club": 144,
   "Ciudad": "Badajoz",
   "Club": "ALCOR_EXTREMADURA",
   "Nac": "ESP",
   "Situación": "",
   "Región": "",
   "Nº de categoría": 51,
   "Corto": "M-E",
   "Largo": "M-E",
   "Nº Cat. Ins.": 51,
   "Categoría inscrita (corto)": "M-E",
   "Categoría inscrita (largo)": "M-E",
   "Pos. Ranking": "",
   "Puntos de ranking": "",
   "Num1": 16328,
   "Num2": null,
   "Num3": "",
   "Text1": "07978699E",
   "Text2": "A1",
   "Text3": "",
   "Dir. apellidos": "",
   "Dir. nombre": "",
   "Dirección": "",
   "Línea 2": "",
   "CP": "",
   "Dir. ciudad": "",
   "Teléfono": "",
   "Móvil": "636218878",
   "Fax": "",
   "Correo-e": "",
   "Alquilado": "0",
   "Cuota de inscripción": "28,00",
   "Pagado": "0",
   "Equipo": "",
   "Nº de recorrido": "",
   "Recorrido": "",
   "km": "",
   "m": "",
   "Puntos de control": "",
   "FIELD58": ""
 },
 {
   "OE0001": "",
   "Dorsal": 23,
   "Dorsal alt.": "",
   "Nº chip": 8517494,
   "Id. de la base de datos": 7158,
   "Apellidos": "Velez Muñoz",
   "Nombre": "Julio",
   "AN": 1998,
   "S": "M",
   "Bloque": 4,
   "nc": 0,
   "Salida": "1:46:00",
   "Meta": "",
   "Tiempo": "",
   "Estado clas.": 0,
   "Bonificación -": "",
   "Penalización +": "",
   "Comentario": "",
   "Nº de club": 95,
   "Ciudad": "Palencia",
   "Club": "ORCA",
   "Nac": "ESP",
   "Situación": "",
   "Región": "",
   "Nº de categoría": 51,
   "Corto": "M-E",
   "Largo": "M-E",
   "Nº Cat. Ins.": 51,
   "Categoría inscrita (corto)": "M-E",
   "Categoría inscrita (largo)": "M-E",
   "Pos. Ranking": "",
   "Puntos de ranking": "",
   "Num1": 34002737,
   "Num2": null,
   "Num3": "",
   "Text1": "71971984Q",
   "Text2": "A1",
   "Text3": "",
   "Dir. apellidos": "",
   "Dir. nombre": "",
   "Dirección": "",
   "Línea 2": "",
   "CP": "",
   "Dir. ciudad": "",
   "Teléfono": "",
   "Móvil": "646190770",
   "Fax": "",
   "Correo-e": "",
   "Alquilado": "0",
   "Cuota de inscripción": "28,00",
   "Pagado": "0",
   "Equipo": "",
   "Nº de recorrido": "",
   "Recorrido": "",
   "km": "",
   "m": "",
   "Puntos de control": "",
   "FIELD58": ""
 },
 {
   "OE0001": "",
   "Dorsal": 22,
   "Dorsal alt.": "",
   "Nº chip": 8633189,
   "Id. de la base de datos": 8147,
   "Apellidos": "Garrido Corral",
   "Nombre": "Miguel",
   "AN": 2001,
   "S": "M",
   "Bloque": 4,
   "nc": 0,
   "Salida": "1:48:00",
   "Meta": "",
   "Tiempo": "",
   "Estado clas.": 0,
   "Bonificación -": "",
   "Penalización +": "",
   "Comentario": "",
   "Nº de club": 76,
   "Ciudad": "Granada",
   "Club": "VELETA",
   "Nac": "ESP",
   "Situación": "",
   "Región": "",
   "Nº de categoría": 51,
   "Corto": "M-E",
   "Largo": "M-E",
   "Nº Cat. Ins.": 51,
   "Categoría inscrita (corto)": "M-E",
   "Categoría inscrita (largo)": "M-E",
   "Pos. Ranking": "",
   "Puntos de ranking": "",
   "Num1": 18004038,
   "Num2": 33700,
   "Num3": "",
   "Text1": "76593060R",
   "Text2": "A1",
   "Text3": "",
   "Dir. apellidos": "",
   "Dir. nombre": "",
   "Dirección": "",
   "Línea 2": "",
   "CP": "",
   "Dir. ciudad": "",
   "Teléfono": "",
   "Móvil": "722213260",
   "Fax": "",
   "Correo-e": "",
   "Alquilado": "0",
   "Cuota de inscripción": "28,00",
   "Pagado": "X",
   "Equipo": "",
   "Nº de recorrido": "",
   "Recorrido": "",
   "km": "",
   "m": "",
   "Puntos de control": "",
   "FIELD58": ""
 },
 {
   "OE0001": "",
   "Dorsal": 21,
   "Dorsal alt.": "",
   "Nº chip": 8030302,
   "Id. de la base de datos": 11331,
   "Apellidos": "Virgili Serrallonga",
   "Nombre": "Roger",
   "AN": 2002,
   "S": "M",
   "Bloque": 4,
   "nc": 0,
   "Salida": "1:50:00",
   "Meta": "",
   "Tiempo": "",
   "Estado clas.": 0,
   "Bonificación -": "",
   "Penalización +": "",
   "Comentario": "",
   "Nº de club": 272,
   "Ciudad": "Girona",
   "Club": "CAT-O",
   "Nac": "ESP",
   "Situación": "",
   "Región": "",
   "Nº de categoría": 51,
   "Corto": "M-E",
   "Largo": "M-E",
   "Nº Cat. Ins.": 51,
   "Categoría inscrita (corto)": "M-E",
   "Categoría inscrita (largo)": "M-E",
   "Pos. Ranking": "",
   "Puntos de ranking": "",
   "Num1": 17007406,
   "Num2": null,
   "Num3": "",
   "Text1": "23842283T",
   "Text2": "A1",
   "Text3": "",
   "Dir. apellidos": "",
   "Dir. nombre": "",
   "Dirección": "",
   "Línea 2": "",
   "CP": "",
   "Dir. ciudad": "",
   "Teléfono": "",
   "Móvil": "606861811",
   "Fax": "",
   "Correo-e": "",
   "Alquilado": "0",
   "Cuota de inscripción": "32,00",
   "Pagado": "X",
   "Equipo": "",
   "Nº de recorrido": "",
   "Recorrido": "",
   "km": "",
   "m": "",
   "Puntos de control": "",
   "FIELD58": ""
 },
 {
   "OE0001": "",
   "Dorsal": 20,
   "Dorsal alt.": "",
   "Nº chip": 2067536,
   "Id. de la base de datos": 8501,
   "Apellidos": "González Manzanas",
   "Nombre": "Óscar",
   "AN": 1997,
   "S": "M",
   "Bloque": 4,
   "nc": 0,
   "Salida": "1:52:00",
   "Meta": "",
   "Tiempo": "",
   "Estado clas.": 0,
   "Bonificación -": "",
   "Penalización +": "",
   "Comentario": "",
   "Nº de club": 180,
   "Ciudad": "Cantabria",
   "Club": "GALITIUS",
   "Nac": "ESP",
   "Situación": "",
   "Región": "",
   "Nº de categoría": 51,
   "Corto": "M-E",
   "Largo": "M-E",
   "Nº Cat. Ins.": 51,
   "Categoría inscrita (corto)": "M-E",
   "Categoría inscrita (largo)": "M-E",
   "Pos. Ranking": "",
   "Puntos de ranking": "",
   "Num1": 39004395,
   "Num2": null,
   "Num3": "",
   "Text1": "72351400R",
   "Text2": "A1",
   "Text3": "",
   "Dir. apellidos": "",
   "Dir. nombre": "",
   "Dirección": "",
   "Línea 2": "",
   "CP": "",
   "Dir. ciudad": "",
   "Teléfono": "",
   "Móvil": "677338346",
   "Fax": "",
   "Correo-e": "",
   "Alquilado": "0",
   "Cuota de inscripción": "30,00",
   "Pagado": "0",
   "Equipo": "",
   "Nº de recorrido": "",
   "Recorrido": "",
   "km": "",
   "m": "",
   "Puntos de control": "",
   "FIELD58": ""
 },
 {
   "OE0001": "",
   "Dorsal": 19,
   "Dorsal alt.": "",
   "Nº chip": 2139577,
   "Id. de la base de datos": 19876,
   "Apellidos": "Sanz Vaca",
   "Nombre": "Gerardo",
   "AN": 1978,
   "S": "M",
   "Bloque": 4,
   "nc": 0,
   "Salida": "1:54:00",
   "Meta": "",
   "Tiempo": "",
   "Estado clas.": 0,
   "Bonificación -": "",
   "Penalización +": "",
   "Comentario": "",
   "Nº de club": 113,
   "Ciudad": "Valladolid",
   "Club": "CDP-O",
   "Nac": "ESP",
   "Situación": "",
   "Región": "",
   "Nº de categoría": 51,
   "Corto": "M-E",
   "Largo": "M-E",
   "Nº Cat. Ins.": 51,
   "Categoría inscrita (corto)": "M-E",
   "Categoría inscrita (largo)": "M-E",
   "Pos. Ranking": "",
   "Puntos de ranking": "",
   "Num1": 19876,
   "Num2": null,
   "Num3": "",
   "Text1": "12403884F",
   "Text2": "A1",
   "Text3": "",
   "Dir. apellidos": "",
   "Dir. nombre": "",
   "Dirección": "",
   "Línea 2": "",
   "CP": "",
   "Dir. ciudad": "",
   "Teléfono": "",
   "Móvil": "608450910",
   "Fax": "",
   "Correo-e": "",
   "Alquilado": "0",
   "Cuota de inscripción": "20,00",
   "Pagado": "0",
   "Equipo": "",
   "Nº de recorrido": "",
   "Recorrido": "",
   "km": "",
   "m": "",
   "Puntos de control": "",
   "FIELD58": ""
 },
 {
   "OE0001": "",
   "Dorsal": 18,
   "Dorsal alt.": "",
   "Nº chip": 8659375,
   "Id. de la base de datos": 11645,
   "Apellidos": "Andreu Prego",
   "Nombre": "Antonio",
   "AN": 1993,
   "S": "M",
   "Bloque": 4,
   "nc": 0,
   "Salida": "1:56:00",
   "Meta": "",
   "Tiempo": "",
   "Estado clas.": 0,
   "Bonificación -": "",
   "Penalización +": "",
   "Comentario": "",
   "Nº de club": 41,
   "Ciudad": "Zaragoza",
   "Club": "IBON ZARAGOZA",
   "Nac": "ESP",
   "Situación": "",
   "Región": "",
   "Nº de categoría": 51,
   "Corto": "M-E",
   "Largo": "M-E",
   "Nº Cat. Ins.": 51,
   "Categoría inscrita (corto)": "M-E",
   "Categoría inscrita (largo)": "M-E",
   "Pos. Ranking": "",
   "Puntos de ranking": "",
   "Num1": 50007689,
   "Num2": null,
   "Num3": "",
   "Text1": "53939782K",
   "Text2": "A1",
   "Text3": "",
   "Dir. apellidos": "",
   "Dir. nombre": "",
   "Dirección": "",
   "Línea 2": "",
   "CP": "",
   "Dir. ciudad": "",
   "Teléfono": "",
   "Móvil": "nan",
   "Fax": "",
   "Correo-e": "",
   "Alquilado": "0",
   "Cuota de inscripción": "26,00",
   "Pagado": "0",
   "Equipo": "",
   "Nº de recorrido": "",
   "Recorrido": "",
   "km": "",
   "m": "",
   "Puntos de control": "",
   "FIELD58": ""
 },
 {
   "OE0001": "",
   "Dorsal": 17,
   "Dorsal alt.": "",
   "Nº chip": 8655222,
   "Id. de la base de datos": 6122,
   "Apellidos": "Rodriguez Dominguez",
   "Nombre": "Maikel",
   "AN": 1983,
   "S": "M",
   "Bloque": 4,
   "nc": 0,
   "Salida": "1:58:00",
   "Meta": "",
   "Tiempo": "",
   "Estado clas.": 0,
   "Bonificación -": "",
   "Penalización +": "",
   "Comentario": "",
   "Nº de club": 285,
   "Ciudad": "Pontevedra",
   "Club": "VIGOrienta",
   "Nac": "ESP",
   "Situación": "",
   "Región": "",
   "Nº de categoría": 51,
   "Corto": "M-E",
   "Largo": "M-E",
   "Nº Cat. Ins.": 51,
   "Categoría inscrita (corto)": "M-E",
   "Categoría inscrita (largo)": "M-E",
   "Pos. Ranking": "",
   "Puntos de ranking": "",
   "Num1": 36001254,
   "Num2": 19214,
   "Num3": "",
   "Text1": "35573789B",
   "Text2": "A1",
   "Text3": "",
   "Dir. apellidos": "",
   "Dir. nombre": "",
   "Dirección": "",
   "Línea 2": "",
   "CP": "",
   "Dir. ciudad": "",
   "Teléfono": "",
   "Móvil": "615455454",
   "Fax": "",
   "Correo-e": "",
   "Alquilado": "0",
   "Cuota de inscripción": "28,00",
   "Pagado": "0",
   "Equipo": "",
   "Nº de recorrido": "",
   "Recorrido": "",
   "km": "",
   "m": "",
   "Puntos de control": "",
   "FIELD58": ""
 },
 {
   "OE0001": "",
   "Dorsal": 16,
   "Dorsal alt.": "",
   "Nº chip": 8633599,
   "Id. de la base de datos": 9312,
   "Apellidos": "Sanjuán Juan",
   "Nombre": "Raúl",
   "AN": 2000,
   "S": "M",
   "Bloque": 4,
   "nc": 0,
   "Salida": "2:00:00",
   "Meta": "",
   "Tiempo": "",
   "Estado clas.": 0,
   "Bonificación -": "",
   "Penalización +": "",
   "Comentario": "",
   "Nº de club": 25,
   "Ciudad": "Alicante",
   "Club": "COLIVENC",
   "Nac": "ESP",
   "Situación": "",
   "Región": "",
   "Nº de categoría": 51,
   "Corto": "M-E",
   "Largo": "M-E",
   "Nº Cat. Ins.": 51,
   "Categoría inscrita (corto)": "M-E",
   "Categoría inscrita (largo)": "M-E",
   "Pos. Ranking": "",
   "Puntos de ranking": "",
   "Num1": 3005438,
   "Num2": null,
   "Num3": "",
   "Text1": "21698870A",
   "Text2": "A1",
   "Text3": "",
   "Dir. apellidos": "",
   "Dir. nombre": "",
   "Dirección": "",
   "Línea 2": "",
   "CP": "",
   "Dir. ciudad": "",
   "Teléfono": "",
   "Móvil": "nan",
   "Fax": "",
   "Correo-e": "",
   "Alquilado": "0",
   "Cuota de inscripción": "28,00",
   "Pagado": "0",
   "Equipo": "",
   "Nº de recorrido": "",
   "Recorrido": "",
   "km": "",
   "m": "",
   "Puntos de control": "",
   "FIELD58": ""
 },
 {
   "OE0001": "",
   "Dorsal": 15,
   "Dorsal alt.": "",
   "Nº chip": 8681403,
   "Id. de la base de datos": 9868,
   "Apellidos": "Gómez Benavides",
   "Nombre": "Miguel",
   "AN": 2002,
   "S": "M",
   "Bloque": 4,
   "nc": 0,
   "Salida": "2:02:00",
   "Meta": "",
   "Tiempo": "",
   "Estado clas.": 0,
   "Bonificación -": "",
   "Penalización +": "",
   "Comentario": "",
   "Nº de club": 179,
   "Ciudad": "Jaén",
   "Club": "VILLACARRILLO",
   "Nac": "ESP",
   "Situación": "",
   "Región": "",
   "Nº de categoría": 51,
   "Corto": "M-E",
   "Largo": "M-E",
   "Nº Cat. Ins.": 51,
   "Categoría inscrita (corto)": "M-E",
   "Categoría inscrita (largo)": "M-E",
   "Pos. Ranking": "",
   "Puntos de ranking": "",
   "Num1": 23005976,
   "Num2": null,
   "Num3": "",
   "Text1": "26501843R",
   "Text2": "A1",
   "Text3": "",
   "Dir. apellidos": "",
   "Dir. nombre": "",
   "Dirección": "",
   "Línea 2": "",
   "CP": "",
   "Dir. ciudad": "",
   "Teléfono": "",
   "Móvil": "nan",
   "Fax": "",
   "Correo-e": "",
   "Alquilado": "0",
   "Cuota de inscripción": "32,00",
   "Pagado": "0",
   "Equipo": "",
   "Nº de recorrido": "",
   "Recorrido": "",
   "km": "",
   "m": "",
   "Puntos de control": "",
   "FIELD58": ""
 },
 {
   "OE0001": "",
   "Dorsal": 14,
   "Dorsal alt.": "",
   "Nº chip": 8011742,
   "Id. de la base de datos": 7892,
   "Apellidos": "García Bernabeu",
   "Nombre": "Álvaro",
   "AN": 2001,
   "S": "M",
   "Bloque": 6,
   "nc": 0,
   "Salida": "2:04:00",
   "Meta": "",
   "Tiempo": "",
   "Estado clas.": 0,
   "Bonificación -": "",
   "Penalización +": "",
   "Comentario": "",
   "Nº de club": 25,
   "Ciudad": "Alicante",
   "Club": "COLIVENC",
   "Nac": "ESP",
   "Situación": "",
   "Región": "",
   "Nº de categoría": 51,
   "Corto": "M-E",
   "Largo": "M-E",
   "Nº Cat. Ins.": 51,
   "Categoría inscrita (corto)": "M-E",
   "Categoría inscrita (largo)": "M-E",
   "Pos. Ranking": "",
   "Puntos de ranking": "",
   "Num1": 3003766,
   "Num2": null,
   "Num3": "",
   "Text1": "48769360E",
   "Text2": "A1",
   "Text3": "",
   "Dir. apellidos": "",
   "Dir. nombre": "",
   "Dirección": "",
   "Línea 2": "",
   "CP": "",
   "Dir. ciudad": "",
   "Teléfono": "",
   "Móvil": "630769525",
   "Fax": "",
   "Correo-e": "",
   "Alquilado": "0",
   "Cuota de inscripción": "28,00",
   "Pagado": "0",
   "Equipo": "",
   "Nº de recorrido": "",
   "Recorrido": "",
   "km": "",
   "m": "",
   "Puntos de control": "",
   "FIELD58": ""
 },
 {
   "OE0001": "",
   "Dorsal": 13,
   "Dorsal alt.": "",
   "Nº chip": 8501204,
   "Id. de la base de datos": 10609,
   "Apellidos": "Vich Diaz-Guerra",
   "Nombre": "Quim",
   "AN": 1998,
   "S": "M",
   "Bloque": 6,
   "nc": 0,
   "Salida": "2:06:00",
   "Meta": "",
   "Tiempo": "",
   "Estado clas.": 0,
   "Bonificación -": "",
   "Penalización +": "",
   "Comentario": "",
   "Nº de club": 272,
   "Ciudad": "Girona",
   "Club": "CAT-O",
   "Nac": "ESP",
   "Situación": "",
   "Región": "",
   "Nº de categoría": 51,
   "Corto": "M-E",
   "Largo": "M-E",
   "Nº Cat. Ins.": 51,
   "Categoría inscrita (corto)": "M-E",
   "Categoría inscrita (largo)": "M-E",
   "Pos. Ranking": "",
   "Puntos de ranking": "",
   "Num1": 8006699,
   "Num2": 36095,
   "Num3": "",
   "Text1": "47119528A",
   "Text2": "A1",
   "Text3": "",
   "Dir. apellidos": "",
   "Dir. nombre": "",
   "Dirección": "",
   "Línea 2": "",
   "CP": "",
   "Dir. ciudad": "",
   "Teléfono": "",
   "Móvil": "639962753",
   "Fax": "",
   "Correo-e": "",
   "Alquilado": "0",
   "Cuota de inscripción": "28,00",
   "Pagado": "X",
   "Equipo": "",
   "Nº de recorrido": "",
   "Recorrido": "",
   "km": "",
   "m": "",
   "Puntos de control": "",
   "FIELD58": ""
 },
 {
   "OE0001": "",
   "Dorsal": 12,
   "Dorsal alt.": "",
   "Nº chip": 8662223,
   "Id. de la base de datos": 3347,
   "Apellidos": "Chamorro García",
   "Nombre": "Xoel",
   "AN": 1987,
   "S": "M",
   "Bloque": 6,
   "nc": 0,
   "Salida": "2:08:00",
   "Meta": "",
   "Tiempo": "",
   "Estado clas.": 0,
   "Bonificación -": "",
   "Penalización +": "",
   "Comentario": "",
   "Nº de club": 307,
   "Ciudad": "Pontevedra",
   "Club": "RAZA_PALLEIRA",
   "Nac": "ESP",
   "Situación": "",
   "Región": "",
   "Nº de categoría": 51,
   "Corto": "M-E",
   "Largo": "M-E",
   "Nº Cat. Ins.": 51,
   "Categoría inscrita (corto)": "M-E",
   "Categoría inscrita (largo)": "M-E",
   "Pos. Ranking": "",
   "Puntos de ranking": "",
   "Num1": 15002793,
   "Num2": 31876,
   "Num3": "",
   "Text1": "53174873T",
   "Text2": "A1",
   "Text3": "",
   "Dir. apellidos": "",
   "Dir. nombre": "",
   "Dirección": "",
   "Línea 2": "",
   "CP": "",
   "Dir. ciudad": "",
   "Teléfono": "",
   "Móvil": "696988067",
   "Fax": "",
   "Correo-e": "",
   "Alquilado": "0",
   "Cuota de inscripción": "30,00",
   "Pagado": "X",
   "Equipo": "",
   "Nº de recorrido": "",
   "Recorrido": "",
   "km": "",
   "m": "",
   "Puntos de control": "",
   "FIELD58": ""
 },
 {
   "OE0001": "",
   "Dorsal": 11,
   "Dorsal alt.": "",
   "Nº chip": 8403337,
   "Id. de la base de datos": 125,
   "Apellidos": "Ruiz De La Herrán Pidal",
   "Nombre": "Javier",
   "AN": 1989,
   "S": "M",
   "Bloque": 6,
   "nc": 0,
   "Salida": "2:10:00",
   "Meta": "",
   "Tiempo": "",
   "Estado clas.": 0,
   "Bonificación -": "",
   "Penalización +": "",
   "Comentario": "",
   "Nº de club": 26,
   "Ciudad": "Málaga",
   "Club": "COMA",
   "Nac": "ESP",
   "Situación": "",
   "Región": "",
   "Nº de categoría": 51,
   "Corto": "M-E",
   "Largo": "M-E",
   "Nº Cat. Ins.": 51,
   "Categoría inscrita (corto)": "M-E",
   "Categoría inscrita (largo)": "M-E",
   "Pos. Ranking": "",
   "Puntos de ranking": "",
   "Num1": 29000375,
   "Num2": 15659,
   "Num3": "",
   "Text1": "44598613A",
   "Text2": "A1",
   "Text3": "",
   "Dir. apellidos": "",
   "Dir. nombre": "",
   "Dirección": "",
   "Línea 2": "",
   "CP": "",
   "Dir. ciudad": "",
   "Teléfono": "",
   "Móvil": "686432959",
   "Fax": "",
   "Correo-e": "",
   "Alquilado": "0",
   "Cuota de inscripción": "20,00",
   "Pagado": "X",
   "Equipo": "",
   "Nº de recorrido": "",
   "Recorrido": "",
   "km": "",
   "m": "",
   "Puntos de control": "",
   "FIELD58": ""
 },
 {
   "OE0001": "",
   "Dorsal": 10,
   "Dorsal alt.": "",
   "Nº chip": 8016040,
   "Id. de la base de datos": 5594,
   "Apellidos": "Piñeiro Fraga",
   "Nombre": "Brais",
   "AN": 1996,
   "S": "M",
   "Bloque": 6,
   "nc": 0,
   "Salida": "2:12:00",
   "Meta": "",
   "Tiempo": "",
   "Estado clas.": 0,
   "Bonificación -": "",
   "Penalización +": "",
   "Comentario": "",
   "Nº de club": 307,
   "Ciudad": "Pontevedra",
   "Club": "RAZA_PALLEIRA",
   "Nac": "ESP",
   "Situación": "",
   "Región": "",
   "Nº de categoría": 51,
   "Corto": "M-E",
   "Largo": "M-E",
   "Nº Cat. Ins.": 51,
   "Categoría inscrita (corto)": "M-E",
   "Categoría inscrita (largo)": "M-E",
   "Pos. Ranking": "",
   "Puntos de ranking": "",
   "Num1": 27001151,
   "Num2": 41847,
   "Num3": "",
   "Text1": "34284582T",
   "Text2": "A1",
   "Text3": "",
   "Dir. apellidos": "",
   "Dir. nombre": "",
   "Dirección": "",
   "Línea 2": "",
   "CP": "",
   "Dir. ciudad": "",
   "Teléfono": "",
   "Móvil": "nan",
   "Fax": "",
   "Correo-e": "",
   "Alquilado": "0",
   "Cuota de inscripción": "30,00",
   "Pagado": "X",
   "Equipo": "",
   "Nº de recorrido": "",
   "Recorrido": "",
   "km": "",
   "m": "",
   "Puntos de control": "",
   "FIELD58": ""
 },
 {
   "OE0001": "",
   "Dorsal": 9,
   "Dorsal alt.": "",
   "Nº chip": 8657332,
   "Id. de la base de datos": 9551,
   "Apellidos": "Sanchis Pont",
   "Nombre": "Hector",
   "AN": 2002,
   "S": "M",
   "Bloque": 6,
   "nc": 0,
   "Salida": "2:14:00",
   "Meta": "",
   "Tiempo": "",
   "Estado clas.": 0,
   "Bonificación -": "",
   "Penalización +": "",
   "Comentario": "",
   "Nº de club": 158,
   "Ciudad": "Alicante",
   "Club": "CEAM_IBI-O",
   "Nac": "ESP",
   "Situación": "",
   "Región": "",
   "Nº de categoría": 51,
   "Corto": "M-E",
   "Largo": "M-E",
   "Nº Cat. Ins.": 51,
   "Categoría inscrita (corto)": "M-E",
   "Categoría inscrita (largo)": "M-E",
   "Pos. Ranking": "",
   "Puntos de ranking": "",
   "Num1": 3005659,
   "Num2": 44331,
   "Num3": "",
   "Text1": "48724210K",
   "Text2": "A1",
   "Text3": "",
   "Dir. apellidos": "",
   "Dir. nombre": "",
   "Dirección": "",
   "Línea 2": "",
   "CP": "",
   "Dir. ciudad": "",
   "Teléfono": "",
   "Móvil": "623041426",
   "Fax": "",
   "Correo-e": "",
   "Alquilado": "0",
   "Cuota de inscripción": "32,00",
   "Pagado": "X",
   "Equipo": "",
   "Nº de recorrido": "",
   "Recorrido": "",
   "km": "",
   "m": "",
   "Puntos de control": "",
   "FIELD58": ""
 },
 {
   "OE0001": "",
   "Dorsal": 8,
   "Dorsal alt.": "",
   "Nº chip": 8664070,
   "Id. de la base de datos": 11604,
   "Apellidos": "Ferrando Galán",
   "Nombre": "Pablo",
   "AN": 2002,
   "S": "M",
   "Bloque": 6,
   "nc": 0,
   "Salida": "2:16:00",
   "Meta": "",
   "Tiempo": "",
   "Estado clas.": 0,
   "Bonificación -": "",
   "Penalización +": "",
   "Comentario": "",
   "Nº de club": 68,
   "Ciudad": "Toledo",
   "Club": "TOLEDO-O",
   "Nac": "ESP",
   "Situación": "",
   "Región": "",
   "Nº de categoría": 51,
   "Corto": "M-E",
   "Largo": "M-E",
   "Nº Cat. Ins.": 51,
   "Categoría inscrita (corto)": "M-E",
   "Categoría inscrita (largo)": "M-E",
   "Pos. Ranking": "",
   "Puntos de ranking": "",
   "Num1": 45007652,
   "Num2": 33659,
   "Num3": "",
   "Text1": "03958395A",
   "Text2": "A1",
   "Text3": "",
   "Dir. apellidos": "",
   "Dir. nombre": "",
   "Dirección": "",
   "Línea 2": "",
   "CP": "",
   "Dir. ciudad": "",
   "Teléfono": "",
   "Móvil": "nan",
   "Fax": "",
   "Correo-e": "",
   "Alquilado": "0",
   "Cuota de inscripción": "28,00",
   "Pagado": "X",
   "Equipo": "",
   "Nº de recorrido": "",
   "Recorrido": "",
   "km": "",
   "m": "",
   "Puntos de control": "",
   "FIELD58": ""
 },
 {
   "OE0001": "",
   "Dorsal": 7,
   "Dorsal alt.": "",
   "Nº chip": 8665009,
   "Id. de la base de datos": 10070,
   "Apellidos": "Hernández Pindado",
   "Nombre": "Isaac",
   "AN": 2001,
   "S": "M",
   "Bloque": 8,
   "nc": 0,
   "Salida": "2:18:00",
   "Meta": "",
   "Tiempo": "",
   "Estado clas.": 0,
   "Bonificación -": "",
   "Penalización +": "",
   "Comentario": "",
   "Nº de club": 24,
   "Ciudad": "Badajoz",
   "Club": "CODAN_EXTREMADURA",
   "Nac": "ESP",
   "Situación": "",
   "Región": "",
   "Nº de categoría": 51,
   "Corto": "M-E",
   "Largo": "M-E",
   "Nº Cat. Ins.": 51,
   "Categoría inscrita (corto)": "M-E",
   "Categoría inscrita (largo)": "M-E",
   "Pos. Ranking": "",
   "Puntos de ranking": "",
   "Num1": 6006178,
   "Num2": 37625,
   "Num3": "",
   "Text1": "70941023F",
   "Text2": "A1",
   "Text3": "",
   "Dir. apellidos": "",
   "Dir. nombre": "",
   "Dirección": "",
   "Línea 2": "",
   "CP": "",
   "Dir. ciudad": "",
   "Teléfono": "",
   "Móvil": "nan",
   "Fax": "",
   "Correo-e": "",
   "Alquilado": "0",
   "Cuota de inscripción": "28,00",
   "Pagado": "0",
   "Equipo": "",
   "Nº de recorrido": "",
   "Recorrido": "",
   "km": "",
   "m": "",
   "Puntos de control": "",
   "FIELD58": ""
 },
 {
   "OE0001": "",
   "Dorsal": 6,
   "Dorsal alt.": "",
   "Nº chip": 8650855,
   "Id. de la base de datos": 365,
   "Apellidos": "Serrallonga Arqués",
   "Nombre": "Marc",
   "AN": 1992,
   "S": "M",
   "Bloque": 8,
   "nc": 0,
   "Salida": "2:20:00",
   "Meta": "",
   "Tiempo": "",
   "Estado clas.": 0,
   "Bonificación -": "",
   "Penalización +": "",
   "Comentario": "",
   "Nº de club": 272,
   "Ciudad": "Girona",
   "Club": "CAT-O",
   "Nac": "ESP",
   "Situación": "",
   "Región": "",
   "Nº de categoría": 51,
   "Corto": "M-E",
   "Largo": "M-E",
   "Nº Cat. Ins.": 51,
   "Categoría inscrita (corto)": "M-E",
   "Categoría inscrita (largo)": "M-E",
   "Pos. Ranking": "",
   "Puntos de ranking": "",
   "Num1": 17001716,
   "Num2": 7117,
   "Num3": "",
   "Text1": "47952137N",
   "Text2": "A1",
   "Text3": "",
   "Dir. apellidos": "",
   "Dir. nombre": "",
   "Dirección": "",
   "Línea 2": "",
   "CP": "",
   "Dir. ciudad": "",
   "Teléfono": "",
   "Móvil": "934734497",
   "Fax": "",
   "Correo-e": "",
   "Alquilado": "0",
   "Cuota de inscripción": "26,00",
   "Pagado": "X",
   "Equipo": "",
   "Nº de recorrido": "",
   "Recorrido": "",
   "km": "",
   "m": "",
   "Puntos de control": "",
   "FIELD58": ""
 },
 {
   "OE0001": "",
   "Dorsal": 5,
   "Dorsal alt.": "",
   "Nº chip": 8650854,
   "Id. de la base de datos": 4632,
   "Apellidos": "Gil Marcos",
   "Nombre": "Eduardo",
   "AN": 1994,
   "S": "M",
   "Bloque": 8,
   "nc": 0,
   "Salida": "2:22:00",
   "Meta": "",
   "Tiempo": "",
   "Estado clas.": 0,
   "Bonificación -": "",
   "Penalización +": "",
   "Comentario": "",
   "Nº de club": 96,
   "Ciudad": "Burgos",
   "Club": "TJALVE",
   "Nac": "ESP",
   "Situación": "",
   "Región": "",
   "Nº de categoría": 51,
   "Corto": "M-E",
   "Largo": "M-E",
   "Nº Cat. Ins.": 51,
   "Categoría inscrita (corto)": "M-E",
   "Categoría inscrita (largo)": "M-E",
   "Pos. Ranking": "",
   "Puntos de ranking": "",
   "Num1": 9002135,
   "Num2": 13255,
   "Num3": "",
   "Text1": "71298161R",
   "Text2": "A1",
   "Text3": "",
   "Dir. apellidos": "",
   "Dir. nombre": "",
   "Dirección": "",
   "Línea 2": "",
   "CP": "",
   "Dir. ciudad": "",
   "Teléfono": "",
   "Móvil": "947270794",
   "Fax": "",
   "Correo-e": "",
   "Alquilado": "0",
   "Cuota de inscripción": "28,00",
   "Pagado": "0",
   "Equipo": "",
   "Nº de recorrido": "",
   "Recorrido": "",
   "km": "",
   "m": "",
   "Puntos de control": "",
   "FIELD58": ""
 },
 {
   "OE0001": "",
   "Dorsal": 4,
   "Dorsal alt.": "",
   "Nº chip": 8150300,
   "Id. de la base de datos": 6612,
   "Apellidos": "Rojas Jiménez",
   "Nombre": "David",
   "AN": 2000,
   "S": "M",
   "Bloque": 8,
   "nc": 0,
   "Salida": "2:24:00",
   "Meta": "",
   "Tiempo": "",
   "Estado clas.": 0,
   "Bonificación -": "",
   "Penalización +": "",
   "Comentario": "",
   "Nº de club": 137,
   "Ciudad": "Madrid",
   "Club": "ALABARDA-O",
   "Nac": "ESP",
   "Situación": "",
   "Región": "",
   "Nº de categoría": 51,
   "Corto": "M-E",
   "Largo": "M-E",
   "Nº Cat. Ins.": 51,
   "Categoría inscrita (corto)": "M-E",
   "Categoría inscrita (largo)": "M-E",
   "Pos. Ranking": "",
   "Puntos de ranking": "",
   "Num1": 28000636,
   "Num2": 33650,
   "Num3": "",
   "Text1": "51535801T",
   "Text2": "A1",
   "Text3": "",
   "Dir. apellidos": "",
   "Dir. nombre": "",
   "Dirección": "",
   "Línea 2": "",
   "CP": "",
   "Dir. ciudad": "",
   "Teléfono": "",
   "Móvil": "665315407",
   "Fax": "",
   "Correo-e": "",
   "Alquilado": "0",
   "Cuota de inscripción": "28,00",
   "Pagado": "0",
   "Equipo": "",
   "Nº de recorrido": "",
   "Recorrido": "",
   "km": "",
   "m": "",
   "Puntos de control": "",
   "FIELD58": ""
 },
 {
   "OE0001": "",
   "Dorsal": 3,
   "Dorsal alt.": "",
   "Nº chip": 8647673,
   "Id. de la base de datos": 126,
   "Apellidos": "Nogueira De La Muela",
   "Nombre": "Luis",
   "AN": 1989,
   "S": "M",
   "Bloque": 8,
   "nc": 0,
   "Salida": "2:26:00",
   "Meta": "",
   "Tiempo": "",
   "Estado clas.": 0,
   "Bonificación -": "",
   "Penalización +": "",
   "Comentario": "",
   "Nº de club": 26,
   "Ciudad": "Málaga",
   "Club": "COMA",
   "Nac": "ESP",
   "Situación": "",
   "Región": "",
   "Nº de categoría": 51,
   "Corto": "M-E",
   "Largo": "M-E",
   "Nº Cat. Ins.": 51,
   "Categoría inscrita (corto)": "M-E",
   "Categoría inscrita (largo)": "M-E",
   "Pos. Ranking": "",
   "Puntos de ranking": "",
   "Num1": 29000374,
   "Num2": 13880,
   "Num3": "",
   "Text1": "44597479L",
   "Text2": "A1",
   "Text3": "",
   "Dir. apellidos": "",
   "Dir. nombre": "",
   "Dirección": "",
   "Línea 2": "",
   "CP": "",
   "Dir. ciudad": "",
   "Teléfono": "",
   "Móvil": "616277095",
   "Fax": "",
   "Correo-e": "",
   "Alquilado": "0",
   "Cuota de inscripción": "20,00",
   "Pagado": "X",
   "Equipo": "",
   "Nº de recorrido": "",
   "Recorrido": "",
   "km": "",
   "m": "",
   "Puntos de control": "",
   "FIELD58": ""
 },
 {
   "OE0001": "",
   "Dorsal": 2,
   "Dorsal alt.": "",
   "Nº chip": 8657337,
   "Id. de la base de datos": 4285,
   "Apellidos": "Casado Gómez",
   "Nombre": "Álvaro",
   "AN": 2000,
   "S": "M",
   "Bloque": 8,
   "nc": 0,
   "Salida": "2:28:00",
   "Meta": "",
   "Tiempo": "",
   "Estado clas.": 0,
   "Bonificación -": "",
   "Penalización +": "",
   "Comentario": "",
   "Nº de club": 39,
   "Ciudad": "Madrid",
   "Club": "GOCAN",
   "Nac": "ESP",
   "Situación": "",
   "Región": "",
   "Nº de categoría": 51,
   "Corto": "M-E",
   "Largo": "M-E",
   "Nº Cat. Ins.": 51,
   "Categoría inscrita (corto)": "M-E",
   "Categoría inscrita (largo)": "M-E",
   "Pos. Ranking": "",
   "Puntos de ranking": "",
   "Num1": 28000567,
   "Num2": 28538,
   "Num3": "",
   "Text1": "05950504J",
   "Text2": "A1",
   "Text3": "",
   "Dir. apellidos": "",
   "Dir. nombre": "",
   "Dirección": "",
   "Línea 2": "",
   "CP": "",
   "Dir. ciudad": "",
   "Teléfono": "",
   "Móvil": "917422629",
   "Fax": "",
   "Correo-e": "",
   "Alquilado": "0",
   "Cuota de inscripción": "28,00",
   "Pagado": "X",
   "Equipo": "",
   "Nº de recorrido": "",
   "Recorrido": "",
   "km": "",
   "m": "",
   "Puntos de control": "",
   "FIELD58": ""
 },
 {
   "OE0001": "",
   "Dorsal": 1,
   "Dorsal alt.": "",
   "Nº chip": 8019233,
   "Id. de la base de datos": 5212,
   "Apellidos": "Llorens Caellas",
   "Nombre": "Pau",
   "AN": 1994,
   "S": "M",
   "Bloque": 8,
   "nc": 0,
   "Salida": "2:30:00",
   "Meta": "",
   "Tiempo": "",
   "Estado clas.": 0,
   "Bonificación -": "",
   "Penalización +": "",
   "Comentario": "",
   "Nº de club": 272,
   "Ciudad": "Girona",
   "Club": "CAT-O",
   "Nac": "ESP",
   "Situación": "",
   "Región": "",
   "Nº de categoría": 51,
   "Corto": "M-E",
   "Largo": "M-E",
   "Nº Cat. Ins.": 51,
   "Categoría inscrita (corto)": "M-E",
   "Categoría inscrita (largo)": "M-E",
   "Pos. Ranking": "",
   "Puntos de ranking": "",
   "Num1": 8001814,
   "Num2": 18699,
   "Num3": "",
   "Text1": "39398784Z",
   "Text2": "A1",
   "Text3": "",
   "Dir. apellidos": "",
   "Dir. nombre": "",
   "Dirección": "",
   "Línea 2": "",
   "CP": "",
   "Dir. ciudad": "",
   "Teléfono": "",
   "Móvil": "616104226",
   "Fax": "",
   "Correo-e": "",
   "Alquilado": "0",
   "Cuota de inscripción": "28,00",
   "Pagado": "0",
   "Equipo": "",
   "Nº de recorrido": "",
   "Recorrido": "",
   "km": "",
   "m": "",
   "Puntos de control": "",
   "FIELD58": ""
 },
 {
   "OE0001": "",
   "Dorsal": 120,
   "Dorsal alt.": "",
   "Nº chip": 8237654,
   "Id. de la base de datos": 19449,
   "Apellidos": "Lüscher Alemany",
   "Nombre": "Jana",
   "AN": 2000,
   "S": "F",
   "Bloque": 2,
   "nc": 0,
   "Salida": "0:56:00",
   "Meta": "",
   "Tiempo": "",
   "Estado clas.": 0,
   "Bonificación -": "",
   "Penalización +": "",
   "Comentario": "",
   "Nº de club": 77,
   "Ciudad": "Barcelona",
   "Club": "UEVIC",
   "Nac": "ESP",
   "Situación": "",
   "Región": "",
   "Nº de categoría": 52,
   "Corto": "F-E",
   "Largo": "F-E",
   "Nº Cat. Ins.": 52,
   "Categoría inscrita (corto)": "F-E",
   "Categoría inscrita (largo)": "F-E",
   "Pos. Ranking": "",
   "Puntos de ranking": "",
   "Num1": 19449,
   "Num2": 46011,
   "Num3": "",
   "Text1": "49656242R",
   "Text2": "A1",
   "Text3": "",
   "Dir. apellidos": "",
   "Dir. nombre": "",
   "Dirección": "",
   "Línea 2": "",
   "CP": "",
   "Dir. ciudad": "",
   "Teléfono": "",
   "Móvil": "662252207",
   "Fax": "",
   "Correo-e": "",
   "Alquilado": "0",
   "Cuota de inscripción": "28,00",
   "Pagado": "X",
   "Equipo": "",
   "Nº de recorrido": "",
   "Recorrido": "",
   "km": "",
   "m": "",
   "Puntos de control": "",
   "FIELD58": ""
 },
 {
   "OE0001": "",
   "Dorsal": 119,
   "Dorsal alt.": "",
   "Nº chip": 8003883,
   "Id. de la base de datos": 23156,
   "Apellidos": "Börjesson  Eriksson",
   "Nombre": "Jennie",
   "AN": 1998,
   "S": "F",
   "Bloque": 2,
   "nc": 0,
   "Salida": "0:59:00",
   "Meta": "",
   "Tiempo": "",
   "Estado clas.": 0,
   "Bonificación -": "",
   "Penalización +": "",
   "Comentario": "",
   "Nº de club": 307,
   "Ciudad": "Pontevedra",
   "Club": "RAZA_PALLEIRA",
   "Nac": "ESP",
   "Situación": "",
   "Región": "",
   "Nº de categoría": 52,
   "Corto": "F-E",
   "Largo": "F-E",
   "Nº Cat. Ins.": 52,
   "Categoría inscrita (corto)": "F-E",
   "Categoría inscrita (largo)": "F-E",
   "Pos. Ranking": "",
   "Puntos de ranking": "",
   "Num1": 23156,
   "Num2": 33938,
   "Num3": "",
   "Text1": "36331670",
   "Text2": "A2",
   "Text3": "",
   "Dir. apellidos": "",
   "Dir. nombre": "",
   "Dirección": "",
   "Línea 2": "",
   "CP": "",
   "Dir. ciudad": "",
   "Teléfono": "",
   "Móvil": "46720031467",
   "Fax": "",
   "Correo-e": "",
   "Alquilado": "0",
   "Cuota de inscripción": "30,00",
   "Pagado": "X",
   "Equipo": "",
   "Nº de recorrido": "",
   "Recorrido": "",
   "km": "",
   "m": "",
   "Puntos de control": "",
   "FIELD58": ""
 },
 {
   "OE0001": "",
   "Dorsal": 118,
   "Dorsal alt.": "",
   "Nº chip": 8655041,
   "Id. de la base de datos": 6912,
   "Apellidos": "Serrallonga Rosell",
   "Nombre": "Mar",
   "AN": 1997,
   "S": "F",
   "Bloque": 4,
   "nc": 0,
   "Salida": "1:09:00",
   "Meta": "",
   "Tiempo": "",
   "Estado clas.": 0,
   "Bonificación -": "",
   "Penalización +": "",
   "Comentario": "",
   "Nº de club": 90,
   "Ciudad": "Girona",
   "Club": "GOXTREME BARCELONA",
   "Nac": "ESP",
   "Situación": "",
   "Región": "",
   "Nº de categoría": 52,
   "Corto": "F-E",
   "Largo": "F-E",
   "Nº Cat. Ins.": 52,
   "Categoría inscrita (corto)": "F-E",
   "Categoría inscrita (largo)": "F-E",
   "Pos. Ranking": "",
   "Puntos de ranking": "",
   "Num1": 17001803,
   "Num2": 40237,
   "Num3": "",
   "Text1": "23843964W",
   "Text2": "A1",
   "Text3": "",
   "Dir. apellidos": "",
   "Dir. nombre": "",
   "Dirección": "",
   "Línea 2": "",
   "CP": "",
   "Dir. ciudad": "",
   "Teléfono": "",
   "Móvil": "629406081",
   "Fax": "",
   "Correo-e": "",
   "Alquilado": "0",
   "Cuota de inscripción": "28,00",
   "Pagado": "X",
   "Equipo": "",
   "Nº de recorrido": "",
   "Recorrido": "",
   "km": "",
   "m": "",
   "Puntos de control": "",
   "FIELD58": ""
 },
 {
   "OE0001": "",
   "Dorsal": 117,
   "Dorsal alt.": "",
   "Nº chip": 8422409,
   "Id. de la base de datos": 4929,
   "Apellidos": "Moreno Zúñiga",
   "Nombre": "Guadalupe",
   "AN": 1970,
   "S": "F",
   "Bloque": 4,
   "nc": 0,
   "Salida": "1:12:00",
   "Meta": "",
   "Tiempo": "",
   "Estado clas.": 0,
   "Bonificación -": "",
   "Penalización +": "",
   "Comentario": "",
   "Nº de club": 41,
   "Ciudad": "Zaragoza",
   "Club": "IBON ZARAGOZA",
   "Nac": "ESP",
   "Situación": "",
   "Región": "",
   "Nº de categoría": 52,
   "Corto": "F-E",
   "Largo": "F-E",
   "Nº Cat. Ins.": 52,
   "Categoría inscrita (corto)": "F-E",
   "Categoría inscrita (largo)": "F-E",
   "Pos. Ranking": "",
   "Puntos de ranking": "",
   "Num1": 28000407,
   "Num2": 19247,
   "Num3": "",
   "Text1": "01178769L",
   "Text2": "A1",
   "Text3": "",
   "Dir. apellidos": "",
   "Dir. nombre": "",
   "Dirección": "",
   "Línea 2": "",
   "CP": "",
   "Dir. ciudad": "",
   "Teléfono": "",
   "Móvil": "629302198",
   "Fax": "",
   "Correo-e": "",
   "Alquilado": "0",
   "Cuota de inscripción": "20,00",
   "Pagado": "0",
   "Equipo": "",
   "Nº de recorrido": "",
   "Recorrido": "",
   "km": "",
   "m": "",
   "Puntos de control": "",
   "FIELD58": ""
 },
 {
   "OE0001": "",
   "Dorsal": 116,
   "Dorsal alt.": "",
   "Nº chip": 8665054,
   "Id. de la base de datos": 380,
   "Apellidos": "Trabal Garmon",
   "Nombre": "Alba",
   "AN": 1987,
   "S": "F",
   "Bloque": 4,
   "nc": 0,
   "Salida": "1:15:00",
   "Meta": "",
   "Tiempo": "",
   "Estado clas.": 0,
   "Bonificación -": "",
   "Penalización +": "",
   "Comentario": "",
   "Nº de club": 272,
   "Ciudad": "Girona",
   "Club": "CAT-O",
   "Nac": "ESP",
   "Situación": "",
   "Región": "",
   "Nº de categoría": 52,
   "Corto": "F-E",
   "Largo": "F-E",
   "Nº Cat. Ins.": 52,
   "Categoría inscrita (corto)": "F-E",
   "Categoría inscrita (largo)": "F-E",
   "Pos. Ranking": "",
   "Puntos de ranking": "",
   "Num1": 90220404,
   "Num2": null,
   "Num3": "",
   "Text1": "46412521Q",
   "Text2": "A1",
   "Text3": "",
   "Dir. apellidos": "",
   "Dir. nombre": "",
   "Dirección": "",
   "Línea 2": "",
   "CP": "",
   "Dir. ciudad": "",
   "Teléfono": "",
   "Móvil": "600612342",
   "Fax": "",
   "Correo-e": "",
   "Alquilado": "0",
   "Cuota de inscripción": "28,00",
   "Pagado": "0",
   "Equipo": "",
   "Nº de recorrido": "",
   "Recorrido": "",
   "km": "",
   "m": "",
   "Puntos de control": "",
   "FIELD58": ""
 },
 {
   "OE0001": "",
   "Dorsal": 115,
   "Dorsal alt.": "",
   "Nº chip": 8655836,
   "Id. de la base de datos": 10722,
   "Apellidos": "Piñeiro Varela",
   "Nombre": "María",
   "AN": 2001,
   "S": "F",
   "Bloque": 4,
   "nc": 0,
   "Salida": "1:18:00",
   "Meta": "",
   "Tiempo": "",
   "Estado clas.": 0,
   "Bonificación -": "",
   "Penalización +": "",
   "Comentario": "",
   "Nº de club": 13,
   "Ciudad": "La Coruña",
   "Club": "ARTABROS",
   "Nac": "ESP",
   "Situación": "",
   "Región": "",
   "Nº de categoría": 52,
   "Corto": "F-E",
   "Largo": "F-E",
   "Nº Cat. Ins.": 52,
   "Categoría inscrita (corto)": "F-E",
   "Categoría inscrita (largo)": "F-E",
   "Pos. Ranking": "",
   "Puntos de ranking": "",
   "Num1": 15006806,
   "Num2": null,
   "Num3": "",
   "Text1": "34310921G",
   "Text2": "A1",
   "Text3": "",
   "Dir. apellidos": "",
   "Dir. nombre": "",
   "Dirección": "",
   "Línea 2": "",
   "CP": "",
   "Dir. ciudad": "",
   "Teléfono": "",
   "Móvil": "646607589",
   "Fax": "",
   "Correo-e": "",
   "Alquilado": "0",
   "Cuota de inscripción": "30,00",
   "Pagado": "X",
   "Equipo": "",
   "Nº de recorrido": "",
   "Recorrido": "",
   "km": "",
   "m": "",
   "Puntos de control": "",
   "FIELD58": ""
 },
 {
   "OE0001": "",
   "Dorsal": 114,
   "Dorsal alt.": "",
   "Nº chip": 8650824,
   "Id. de la base de datos": 10605,
   "Apellidos": "Martí Romaní",
   "Nombre": "Joana",
   "AN": 2000,
   "S": "F",
   "Bloque": 6,
   "nc": 0,
   "Salida": "1:21:00",
   "Meta": "",
   "Tiempo": "",
   "Estado clas.": 0,
   "Bonificación -": "",
   "Penalización +": "",
   "Comentario": "",
   "Nº de club": 272,
   "Ciudad": "Girona",
   "Club": "CAT-O",
   "Nac": "ESP",
   "Situación": "",
   "Región": "",
   "Nº de categoría": 52,
   "Corto": "F-E",
   "Largo": "F-E",
   "Nº Cat. Ins.": 52,
   "Categoría inscrita (corto)": "F-E",
   "Categoría inscrita (largo)": "F-E",
   "Pos. Ranking": "",
   "Puntos de ranking": "",
   "Num1": 17006695,
   "Num2": 43782,
   "Num3": "",
   "Text1": "41671159N",
   "Text2": "A1",
   "Text3": "",
   "Dir. apellidos": "",
   "Dir. nombre": "",
   "Dirección": "",
   "Línea 2": "",
   "CP": "",
   "Dir. ciudad": "",
   "Teléfono": "",
   "Móvil": "nan",
   "Fax": "",
   "Correo-e": "",
   "Alquilado": "0",
   "Cuota de inscripción": "26,00",
   "Pagado": "X",
   "Equipo": "",
   "Nº de recorrido": "",
   "Recorrido": "",
   "km": "",
   "m": "",
   "Puntos de control": "",
   "FIELD58": ""
 },
 {
   "OE0001": "",
   "Dorsal": 113,
   "Dorsal alt.": "",
   "Nº chip": 8653286,
   "Id. de la base de datos": 11275,
   "Apellidos": "Defez Cernicharo",
   "Nombre": "Ana",
   "AN": 2001,
   "S": "F",
   "Bloque": 6,
   "nc": 0,
   "Salida": "1:24:00",
   "Meta": "",
   "Tiempo": "",
   "Estado clas.": 0,
   "Bonificación -": "",
   "Penalización +": "",
   "Comentario": "",
   "Nº de club": 271,
   "Ciudad": "Albacete",
   "Club": "BMT CASAS DE VES",
   "Nac": "ESP",
   "Situación": "",
   "Región": "",
   "Nº de categoría": 52,
   "Corto": "F-E",
   "Largo": "F-E",
   "Nº Cat. Ins.": 52,
   "Categoría inscrita (corto)": "F-E",
   "Categoría inscrita (largo)": "F-E",
   "Pos. Ranking": "",
   "Puntos de ranking": "",
   "Num1": 2007349,
   "Num2": null,
   "Num3": "",
   "Text1": "74524448D",
   "Text2": "A1",
   "Text3": "",
   "Dir. apellidos": "",
   "Dir. nombre": "",
   "Dirección": "",
   "Línea 2": "",
   "CP": "",
   "Dir. ciudad": "",
   "Teléfono": "",
   "Móvil": "nan",
   "Fax": "",
   "Correo-e": "",
   "Alquilado": "0",
   "Cuota de inscripción": "30,00",
   "Pagado": "0",
   "Equipo": "",
   "Nº de recorrido": "",
   "Recorrido": "",
   "km": "",
   "m": "",
   "Puntos de control": "",
   "FIELD58": ""
 },
 {
   "OE0001": "",
   "Dorsal": 112,
   "Dorsal alt.": "",
   "Nº chip": 8651947,
   "Id. de la base de datos": 1642,
   "Apellidos": "Pons Pérez",
   "Nombre": "Amanda",
   "AN": 1989,
   "S": "F",
   "Bloque": 6,
   "nc": 0,
   "Salida": "1:27:00",
   "Meta": "",
   "Tiempo": "",
   "Estado clas.": 0,
   "Bonificación -": "",
   "Penalización +": "",
   "Comentario": "",
   "Nº de club": 31,
   "Ciudad": "Burgos",
   "Club": "CORZO",
   "Nac": "ESP",
   "Situación": "",
   "Región": "",
   "Nº de categoría": 52,
   "Corto": "F-E",
   "Largo": "F-E",
   "Nº Cat. Ins.": 52,
   "Categoría inscrita (corto)": "F-E",
   "Categoría inscrita (largo)": "F-E",
   "Pos. Ranking": "",
   "Puntos de ranking": "",
   "Num1": 47002373,
   "Num2": 22017,
   "Num3": "",
   "Text1": "45851047H",
   "Text2": "A1",
   "Text3": "",
   "Dir. apellidos": "",
   "Dir. nombre": "",
   "Dirección": "",
   "Línea 2": "",
   "CP": "",
   "Dir. ciudad": "",
   "Teléfono": "",
   "Móvil": "670837566",
   "Fax": "",
   "Correo-e": "",
   "Alquilado": "0",
   "Cuota de inscripción": "20,00",
   "Pagado": "0",
   "Equipo": "",
   "Nº de recorrido": "",
   "Recorrido": "",
   "km": "",
   "m": "",
   "Puntos de control": "",
   "FIELD58": ""
 },
 {
   "OE0001": "",
   "Dorsal": 111,
   "Dorsal alt.": "",
   "Nº chip": 8662023,
   "Id. de la base de datos": 10745,
   "Apellidos": "Aparicio Garrigós",
   "Nombre": "Marina",
   "AN": 2002,
   "S": "F",
   "Bloque": 6,
   "nc": 0,
   "Salida": "1:30:00",
   "Meta": "",
   "Tiempo": "",
   "Estado clas.": 0,
   "Bonificación -": "",
   "Penalización +": "",
   "Comentario": "",
   "Nº de club": 158,
   "Ciudad": "Alicante",
   "Club": "CEAM_IBI-O",
   "Nac": "ESP",
   "Situación": "",
   "Región": "",
   "Nº de categoría": 52,
   "Corto": "F-E",
   "Largo": "F-E",
   "Nº Cat. Ins.": 52,
   "Categoría inscrita (corto)": "F-E",
   "Categoría inscrita (largo)": "F-E",
   "Pos. Ranking": "",
   "Puntos de ranking": "",
   "Num1": 3006829,
   "Num2": 44316,
   "Num3": "",
   "Text1": "23900964P",
   "Text2": "A1",
   "Text3": "",
   "Dir. apellidos": "",
   "Dir. nombre": "",
   "Dirección": "",
   "Línea 2": "",
   "CP": "",
   "Dir. ciudad": "",
   "Teléfono": "",
   "Móvil": "622136162",
   "Fax": "",
   "Correo-e": "",
   "Alquilado": "0",
   "Cuota de inscripción": "28,00",
   "Pagado": "X",
   "Equipo": "",
   "Nº de recorrido": "",
   "Recorrido": "",
   "km": "",
   "m": "",
   "Puntos de control": "",
   "FIELD58": ""
 },
 {
   "OE0001": "",
   "Dorsal": 110,
   "Dorsal alt.": "",
   "Nº chip": 8021195,
   "Id. de la base de datos": 6280,
   "Apellidos": "Parga Basanta",
   "Nombre": "Lucia",
   "AN": 1995,
   "S": "F",
   "Bloque": 6,
   "nc": 0,
   "Salida": "1:33:00",
   "Meta": "",
   "Tiempo": "",
   "Estado clas.": 0,
   "Bonificación -": "",
   "Penalización +": "",
   "Comentario": "",
   "Nº de club": 12,
   "Ciudad": "Pontevedra",
   "Club": "AROMON",
   "Nac": "ESP",
   "Situación": "",
   "Región": "",
   "Nº de categoría": 52,
   "Corto": "F-E",
   "Largo": "F-E",
   "Nº Cat. Ins.": 52,
   "Categoría inscrita (corto)": "F-E",
   "Categoría inscrita (largo)": "F-E",
   "Pos. Ranking": "",
   "Puntos de ranking": "",
   "Num1": 27001159,
   "Num2": 40655,
   "Num3": "",
   "Text1": "33555269V",
   "Text2": "A1",
   "Text3": "",
   "Dir. apellidos": "",
   "Dir. nombre": "",
   "Dirección": "",
   "Línea 2": "",
   "CP": "",
   "Dir. ciudad": "",
   "Teléfono": "",
   "Móvil": "nan",
   "Fax": "",
   "Correo-e": "",
   "Alquilado": "0",
   "Cuota de inscripción": "30,00",
   "Pagado": "0",
   "Equipo": "",
   "Nº de recorrido": "",
   "Recorrido": "",
   "km": "",
   "m": "",
   "Puntos de control": "",
   "FIELD58": ""
 },
 {
   "OE0001": "",
   "Dorsal": 109,
   "Dorsal alt.": "",
   "Nº chip": 8011117,
   "Id. de la base de datos": 3552,
   "Apellidos": "Patiño Déniz",
   "Nombre": "Carmen",
   "AN": 1994,
   "S": "F",
   "Bloque": 6,
   "nc": 0,
   "Salida": "1:36:00",
   "Meta": "",
   "Tiempo": "",
   "Estado clas.": 0,
   "Bonificación -": "",
   "Penalización +": "",
   "Comentario": "",
   "Nº de club": 68,
   "Ciudad": "Toledo",
   "Club": "TOLEDO-O",
   "Nac": "ESP",
   "Situación": "",
   "Región": "",
   "Nº de categoría": 52,
   "Corto": "F-E",
   "Largo": "F-E",
   "Nº Cat. Ins.": 52,
   "Categoría inscrita (corto)": "F-E",
   "Categoría inscrita (largo)": "F-E",
   "Pos. Ranking": "",
   "Puntos de ranking": "",
   "Num1": 45002306,
   "Num2": 4452,
   "Num3": "",
   "Text1": "03937021L",
   "Text2": "A1",
   "Text3": "",
   "Dir. apellidos": "",
   "Dir. nombre": "",
   "Dirección": "",
   "Línea 2": "",
   "CP": "",
   "Dir. ciudad": "",
   "Teléfono": "",
   "Móvil": "606333495",
   "Fax": "",
   "Correo-e": "",
   "Alquilado": "0",
   "Cuota de inscripción": "26,00",
   "Pagado": "X",
   "Equipo": "",
   "Nº de recorrido": "",
   "Recorrido": "",
   "km": "",
   "m": "",
   "Puntos de control": "",
   "FIELD58": ""
 },
 {
   "OE0001": "",
   "Dorsal": 108,
   "Dorsal alt.": "",
   "Nº chip": 8655276,
   "Id. de la base de datos": 5263,
   "Apellidos": "García Castro",
   "Nombre": "Marina",
   "AN": 1994,
   "S": "F",
   "Bloque": 6,
   "nc": 0,
   "Salida": "1:39:00",
   "Meta": "",
   "Tiempo": "",
   "Estado clas.": 0,
   "Bonificación -": "",
   "Penalización +": "",
   "Comentario": "",
   "Nº de club": 82,
   "Ciudad": "León",
   "Club": "ALCON",
   "Nac": "ESP",
   "Situación": "",
   "Región": "",
   "Nº de categoría": 52,
   "Corto": "F-E",
   "Largo": "F-E",
   "Nº Cat. Ins.": 52,
   "Categoría inscrita (corto)": "F-E",
   "Categoría inscrita (largo)": "F-E",
   "Pos. Ranking": "",
   "Puntos de ranking": "",
   "Num1": 24002431,
   "Num2": 20064,
   "Num3": "",
   "Text1": "71432941R",
   "Text2": "A1",
   "Text3": "",
   "Dir. apellidos": "",
   "Dir. nombre": "",
   "Dirección": "",
   "Línea 2": "",
   "CP": "",
   "Dir. ciudad": "",
   "Teléfono": "",
   "Móvil": "676433096",
   "Fax": "",
   "Correo-e": "",
   "Alquilado": "0",
   "Cuota de inscripción": "28,00",
   "Pagado": "0",
   "Equipo": "",
   "Nº de recorrido": "",
   "Recorrido": "",
   "km": "",
   "m": "",
   "Puntos de control": "",
   "FIELD58": ""
 },
 {
   "OE0001": "",
   "Dorsal": 107,
   "Dorsal alt.": "",
   "Nº chip": 8650859,
   "Id. de la base de datos": 3501,
   "Apellidos": "Guijo Alonso",
   "Nombre": "Marta",
   "AN": 1995,
   "S": "F",
   "Bloque": 8,
   "nc": 0,
   "Salida": "1:42:00",
   "Meta": "",
   "Tiempo": "",
   "Estado clas.": 0,
   "Bonificación -": "",
   "Penalización +": "",
   "Comentario": "",
   "Nº de club": 117,
   "Ciudad": "Cáceres",
   "Club": "VIA_PLATA",
   "Nac": "ESP",
   "Situación": "",
   "Región": "",
   "Nº de categoría": 52,
   "Corto": "F-E",
   "Largo": "F-E",
   "Nº Cat. Ins.": 52,
   "Categoría inscrita (corto)": "F-E",
   "Categoría inscrita (largo)": "F-E",
   "Pos. Ranking": "",
   "Puntos de ranking": "",
   "Num1": 10002820,
   "Num2": 20222,
   "Num3": "",
   "Text1": "45130062Z",
   "Text2": "A1",
   "Text3": "",
   "Dir. apellidos": "",
   "Dir. nombre": "",
   "Dirección": "",
   "Línea 2": "",
   "CP": "",
   "Dir. ciudad": "",
   "Teléfono": "",
   "Móvil": "675031813",
   "Fax": "",
   "Correo-e": "",
   "Alquilado": "0",
   "Cuota de inscripción": "20,00",
   "Pagado": "X",
   "Equipo": "",
   "Nº de recorrido": "",
   "Recorrido": "",
   "km": "",
   "m": "",
   "Puntos de control": "",
   "FIELD58": ""
 },
 {
   "OE0001": "",
   "Dorsal": 106,
   "Dorsal alt.": "",
   "Nº chip": 8651381,
   "Id. de la base de datos": 8515,
   "Apellidos": "Toledo Navarro",
   "Nombre": "Ana Isabel",
   "AN": 2000,
   "S": "F",
   "Bloque": 8,
   "nc": 0,
   "Salida": "1:45:00",
   "Meta": "",
   "Tiempo": "",
   "Estado clas.": 0,
   "Bonificación -": "",
   "Penalización +": "",
   "Comentario": "",
   "Nº de club": 42,
   "Ciudad": "Madrid",
   "Club": "IMPERDIBLE",
   "Nac": "ESP",
   "Situación": "",
   "Región": "",
   "Nº de categoría": 52,
   "Corto": "F-E",
   "Largo": "F-E",
   "Nº Cat. Ins.": 52,
   "Categoría inscrita (corto)": "F-E",
   "Categoría inscrita (largo)": "F-E",
   "Pos. Ranking": "",
   "Puntos de ranking": "",
   "Num1": 16004407,
   "Num2": 33644,
   "Num3": "",
   "Text1": "05947391M",
   "Text2": "A1",
   "Text3": "",
   "Dir. apellidos": "",
   "Dir. nombre": "",
   "Dirección": "",
   "Línea 2": "",
   "CP": "",
   "Dir. ciudad": "",
   "Teléfono": "",
   "Móvil": "646089186",
   "Fax": "",
   "Correo-e": "",
   "Alquilado": "0",
   "Cuota de inscripción": "28,00",
   "Pagado": "X",
   "Equipo": "",
   "Nº de recorrido": "",
   "Recorrido": "",
   "km": "",
   "m": "",
   "Puntos de control": "",
   "FIELD58": ""
 },
 {
   "OE0001": "",
   "Dorsal": 105,
   "Dorsal alt.": "",
   "Nº chip": 8653285,
   "Id. de la base de datos": 8331,
   "Apellidos": "González Peña",
   "Nombre": "Nerea",
   "AN": 2002,
   "S": "F",
   "Bloque": 8,
   "nc": 0,
   "Salida": "1:48:00",
   "Meta": "",
   "Tiempo": "",
   "Estado clas.": 0,
   "Bonificación -": "",
   "Penalización +": "",
   "Comentario": "",
   "Nº de club": 68,
   "Ciudad": "Toledo",
   "Club": "TOLEDO-O",
   "Nac": "ESP",
   "Situación": "",
   "Región": "",
   "Nº de categoría": 52,
   "Corto": "F-E",
   "Largo": "F-E",
   "Nº Cat. Ins.": 52,
   "Categoría inscrita (corto)": "F-E",
   "Categoría inscrita (largo)": "F-E",
   "Pos. Ranking": "",
   "Puntos de ranking": "",
   "Num1": 45004221,
   "Num2": 33642,
   "Num3": "",
   "Text1": "05332725Z",
   "Text2": "A1",
   "Text3": "",
   "Dir. apellidos": "",
   "Dir. nombre": "",
   "Dirección": "",
   "Línea 2": "",
   "CP": "",
   "Dir. ciudad": "",
   "Teléfono": "",
   "Móvil": "nan",
   "Fax": "",
   "Correo-e": "",
   "Alquilado": "0",
   "Cuota de inscripción": "28,00",
   "Pagado": "0",
   "Equipo": "",
   "Nº de recorrido": "",
   "Recorrido": "",
   "km": "",
   "m": "",
   "Puntos de control": "",
   "FIELD58": ""
 },
 {
   "OE0001": "",
   "Dorsal": 104,
   "Dorsal alt.": "",
   "Nº chip": 8665409,
   "Id. de la base de datos": 11323,
   "Apellidos": "Pozo Prada",
   "Nombre": "Ines",
   "AN": 2000,
   "S": "F",
   "Bloque": 8,
   "nc": 0,
   "Salida": "1:51:00",
   "Meta": "",
   "Tiempo": "",
   "Estado clas.": 0,
   "Bonificación -": "",
   "Penalización +": "",
   "Comentario": "",
   "Nº de club": 146,
   "Ciudad": "Madrid",
   "Club": "O-GETAFE",
   "Nac": "ESP",
   "Situación": "",
   "Región": "",
   "Nº de categoría": 52,
   "Corto": "F-E",
   "Largo": "F-E",
   "Nº Cat. Ins.": 52,
   "Categoría inscrita (corto)": "F-E",
   "Categoría inscrita (largo)": "F-E",
   "Pos. Ranking": "",
   "Puntos de ranking": "",
   "Num1": 28007397,
   "Num2": 28543,
   "Num3": "",
   "Text1": "05963114L",
   "Text2": "A1",
   "Text3": "",
   "Dir. apellidos": "",
   "Dir. nombre": "",
   "Dirección": "",
   "Línea 2": "",
   "CP": "",
   "Dir. ciudad": "",
   "Teléfono": "",
   "Móvil": "653283903",
   "Fax": "",
   "Correo-e": "",
   "Alquilado": "0",
   "Cuota de inscripción": "28,00",
   "Pagado": "X",
   "Equipo": "",
   "Nº de recorrido": "",
   "Recorrido": "",
   "km": "",
   "m": "",
   "Puntos de control": "",
   "FIELD58": ""
 },
 {
   "OE0001": "",
   "Dorsal": 103,
   "Dorsal alt.": "",
   "Nº chip": 8653283,
   "Id. de la base de datos": 9925,
   "Apellidos": "Basarán Van Ham",
   "Nombre": "Kika",
   "AN": 2001,
   "S": "F",
   "Bloque": 8,
   "nc": 0,
   "Salida": "1:54:00",
   "Meta": "",
   "Tiempo": "",
   "Estado clas.": 0,
   "Bonificación -": "",
   "Penalización +": "",
   "Comentario": "",
   "Nº de club": 68,
   "Ciudad": "Toledo",
   "Club": "TOLEDO-O",
   "Nac": "ESP",
   "Situación": "",
   "Región": "",
   "Nº de categoría": 52,
   "Corto": "F-E",
   "Largo": "F-E",
   "Nº Cat. Ins.": 52,
   "Categoría inscrita (corto)": "F-E",
   "Categoría inscrita (largo)": "F-E",
   "Pos. Ranking": "",
   "Puntos de ranking": "",
   "Num1": 45006036,
   "Num2": 33643,
   "Num3": "",
   "Text1": "04231665X",
   "Text2": "A1",
   "Text3": "",
   "Dir. apellidos": "",
   "Dir. nombre": "",
   "Dirección": "",
   "Línea 2": "",
   "CP": "",
   "Dir. ciudad": "",
   "Teléfono": "",
   "Móvil": "688906370",
   "Fax": "",
   "Correo-e": "",
   "Alquilado": "0",
   "Cuota de inscripción": "20,00",
   "Pagado": "X",
   "Equipo": "",
   "Nº de recorrido": "",
   "Recorrido": "",
   "km": "",
   "m": "",
   "Puntos de control": "",
   "FIELD58": ""
 },
 {
   "OE0001": "",
   "Dorsal": 102,
   "Dorsal alt.": "",
   "Nº chip": 8659379,
   "Id. de la base de datos": 6561,
   "Apellidos": "Camarasa Pérez",
   "Nombre": "Ana",
   "AN": 1994,
   "S": "F",
   "Bloque": 8,
   "nc": 0,
   "Salida": "1:57:00",
   "Meta": "",
   "Tiempo": "",
   "Estado clas.": 0,
   "Bonificación -": "",
   "Penalización +": "",
   "Comentario": "",
   "Nº de club": 25,
   "Ciudad": "Alicante",
   "Club": "COLIVENC",
   "Nac": "ESP",
   "Situación": "",
   "Región": "",
   "Nº de categoría": 52,
   "Corto": "F-E",
   "Largo": "F-E",
   "Nº Cat. Ins.": 52,
   "Categoría inscrita (corto)": "F-E",
   "Categoría inscrita (largo)": "F-E",
   "Pos. Ranking": "",
   "Puntos de ranking": "",
   "Num1": 3000349,
   "Num2": 22119,
   "Num3": "",
   "Text1": "20053274B",
   "Text2": "A1",
   "Text3": "",
   "Dir. apellidos": "",
   "Dir. nombre": "",
   "Dirección": "",
   "Línea 2": "",
   "CP": "",
   "Dir. ciudad": "",
   "Teléfono": "",
   "Móvil": "650829148",
   "Fax": "",
   "Correo-e": "",
   "Alquilado": "0",
   "Cuota de inscripción": "28,00",
   "Pagado": "0",
   "Equipo": "",
   "Nº de recorrido": "",
   "Recorrido": "",
   "km": "",
   "m": "",
   "Puntos de control": "",
   "FIELD58": ""
 },
 {
   "OE0001": "",
   "Dorsal": 101,
   "Dorsal alt.": "",
   "Nº chip": 8180698,
   "Id. de la base de datos": 6208,
   "Apellidos": "Prieto Del Campo",
   "Nombre": "María",
   "AN": 1998,
   "S": "F",
   "Bloque": 8,
   "nc": 0,
   "Salida": "2:00:00",
   "Meta": "",
   "Tiempo": "",
   "Estado clas.": 0,
   "Bonificación -": "",
   "Penalización +": "",
   "Comentario": "",
   "Nº de club": 225,
   "Ciudad": "Madrid",
   "Club": "MALARRUTA",
   "Nac": "ESP",
   "Situación": "",
   "Región": "",
   "Nº de categoría": 52,
   "Corto": "F-E",
   "Largo": "F-E",
   "Nº Cat. Ins.": 52,
   "Categoría inscrita (corto)": "F-E",
   "Categoría inscrita (largo)": "F-E",
   "Pos. Ranking": "",
   "Puntos de ranking": "",
   "Num1": 28002923,
   "Num2": 22997,
   "Num3": "",
   "Text1": "51143508H",
   "Text2": "A1",
   "Text3": "",
   "Dir. apellidos": "",
   "Dir. nombre": "",
   "Dirección": "",
   "Línea 2": "",
   "CP": "",
   "Dir. ciudad": "",
   "Teléfono": "",
   "Móvil": "918461493",
   "Fax": "",
   "Correo-e": "",
   "Alquilado": "0",
   "Cuota de inscripción": "28,00",
   "Pagado": "0",
   "Equipo": "",
   "Nº de recorrido": "",
   "Recorrido": "",
   "km": "",
   "m": "",
   "Puntos de control": "",
   "FIELD58": ""
 }
]