[
  {
    "OE0001_V12": "",
    "Id. de inscripción": null,
    "Dorsal": 27,
    "Dorsal alt.": "",
    "Nº chip": 8655678,
    "Id. de la base de datos": null,
    "Id IOF": 5322,
    "Apellidos": "Shandurkova",
    "Nombre": "Silvia",
    "Fecha de nacimiento": "",
    "AN": null,
    "S": "F",
    "Bloque": null,
    "nc": 0,
    "Salida": "1:27:00",
    "Meta": "",
    "Tiempo": "",
    "Estado clas.": 0,
    "Bonificación -": "",
    "Penalización +": "",
    "Comentario": "",
    "Nº de club": 1069,
    "Ciudad": "",
    "Club": "BULGARIA",
    "Nac": "",
    "Situación": "",
    "Región": "",
    "Nº de categoría": 1,
    "Corto": "F-E",
    "Largo": "F-E",
    "Nº Cat. Ins.": 1,
    "Categoría inscrita (corto)": "F-E",
    "Categoría inscrita (largo)": "F-E",
    "Pos. Ranking": "",
    "Puntos de ranking": "",
    "Num1": null,
    "Num2": "",
    "Num3": "",
    "Text1": "",
    "Text2": "",
    "Text3": "BUL",
    "Dir. apellidos": "",
    "Dir. nombre": "",
    "Dirección": "",
    "Línea 2": "",
    "CP": "",
    "Dir. ciudad": "",
    "Teléfono": "",
    "Móvil": null,
    "Fax": "",
    "Correo-e": "",
    "Alquilado": 0,
    "Cuota de inscripción": "0,00",
    "Pagado": "0",
    "Id equipo": "",
    "Nombre de equipo": "",
    "Nº de recorrido": 9002,
    "Recorrido": "R2",
    "km": "8,4",
    "m": 225,
    "Puntos de control": 17,
    "FIELD62": ""
  },
  {
    "OE0001_V12": "",
    "Id. de inscripción": 160086,
    "Dorsal": 23,
    "Dorsal alt.": "",
    "Nº chip": 8516530,
    "Id. de la base de datos": null,
    "Id IOF": 28276,
    "Apellidos": "Selem",
    "Nombre": "Alice",
    "Fecha de nacimiento": "",
    "AN": 2000,
    "S": "F",
    "Bloque": null,
    "nc": 0,
    "Salida": "1:31:00",
    "Meta": "",
    "Tiempo": "",
    "Estado clas.": 0,
    "Bonificación -": "",
    "Penalización +": "",
    "Comentario": "",
    "Nº de club": 1038,
    "Ciudad": "",
    "Club": "POLISPORTIVA G.MASI",
    "Nac": "",
    "Situación": "",
    "Región": "",
    "Nº de categoría": 1,
    "Corto": "F-E",
    "Largo": "F-E",
    "Nº Cat. Ins.": 1,
    "Categoría inscrita (corto)": "F-E",
    "Categoría inscrita (largo)": "F-E",
    "Pos. Ranking": "",
    "Puntos de ranking": "",
    "Num1": null,
    "Num2": "",
    "Num3": "",
    "Text1": "",
    "Text2": "",
    "Text3": "ITA",
    "Dir. apellidos": "",
    "Dir. nombre": "",
    "Dirección": "",
    "Línea 2": "",
    "CP": "",
    "Dir. ciudad": "",
    "Teléfono": "",
    "Móvil": null,
    "Fax": "",
    "Correo-e": "",
    "Alquilado": 0,
    "Cuota de inscripción": "0,00",
    "Pagado": "0",
    "Id equipo": "",
    "Nombre de equipo": "",
    "Nº de recorrido": 9002,
    "Recorrido": "R2",
    "km": "8,4",
    "m": 225,
    "Puntos de control": 17,
    "FIELD62": ""
  },
  {
    "OE0001_V12": "",
    "Id. de inscripción": 157349,
    "Dorsal": 16,
    "Dorsal alt.": "",
    "Nº chip": 8089069,
    "Id. de la base de datos": 10318,
    "Id IOF": 40605,
    "Apellidos": "Medina Olmos",
    "Nombre": "Laia",
    "Fecha de nacimiento": "13.01.1999",
    "AN": 1999,
    "S": "F",
    "Bloque": 1510,
    "nc": 0,
    "Salida": "1:35:00",
    "Meta": "",
    "Tiempo": "",
    "Estado clas.": 0,
    "Bonificación -": "",
    "Penalización +": "",
    "Comentario": "",
    "Nº de club": 272,
    "Ciudad": "",
    "Club": "CAT-O",
    "Nac": "",
    "Situación": "",
    "Región": "Girona",
    "Nº de categoría": 1,
    "Corto": "F-E",
    "Largo": "F-E",
    "Nº Cat. Ins.": 1,
    "Categoría inscrita (corto)": "F-E",
    "Categoría inscrita (largo)": "F-E",
    "Pos. Ranking": "",
    "Puntos de ranking": "",
    "Num1": 8006418,
    "Num2": "",
    "Num3": "",
    "Text1": "49345980D",
    "Text2": "A1",
    "Text3": "ESP",
    "Dir. apellidos": "",
    "Dir. nombre": "",
    "Dirección": "",
    "Línea 2": "",
    "CP": "",
    "Dir. ciudad": "",
    "Teléfono": "",
    "Móvil": 645325789,
    "Fax": "",
    "Correo-e": "",
    "Alquilado": 0,
    "Cuota de inscripción": "28,00",
    "Pagado": "X",
    "Id equipo": "",
    "Nombre de equipo": "",
    "Nº de recorrido": 9002,
    "Recorrido": "R2",
    "km": "8,4",
    "m": 225,
    "Puntos de control": 17,
    "FIELD62": ""
  },
  {
    "OE0001_V12": "",
    "Id. de inscripción": 157868,
    "Dorsal": 11,
    "Dorsal alt.": "",
    "Nº chip": 8290903,
    "Id. de la base de datos": 10312,
    "Id IOF": 49507,
    "Apellidos": "Molino Castillo",
    "Nombre": "Maria",
    "Fecha de nacimiento": "29.09.2003",
    "AN": 2003,
    "S": "F",
    "Bloque": 1499,
    "nc": 0,
    "Salida": "1:39:00",
    "Meta": "",
    "Tiempo": "",
    "Estado clas.": 0,
    "Bonificación -": "",
    "Penalización +": "",
    "Comentario": "",
    "Nº de club": 71,
    "Ciudad": "",
    "Club": "TOTANA-O",
    "Nac": "",
    "Situación": "",
    "Región": "Murcia",
    "Nº de categoría": 1,
    "Corto": "F-E",
    "Largo": "F-E",
    "Nº Cat. Ins.": 1,
    "Categoría inscrita (corto)": "F-E",
    "Categoría inscrita (largo)": "F-E",
    "Pos. Ranking": "",
    "Puntos de ranking": "",
    "Num1": 30006412,
    "Num2": "",
    "Num3": "",
    "Text1": "58469884C",
    "Text2": "A1",
    "Text3": "ESP",
    "Dir. apellidos": "",
    "Dir. nombre": "",
    "Dirección": "",
    "Línea 2": "",
    "CP": "",
    "Dir. ciudad": "",
    "Teléfono": "",
    "Móvil": null,
    "Fax": "",
    "Correo-e": "",
    "Alquilado": 0,
    "Cuota de inscripción": "32,00",
    "Pagado": "0",
    "Id equipo": "",
    "Nombre de equipo": "",
    "Nº de recorrido": 9002,
    "Recorrido": "R2",
    "km": "8,4",
    "m": 225,
    "Puntos de control": 17,
    "FIELD62": ""
  },
  {
    "OE0001_V12": "",
    "Id. de inscripción": 157615,
    "Dorsal": 7,
    "Dorsal alt.": "",
    "Nº chip": 8032431,
    "Id. de la base de datos": 14029,
    "Id IOF": 48224,
    "Apellidos": "Martinez Gomez",
    "Nombre": "Monica",
    "Fecha de nacimiento": "13.05.1989",
    "AN": 1989,
    "S": "F",
    "Bloque": 1149,
    "nc": 0,
    "Salida": "1:43:00",
    "Meta": "",
    "Tiempo": "",
    "Estado clas.": 0,
    "Bonificación -": "",
    "Penalización +": "",
    "Comentario": "",
    "Nº de club": 53,
    "Ciudad": "",
    "Club": "MURCIA-O",
    "Nac": "",
    "Situación": "",
    "Región": "Murcia",
    "Nº de categoría": 1,
    "Corto": "F-E",
    "Largo": "F-E",
    "Nº Cat. Ins.": 1,
    "Categoría inscrita (corto)": "F-E",
    "Categoría inscrita (largo)": "F-E",
    "Pos. Ranking": "",
    "Puntos de ranking": "",
    "Num1": 14029,
    "Num2": "",
    "Num3": "",
    "Text1": "77722535S",
    "Text2": "A1",
    "Text3": "ESP",
    "Dir. apellidos": "",
    "Dir. nombre": "",
    "Dirección": "",
    "Línea 2": "",
    "CP": "",
    "Dir. ciudad": "",
    "Teléfono": "",
    "Móvil": 687801397,
    "Fax": "",
    "Correo-e": "",
    "Alquilado": 0,
    "Cuota de inscripción": "32,00",
    "Pagado": "X",
    "Id equipo": "",
    "Nombre de equipo": "",
    "Nº de recorrido": 9002,
    "Recorrido": "R2",
    "km": "8,4",
    "m": 225,
    "Puntos de control": 17,
    "FIELD62": ""
  },
  {
    "OE0001_V12": "",
    "Id. de inscripción": 158341,
    "Dorsal": 13,
    "Dorsal alt.": "",
    "Nº chip": 8655041,
    "Id. de la base de datos": 6912,
    "Id IOF": 40237,
    "Apellidos": "Serrallonga Rosell",
    "Nombre": "Mar",
    "Fecha de nacimiento": "26.05.1997",
    "AN": 1997,
    "S": "F",
    "Bloque": 960,
    "nc": 0,
    "Salida": "1:47:00",
    "Meta": "",
    "Tiempo": "",
    "Estado clas.": 0,
    "Bonificación -": "",
    "Penalización +": "",
    "Comentario": "",
    "Nº de club": 90,
    "Ciudad": "",
    "Club": "GOXTREME BARCELONA",
    "Nac": "",
    "Situación": "",
    "Región": "Barcelona",
    "Nº de categoría": 1,
    "Corto": "F-E",
    "Largo": "F-E",
    "Nº Cat. Ins.": 1,
    "Categoría inscrita (corto)": "F-E",
    "Categoría inscrita (largo)": "F-E",
    "Pos. Ranking": "",
    "Puntos de ranking": "",
    "Num1": 17001803,
    "Num2": "",
    "Num3": "",
    "Text1": "23843964W",
    "Text2": "A1",
    "Text3": "ESP",
    "Dir. apellidos": "",
    "Dir. nombre": "",
    "Dirección": "",
    "Línea 2": "",
    "CP": "",
    "Dir. ciudad": "",
    "Teléfono": "",
    "Móvil": 629406081,
    "Fax": "",
    "Correo-e": "",
    "Alquilado": 0,
    "Cuota de inscripción": "45,00",
    "Pagado": "X",
    "Id equipo": "",
    "Nombre de equipo": "",
    "Nº de recorrido": 9002,
    "Recorrido": "R2",
    "km": "8,4",
    "m": 225,
    "Puntos de control": 17,
    "FIELD62": ""
  },
  {
    "OE0001_V12": "",
    "Id. de inscripción": 154758,
    "Dorsal": 1,
    "Dorsal alt.": "",
    "Nº chip": 8665054,
    "Id. de la base de datos": 380,
    "Id IOF": 46633,
    "Apellidos": "Trabal Garmon",
    "Nombre": "Alba",
    "Fecha de nacimiento": "15.10.1987",
    "AN": 1987,
    "S": "F",
    "Bloque": 949,
    "nc": 0,
    "Salida": "1:51:00",
    "Meta": "",
    "Tiempo": "",
    "Estado clas.": 0,
    "Bonificación -": "",
    "Penalización +": "",
    "Comentario": "",
    "Nº de club": 6,
    "Ciudad": "",
    "Club": "ALIGOTS",
    "Nac": "",
    "Situación": "",
    "Región": "Girona",
    "Nº de categoría": 1,
    "Corto": "F-E",
    "Largo": "F-E",
    "Nº Cat. Ins.": 1,
    "Categoría inscrita (corto)": "F-E",
    "Categoría inscrita (largo)": "F-E",
    "Pos. Ranking": "",
    "Puntos de ranking": "",
    "Num1": 90220404,
    "Num2": "",
    "Num3": "",
    "Text1": "46412521Q",
    "Text2": "A1",
    "Text3": "ESP",
    "Dir. apellidos": "",
    "Dir. nombre": "",
    "Dirección": "",
    "Línea 2": "",
    "CP": "",
    "Dir. ciudad": "",
    "Teléfono": "",
    "Móvil": 600612342,
    "Fax": "",
    "Correo-e": "",
    "Alquilado": 0,
    "Cuota de inscripción": "32,00",
    "Pagado": "X",
    "Id equipo": "",
    "Nombre de equipo": "",
    "Nº de recorrido": 9002,
    "Recorrido": "R2",
    "km": "8,4",
    "m": 225,
    "Puntos de control": 17,
    "FIELD62": ""
  },
  {
    "OE0001_V12": "",
    "Id. de inscripción": 160053,
    "Dorsal": 17,
    "Dorsal alt.": "",
    "Nº chip": 8020510,
    "Id. de la base de datos": null,
    "Id IOF": 46338,
    "Apellidos": "Hugosson",
    "Nombre": "Elin",
    "Fecha de nacimiento": "",
    "AN": 2002,
    "S": "F",
    "Bloque": 845,
    "nc": 0,
    "Salida": "1:55:00",
    "Meta": "",
    "Tiempo": "",
    "Estado clas.": 0,
    "Bonificación -": "",
    "Penalización +": "",
    "Comentario": "",
    "Nº de club": 1025,
    "Ciudad": "",
    "Club": "LUNDS OK",
    "Nac": "",
    "Situación": "",
    "Región": "",
    "Nº de categoría": 1,
    "Corto": "F-E",
    "Largo": "F-E",
    "Nº Cat. Ins.": 1,
    "Categoría inscrita (corto)": "F-E",
    "Categoría inscrita (largo)": "F-E",
    "Pos. Ranking": "",
    "Puntos de ranking": "",
    "Num1": null,
    "Num2": "",
    "Num3": "",
    "Text1": "",
    "Text2": "",
    "Text3": "SWE",
    "Dir. apellidos": "",
    "Dir. nombre": "",
    "Dirección": "",
    "Línea 2": "",
    "CP": "",
    "Dir. ciudad": "",
    "Teléfono": "",
    "Móvil": null,
    "Fax": "",
    "Correo-e": "",
    "Alquilado": 0,
    "Cuota de inscripción": "0,00",
    "Pagado": "0",
    "Id equipo": "",
    "Nombre de equipo": "",
    "Nº de recorrido": 9002,
    "Recorrido": "R2",
    "km": "8,4",
    "m": 225,
    "Puntos de control": 17,
    "FIELD62": ""
  },
  {
    "OE0001_V12": "",
    "Id. de inscripción": 160071,
    "Dorsal": 19,
    "Dorsal alt.": "",
    "Nº chip": 8636971,
    "Id. de la base de datos": null,
    "Id IOF": 44991,
    "Apellidos": "Hertel",
    "Nombre": "Jasmin",
    "Fecha de nacimiento": "",
    "AN": 2002,
    "S": "F",
    "Bloque": 827,
    "nc": 0,
    "Salida": "1:59:00",
    "Meta": "",
    "Tiempo": "",
    "Estado clas.": 0,
    "Bonificación -": "",
    "Penalización +": "",
    "Comentario": "",
    "Nº de club": 1035,
    "Ciudad": "",
    "Club": "OLG REGENSBURG",
    "Nac": "",
    "Situación": "",
    "Región": "",
    "Nº de categoría": 1,
    "Corto": "F-E",
    "Largo": "F-E",
    "Nº Cat. Ins.": 1,
    "Categoría inscrita (corto)": "F-E",
    "Categoría inscrita (largo)": "F-E",
    "Pos. Ranking": "",
    "Puntos de ranking": "",
    "Num1": null,
    "Num2": "",
    "Num3": "",
    "Text1": "",
    "Text2": "",
    "Text3": "GER",
    "Dir. apellidos": "",
    "Dir. nombre": "",
    "Dirección": "",
    "Línea 2": "",
    "CP": "",
    "Dir. ciudad": "",
    "Teléfono": "",
    "Móvil": null,
    "Fax": "",
    "Correo-e": "",
    "Alquilado": 0,
    "Cuota de inscripción": "0,00",
    "Pagado": "0",
    "Id equipo": "",
    "Nombre de equipo": "",
    "Nº de recorrido": 9002,
    "Recorrido": "R2",
    "km": "8,4",
    "m": 225,
    "Puntos de control": 17,
    "FIELD62": ""
  },
  {
    "OE0001_V12": "",
    "Id. de inscripción": 160089,
    "Dorsal": 22,
    "Dorsal alt.": "",
    "Nº chip": 8091198,
    "Id. de la base de datos": null,
    "Id IOF": 28856,
    "Apellidos": "De Nardis",
    "Nombre": "Francesca",
    "Fecha de nacimiento": "",
    "AN": 1998,
    "S": "F",
    "Bloque": 804,
    "nc": 0,
    "Salida": "2:03:00",
    "Meta": "",
    "Tiempo": "",
    "Estado clas.": 0,
    "Bonificación -": "",
    "Penalización +": "",
    "Comentario": "",
    "Nº de club": 1038,
    "Ciudad": "",
    "Club": "POLISPORTIVA G.MASI",
    "Nac": "",
    "Situación": "",
    "Región": "",
    "Nº de categoría": 1,
    "Corto": "F-E",
    "Largo": "F-E",
    "Nº Cat. Ins.": 1,
    "Categoría inscrita (corto)": "F-E",
    "Categoría inscrita (largo)": "F-E",
    "Pos. Ranking": "",
    "Puntos de ranking": "",
    "Num1": null,
    "Num2": "",
    "Num3": "",
    "Text1": "",
    "Text2": "",
    "Text3": "ITA",
    "Dir. apellidos": "",
    "Dir. nombre": "",
    "Dirección": "",
    "Línea 2": "",
    "CP": "",
    "Dir. ciudad": "",
    "Teléfono": "",
    "Móvil": null,
    "Fax": "",
    "Correo-e": "",
    "Alquilado": 0,
    "Cuota de inscripción": "0,00",
    "Pagado": "0",
    "Id equipo": "",
    "Nombre de equipo": "",
    "Nº de recorrido": 9002,
    "Recorrido": "R2",
    "km": "8,4",
    "m": 225,
    "Puntos de control": 17,
    "FIELD62": ""
  },
  {
    "OE0001_V12": "",
    "Id. de inscripción": null,
    "Dorsal": 26,
    "Dorsal alt.": "",
    "Nº chip": 8650884,
    "Id. de la base de datos": null,
    "Id IOF": 28581,
    "Apellidos": "Mazan",
    "Nombre": "Aleksandra",
    "Fecha de nacimiento": "",
    "AN": null,
    "S": "F",
    "Bloque": 658,
    "nc": 0,
    "Salida": "2:07:00",
    "Meta": "",
    "Tiempo": "",
    "Estado clas.": 0,
    "Bonificación -": "",
    "Penalización +": "",
    "Comentario": "",
    "Nº de club": 1065,
    "Ciudad": "",
    "Club": "KOS BNO SZCZECIN",
    "Nac": "",
    "Situación": "",
    "Región": "",
    "Nº de categoría": 1,
    "Corto": "F-E",
    "Largo": "F-E",
    "Nº Cat. Ins.": 1,
    "Categoría inscrita (corto)": "F-E",
    "Categoría inscrita (largo)": "F-E",
    "Pos. Ranking": "",
    "Puntos de ranking": "",
    "Num1": null,
    "Num2": "",
    "Num3": "",
    "Text1": "",
    "Text2": "",
    "Text3": "POL",
    "Dir. apellidos": "",
    "Dir. nombre": "",
    "Dirección": "",
    "Línea 2": "",
    "CP": "",
    "Dir. ciudad": "",
    "Teléfono": "",
    "Móvil": null,
    "Fax": "",
    "Correo-e": "",
    "Alquilado": 0,
    "Cuota de inscripción": "0,00",
    "Pagado": "0",
    "Id equipo": "",
    "Nombre de equipo": "",
    "Nº de recorrido": 9002,
    "Recorrido": "R2",
    "km": "8,4",
    "m": 225,
    "Puntos de control": 17,
    "FIELD62": ""
  },
  {
    "OE0001_V12": "",
    "Id. de inscripción": 160125,
    "Dorsal": 24,
    "Dorsal alt.": "",
    "Nº chip": 8646942,
    "Id. de la base de datos": null,
    "Id IOF": 32884,
    "Apellidos": "Sobreira",
    "Nombre": "Gennhsa",
    "Fecha de nacimiento": "",
    "AN": 1981,
    "S": "F",
    "Bloque": 615,
    "nc": 0,
    "Salida": "2:11:00",
    "Meta": "",
    "Tiempo": "",
    "Estado clas.": 0,
    "Bonificación -": "",
    "Penalización +": "",
    "Comentario": "",
    "Nº de club": 1056,
    "Ciudad": "",
    "Club": "TIRADENTES ORIENTEERING CLUB",
    "Nac": "",
    "Situación": "",
    "Región": "",
    "Nº de categoría": 1,
    "Corto": "F-E",
    "Largo": "F-E",
    "Nº Cat. Ins.": 1,
    "Categoría inscrita (corto)": "F-E",
    "Categoría inscrita (largo)": "F-E",
    "Pos. Ranking": "",
    "Puntos de ranking": "",
    "Num1": null,
    "Num2": "",
    "Num3": "",
    "Text1": "",
    "Text2": "",
    "Text3": "BRA",
    "Dir. apellidos": "",
    "Dir. nombre": "",
    "Dirección": "",
    "Línea 2": "",
    "CP": "",
    "Dir. ciudad": "",
    "Teléfono": "",
    "Móvil": null,
    "Fax": "",
    "Correo-e": "",
    "Alquilado": 0,
    "Cuota de inscripción": "0,00",
    "Pagado": "0",
    "Id equipo": "",
    "Nombre de equipo": "",
    "Nº de recorrido": 9002,
    "Recorrido": "R2",
    "km": "8,4",
    "m": 225,
    "Puntos de control": 17,
    "FIELD62": ""
  },
  {
    "OE0001_V12": "",
    "Id. de inscripción": 157710,
    "Dorsal": 8,
    "Dorsal alt.": "",
    "Nº chip": 8197412,
    "Id. de la base de datos": 833,
    "Id IOF": 86,
    "Apellidos": "Ruiz Alonso",
    "Nombre": "Esmeralda",
    "Fecha de nacimiento": "08.11.1974",
    "AN": 1974,
    "S": "F",
    "Bloque": 603,
    "nc": 0,
    "Salida": "2:15:00",
    "Meta": "",
    "Tiempo": "",
    "Estado clas.": 0,
    "Bonificación -": "",
    "Penalización +": "",
    "Comentario": "",
    "Nº de club": 53,
    "Ciudad": "",
    "Club": "MURCIA-O",
    "Nac": "",
    "Situación": "",
    "Región": "Murcia",
    "Nº de categoría": 1,
    "Corto": "F-E",
    "Largo": "F-E",
    "Nº Cat. Ins.": 1,
    "Categoría inscrita (corto)": "F-E",
    "Categoría inscrita (largo)": "F-E",
    "Pos. Ranking": "",
    "Puntos de ranking": "",
    "Num1": 3004015,
    "Num2": "",
    "Num3": "",
    "Text1": "52445075S",
    "Text2": "A1",
    "Text3": "ESP",
    "Dir. apellidos": "",
    "Dir. nombre": "",
    "Dirección": "",
    "Línea 2": "",
    "CP": "",
    "Dir. ciudad": "",
    "Teléfono": "",
    "Móvil": 630610362,
    "Fax": "",
    "Correo-e": "",
    "Alquilado": 0,
    "Cuota de inscripción": "24,00",
    "Pagado": "X",
    "Id equipo": "",
    "Nombre de equipo": "",
    "Nº de recorrido": 9002,
    "Recorrido": "R2",
    "km": "8,4",
    "m": 225,
    "Puntos de control": 17,
    "FIELD62": ""
  },
  {
    "OE0001_V12": "",
    "Id. de inscripción": 160076,
    "Dorsal": 18,
    "Dorsal alt.": "",
    "Nº chip": 8141201,
    "Id. de la base de datos": null,
    "Id IOF": 44491,
    "Apellidos": "Engl",
    "Nombre": "Veronika",
    "Fecha de nacimiento": "",
    "AN": 2001,
    "S": "F",
    "Bloque": 580,
    "nc": 0,
    "Salida": "2:19:00",
    "Meta": "",
    "Tiempo": "",
    "Estado clas.": 0,
    "Bonificación -": "",
    "Penalización +": "",
    "Comentario": "",
    "Nº de club": 1035,
    "Ciudad": "",
    "Club": "OLG REGENSBURG",
    "Nac": "",
    "Situación": "",
    "Región": "",
    "Nº de categoría": 1,
    "Corto": "F-E",
    "Largo": "F-E",
    "Nº Cat. Ins.": 1,
    "Categoría inscrita (corto)": "F-E",
    "Categoría inscrita (largo)": "F-E",
    "Pos. Ranking": "",
    "Puntos de ranking": "",
    "Num1": null,
    "Num2": "",
    "Num3": "",
    "Text1": "",
    "Text2": "",
    "Text3": "GER",
    "Dir. apellidos": "",
    "Dir. nombre": "",
    "Dirección": "",
    "Línea 2": "",
    "CP": "",
    "Dir. ciudad": "",
    "Teléfono": "",
    "Móvil": null,
    "Fax": "",
    "Correo-e": "",
    "Alquilado": 0,
    "Cuota de inscripción": "0,00",
    "Pagado": "0",
    "Id equipo": "",
    "Nombre de equipo": "",
    "Nº de recorrido": 9002,
    "Recorrido": "R2",
    "km": "8,4",
    "m": 225,
    "Puntos de control": 17,
    "FIELD62": ""
  },
  {
    "OE0001_V12": "",
    "Id. de inscripción": 158126,
    "Dorsal": 12,
    "Dorsal alt.": "",
    "Nº chip": 8020798,
    "Id. de la base de datos": 3087,
    "Id IOF": 25013,
    "Apellidos": "Soriano Ramal",
    "Nombre": "María",
    "Fecha de nacimiento": "02.07.1998",
    "AN": 1998,
    "S": "F",
    "Bloque": 489,
    "nc": 0,
    "Salida": "2:23:00",
    "Meta": "",
    "Tiempo": "",
    "Estado clas.": 0,
    "Bonificación -": "",
    "Penalización +": "",
    "Comentario": "",
    "Nº de club": 78,
    "Ciudad": "",
    "Club": "VILLENA-O",
    "Nac": "",
    "Situación": "",
    "Región": "Alicante",
    "Nº de categoría": 1,
    "Corto": "F-E",
    "Largo": "F-E",
    "Nº Cat. Ins.": 1,
    "Categoría inscrita (corto)": "F-E",
    "Categoría inscrita (largo)": "F-E",
    "Pos. Ranking": "",
    "Puntos de ranking": "",
    "Num1": 3000080,
    "Num2": "",
    "Num3": "",
    "Text1": "48644885T",
    "Text2": "A1",
    "Text3": "ESP",
    "Dir. apellidos": "",
    "Dir. nombre": "",
    "Dirección": "",
    "Línea 2": "",
    "CP": "",
    "Dir. ciudad": "",
    "Teléfono": "",
    "Móvil": 618498898,
    "Fax": "",
    "Correo-e": "",
    "Alquilado": 0,
    "Cuota de inscripción": "24,00",
    "Pagado": "X",
    "Id equipo": "",
    "Nombre de equipo": "",
    "Nº de recorrido": 9002,
    "Recorrido": "R2",
    "km": "8,4",
    "m": 225,
    "Puntos de control": 17,
    "FIELD62": ""
  },
  {
    "OE0001_V12": "",
    "Id. de inscripción": 158054,
    "Dorsal": 4,
    "Dorsal alt.": "",
    "Nº chip": 8651947,
    "Id. de la base de datos": 1642,
    "Id IOF": 22017,
    "Apellidos": "Pons Pérez",
    "Nombre": "Amanda",
    "Fecha de nacimiento": "14.10.1989",
    "AN": 1989,
    "S": "F",
    "Bloque": 485,
    "nc": 0,
    "Salida": "2:27:00",
    "Meta": "",
    "Tiempo": "",
    "Estado clas.": 0,
    "Bonificación -": "",
    "Penalización +": "",
    "Comentario": "",
    "Nº de club": 31,
    "Ciudad": "",
    "Club": "CORZO",
    "Nac": "",
    "Situación": "",
    "Región": "Burgos",
    "Nº de categoría": 1,
    "Corto": "F-E",
    "Largo": "F-E",
    "Nº Cat. Ins.": 1,
    "Categoría inscrita (corto)": "F-E",
    "Categoría inscrita (largo)": "F-E",
    "Pos. Ranking": "",
    "Puntos de ranking": "",
    "Num1": 47002373,
    "Num2": "",
    "Num3": "",
    "Text1": "45851047H",
    "Text2": "A1",
    "Text3": "ESP",
    "Dir. apellidos": "",
    "Dir. nombre": "",
    "Dirección": "",
    "Línea 2": "",
    "CP": "",
    "Dir. ciudad": "",
    "Teléfono": "",
    "Móvil": 670837566,
    "Fax": "",
    "Correo-e": "",
    "Alquilado": 0,
    "Cuota de inscripción": "24,00",
    "Pagado": "0",
    "Id equipo": "",
    "Nombre de equipo": "",
    "Nº de recorrido": 9002,
    "Recorrido": "R2",
    "km": "8,4",
    "m": 225,
    "Puntos de control": 17,
    "FIELD62": ""
  },
  {
    "OE0001_V12": "",
    "Id. de inscripción": 160073,
    "Dorsal": 20,
    "Dorsal alt.": "",
    "Nº chip": 8042000,
    "Id. de la base de datos": null,
    "Id IOF": 44488,
    "Apellidos": "Kraus",
    "Nombre": "Sophie",
    "Fecha de nacimiento": "",
    "AN": 2000,
    "S": "F",
    "Bloque": 470,
    "nc": 0,
    "Salida": "2:31:00",
    "Meta": "",
    "Tiempo": "",
    "Estado clas.": 0,
    "Bonificación -": "",
    "Penalización +": "",
    "Comentario": "",
    "Nº de club": 1035,
    "Ciudad": "",
    "Club": "OLG REGENSBURG",
    "Nac": "",
    "Situación": "",
    "Región": "",
    "Nº de categoría": 1,
    "Corto": "F-E",
    "Largo": "F-E",
    "Nº Cat. Ins.": 1,
    "Categoría inscrita (corto)": "F-E",
    "Categoría inscrita (largo)": "F-E",
    "Pos. Ranking": "",
    "Puntos de ranking": "",
    "Num1": null,
    "Num2": "",
    "Num3": "",
    "Text1": "",
    "Text2": "",
    "Text3": "GER",
    "Dir. apellidos": "",
    "Dir. nombre": "",
    "Dirección": "",
    "Línea 2": "",
    "CP": "",
    "Dir. ciudad": "",
    "Teléfono": "",
    "Móvil": null,
    "Fax": "",
    "Correo-e": "",
    "Alquilado": 0,
    "Cuota de inscripción": "0,00",
    "Pagado": "0",
    "Id equipo": "",
    "Nombre de equipo": "",
    "Nº de recorrido": 9002,
    "Recorrido": "R2",
    "km": "8,4",
    "m": 225,
    "Puntos de control": 17,
    "FIELD62": ""
  },
  {
    "OE0001_V12": "",
    "Id. de inscripción": 160090,
    "Dorsal": 21,
    "Dorsal alt.": "",
    "Nº chip": 8190812,
    "Id. de la base de datos": null,
    "Id IOF": 43251,
    "Apellidos": "De Nardis",
    "Nombre": "Caterina",
    "Fecha de nacimiento": "",
    "AN": 2001,
    "S": "F",
    "Bloque": 457,
    "nc": 0,
    "Salida": "2:35:00",
    "Meta": "",
    "Tiempo": "",
    "Estado clas.": 0,
    "Bonificación -": "",
    "Penalización +": "",
    "Comentario": "",
    "Nº de club": 1038,
    "Ciudad": "",
    "Club": "POLISPORTIVA G.MASI",
    "Nac": "",
    "Situación": "",
    "Región": "",
    "Nº de categoría": 1,
    "Corto": "F-E",
    "Largo": "F-E",
    "Nº Cat. Ins.": 1,
    "Categoría inscrita (corto)": "F-E",
    "Categoría inscrita (largo)": "F-E",
    "Pos. Ranking": "",
    "Puntos de ranking": "",
    "Num1": null,
    "Num2": "",
    "Num3": "",
    "Text1": "",
    "Text2": "",
    "Text3": "ITA",
    "Dir. apellidos": "",
    "Dir. nombre": "",
    "Dirección": "",
    "Línea 2": "",
    "CP": "",
    "Dir. ciudad": "",
    "Teléfono": "",
    "Móvil": null,
    "Fax": "",
    "Correo-e": "",
    "Alquilado": 0,
    "Cuota de inscripción": "0,00",
    "Pagado": "0",
    "Id equipo": "",
    "Nombre de equipo": "",
    "Nº de recorrido": 9002,
    "Recorrido": "R2",
    "km": "8,4",
    "m": 225,
    "Puntos de control": 17,
    "FIELD62": ""
  },
  {
    "OE0001_V12": "",
    "Id. de inscripción": 157793,
    "Dorsal": 15,
    "Dorsal alt.": "",
    "Nº chip": 8653286,
    "Id. de la base de datos": 11275,
    "Id IOF": 40269,
    "Apellidos": "Defez Cernicharo",
    "Nombre": "Ana",
    "Fecha de nacimiento": "30.05.2001",
    "AN": 2001,
    "S": "F",
    "Bloque": 451,
    "nc": 0,
    "Salida": "2:39:00",
    "Meta": "",
    "Tiempo": "",
    "Estado clas.": 0,
    "Bonificación -": "",
    "Penalización +": "",
    "Comentario": "",
    "Nº de club": 271,
    "Ciudad": "",
    "Club": "BMT CASAS DE VES",
    "Nac": "",
    "Situación": "",
    "Región": "Albacete",
    "Nº de categoría": 1,
    "Corto": "F-E",
    "Largo": "F-E",
    "Nº Cat. Ins.": 1,
    "Categoría inscrita (corto)": "F-E",
    "Categoría inscrita (largo)": "F-E",
    "Pos. Ranking": "",
    "Puntos de ranking": "",
    "Num1": 2007349,
    "Num2": "",
    "Num3": "",
    "Text1": "74524448D",
    "Text2": "A1",
    "Text3": "ESP",
    "Dir. apellidos": "",
    "Dir. nombre": "",
    "Dirección": "",
    "Línea 2": "",
    "CP": "",
    "Dir. ciudad": "",
    "Teléfono": "",
    "Móvil": null,
    "Fax": "",
    "Correo-e": "",
    "Alquilado": 0,
    "Cuota de inscripción": "32,00",
    "Pagado": "0",
    "Id equipo": "",
    "Nombre de equipo": "",
    "Nº de recorrido": 9002,
    "Recorrido": "R2",
    "km": "8,4",
    "m": 225,
    "Puntos de control": 17,
    "FIELD62": ""
  },
  {
    "OE0001_V12": "",
    "Id. de inscripción": 155272,
    "Dorsal": 5,
    "Dorsal alt.": "",
    "Nº chip": 8422409,
    "Id. de la base de datos": 4929,
    "Id IOF": 19247,
    "Apellidos": "Moreno Zúñiga",
    "Nombre": "Guadalupe",
    "Fecha de nacimiento": "19.11.1970",
    "AN": 1970,
    "S": "F",
    "Bloque": 443,
    "nc": 0,
    "Salida": "2:43:00",
    "Meta": "",
    "Tiempo": "",
    "Estado clas.": 0,
    "Bonificación -": "",
    "Penalización +": "",
    "Comentario": "",
    "Nº de club": 41,
    "Ciudad": "",
    "Club": "IBON ZARAGOZA",
    "Nac": "",
    "Situación": "",
    "Región": "Zaragoza",
    "Nº de categoría": 1,
    "Corto": "F-E",
    "Largo": "F-E",
    "Nº Cat. Ins.": 1,
    "Categoría inscrita (corto)": "F-E",
    "Categoría inscrita (largo)": "F-E",
    "Pos. Ranking": "",
    "Puntos de ranking": "",
    "Num1": 28000407,
    "Num2": "",
    "Num3": "",
    "Text1": "01178769L",
    "Text2": "A1",
    "Text3": "ESP",
    "Dir. apellidos": "",
    "Dir. nombre": "",
    "Dirección": "",
    "Línea 2": "",
    "CP": "",
    "Dir. ciudad": "",
    "Teléfono": "",
    "Móvil": 629302198,
    "Fax": "",
    "Correo-e": "",
    "Alquilado": 0,
    "Cuota de inscripción": "24,00",
    "Pagado": "0",
    "Id equipo": "",
    "Nombre de equipo": "",
    "Nº de recorrido": 9002,
    "Recorrido": "R2",
    "km": "8,4",
    "m": 225,
    "Puntos de control": 17,
    "FIELD62": ""
  },
  {
    "OE0001_V12": "",
    "Id. de inscripción": 157853,
    "Dorsal": 9,
    "Dorsal alt.": "",
    "Nº chip": 8633595,
    "Id. de la base de datos": 23797,
    "Id IOF": 5575,
    "Apellidos": "Sprod",
    "Nombre": "Olivia",
    "Fecha de nacimiento": "18.11.1995",
    "AN": 1995,
    "S": "F",
    "Bloque": 433,
    "nc": 0,
    "Salida": "2:47:00",
    "Meta": "",
    "Tiempo": "",
    "Estado clas.": 0,
    "Bonificación -": "",
    "Penalización +": "",
    "Comentario": "",
    "Nº de club": 65,
    "Ciudad": "",
    "Club": "SANT_JOAN",
    "Nac": "",
    "Situación": "",
    "Región": "Alicante",
    "Nº de categoría": 1,
    "Corto": "F-E",
    "Largo": "F-E",
    "Nº Cat. Ins.": 1,
    "Categoría inscrita (corto)": "F-E",
    "Categoría inscrita (largo)": "F-E",
    "Pos. Ranking": "",
    "Puntos de ranking": "",
    "Num1": 23797,
    "Num2": "",
    "Num3": "",
    "Text1": "Y8809625H",
    "Text2": "A2",
    "Text3": "AUS",
    "Dir. apellidos": "",
    "Dir. nombre": "",
    "Dirección": "",
    "Línea 2": "",
    "CP": "",
    "Dir. ciudad": "",
    "Teléfono": "",
    "Móvil": 603039708,
    "Fax": "",
    "Correo-e": "",
    "Alquilado": 0,
    "Cuota de inscripción": "36,00",
    "Pagado": "X",
    "Id equipo": "",
    "Nombre de equipo": "",
    "Nº de recorrido": 9002,
    "Recorrido": "R2",
    "km": "8,4",
    "m": 225,
    "Puntos de control": 17,
    "FIELD62": ""
  },
  {
    "OE0001_V12": "",
    "Id. de inscripción": 150803,
    "Dorsal": 2,
    "Dorsal alt.": "",
    "Nº chip": 8021195,
    "Id. de la base de datos": 6280,
    "Id IOF": 40655,
    "Apellidos": "Parga Basanta",
    "Nombre": "Lucia",
    "Fecha de nacimiento": "02.11.1995",
    "AN": 1995,
    "S": "F",
    "Bloque": 416,
    "nc": 0,
    "Salida": "2:51:00",
    "Meta": "",
    "Tiempo": "",
    "Estado clas.": 0,
    "Bonificación -": "",
    "Penalización +": "",
    "Comentario": "",
    "Nº de club": 12,
    "Ciudad": "",
    "Club": "AROMON",
    "Nac": "",
    "Situación": "",
    "Región": "Pontevedra",
    "Nº de categoría": 1,
    "Corto": "F-E",
    "Largo": "F-E",
    "Nº Cat. Ins.": 1,
    "Categoría inscrita (corto)": "F-E",
    "Categoría inscrita (largo)": "F-E",
    "Pos. Ranking": "",
    "Puntos de ranking": "",
    "Num1": 27001159,
    "Num2": "",
    "Num3": "",
    "Text1": "33555269V",
    "Text2": "A1",
    "Text3": "ESP",
    "Dir. apellidos": "",
    "Dir. nombre": "",
    "Dirección": "",
    "Línea 2": "",
    "CP": "",
    "Dir. ciudad": "",
    "Teléfono": "",
    "Móvil": null,
    "Fax": "",
    "Correo-e": "",
    "Alquilado": 0,
    "Cuota de inscripción": "36,00",
    "Pagado": "0",
    "Id equipo": "",
    "Nombre de equipo": "",
    "Nº de recorrido": 9002,
    "Recorrido": "R2",
    "km": "8,4",
    "m": 225,
    "Puntos de control": 17,
    "FIELD62": ""
  },
  {
    "OE0001_V12": "",
    "Id. de inscripción": 157962,
    "Dorsal": 3,
    "Dorsal alt.": "",
    "Nº chip": 8659379,
    "Id. de la base de datos": 6561,
    "Id IOF": 22119,
    "Apellidos": "Camarasa Pérez",
    "Nombre": "Ana",
    "Fecha de nacimiento": "06.01.1994",
    "AN": 1994,
    "S": "F",
    "Bloque": 301,
    "nc": 0,
    "Salida": "2:55:00",
    "Meta": "",
    "Tiempo": "",
    "Estado clas.": 0,
    "Bonificación -": "",
    "Penalización +": "",
    "Comentario": "",
    "Nº de club": 25,
    "Ciudad": "",
    "Club": "COLIVENC",
    "Nac": "",
    "Situación": "",
    "Región": "Alicante",
    "Nº de categoría": 1,
    "Corto": "F-E",
    "Largo": "F-E",
    "Nº Cat. Ins.": 1,
    "Categoría inscrita (corto)": "F-E",
    "Categoría inscrita (largo)": "F-E",
    "Pos. Ranking": "",
    "Puntos de ranking": "",
    "Num1": 3000349,
    "Num2": "",
    "Num3": "",
    "Text1": "20053274B",
    "Text2": "A1",
    "Text3": "ESP",
    "Dir. apellidos": "",
    "Dir. nombre": "",
    "Dirección": "",
    "Línea 2": "",
    "CP": "",
    "Dir. ciudad": "",
    "Teléfono": "",
    "Móvil": 650829148,
    "Fax": "",
    "Correo-e": "",
    "Alquilado": 0,
    "Cuota de inscripción": "36,00",
    "Pagado": "0",
    "Id equipo": "",
    "Nombre de equipo": "",
    "Nº de recorrido": 9002,
    "Recorrido": "R2",
    "km": "8,4",
    "m": 225,
    "Puntos de control": 17,
    "FIELD62": ""
  },
  {
    "OE0001_V12": "",
    "Id. de inscripción": 158160,
    "Dorsal": 14,
    "Dorsal alt.": "",
    "Nº chip": 8180698,
    "Id. de la base de datos": 6208,
    "Id IOF": 22997,
    "Apellidos": "Prieto Del Campo",
    "Nombre": "María",
    "Fecha de nacimiento": "18.06.1998",
    "AN": 1998,
    "S": "F",
    "Bloque": 269,
    "nc": 0,
    "Salida": "2:59:00",
    "Meta": "",
    "Tiempo": "",
    "Estado clas.": 0,
    "Bonificación -": "",
    "Penalización +": "",
    "Comentario": "",
    "Nº de club": 225,
    "Ciudad": "",
    "Club": "MALARRUTA",
    "Nac": "",
    "Situación": "",
    "Región": "Madrid",
    "Nº de categoría": 1,
    "Corto": "F-E",
    "Largo": "F-E",
    "Nº Cat. Ins.": 1,
    "Categoría inscrita (corto)": "F-E",
    "Categoría inscrita (largo)": "F-E",
    "Pos. Ranking": "",
    "Puntos de ranking": "",
    "Num1": 28002923,
    "Num2": "",
    "Num3": "",
    "Text1": "51143508H",
    "Text2": "A1",
    "Text3": "ESP",
    "Dir. apellidos": "",
    "Dir. nombre": "",
    "Dirección": "",
    "Línea 2": "",
    "CP": "",
    "Dir. ciudad": "",
    "Teléfono": "",
    "Móvil": 918461493,
    "Fax": "",
    "Correo-e": "",
    "Alquilado": 0,
    "Cuota de inscripción": "32,00",
    "Pagado": "X",
    "Id equipo": "",
    "Nombre de equipo": "",
    "Nº de recorrido": 9002,
    "Recorrido": "R2",
    "km": "8,4",
    "m": 225,
    "Puntos de control": 17,
    "FIELD62": ""
  },
  {
    "OE0001_V12": "",
    "Id. de inscripción": 156847,
    "Dorsal": 10,
    "Dorsal alt.": "",
    "Nº chip": 8653285,
    "Id. de la base de datos": 8331,
    "Id IOF": 33642,
    "Apellidos": "González Peña",
    "Nombre": "Nerea",
    "Fecha de nacimiento": "27.01.2002",
    "AN": 2002,
    "S": "F",
    "Bloque": 153,
    "nc": 0,
    "Salida": "3:03:00",
    "Meta": "",
    "Tiempo": "",
    "Estado clas.": 0,
    "Bonificación -": "",
    "Penalización +": "",
    "Comentario": "",
    "Nº de club": 68,
    "Ciudad": "",
    "Club": "TOLEDO-O",
    "Nac": "",
    "Situación": "",
    "Región": "Toledo",
    "Nº de categoría": 1,
    "Corto": "F-E",
    "Largo": "F-E",
    "Nº Cat. Ins.": 1,
    "Categoría inscrita (corto)": "F-E",
    "Categoría inscrita (largo)": "F-E",
    "Pos. Ranking": "",
    "Puntos de ranking": "",
    "Num1": 45004221,
    "Num2": "",
    "Num3": "",
    "Text1": "05332725Z",
    "Text2": "A1",
    "Text3": "ESP",
    "Dir. apellidos": "",
    "Dir. nombre": "",
    "Dirección": "",
    "Línea 2": "",
    "CP": "",
    "Dir. ciudad": "",
    "Teléfono": "",
    "Móvil": null,
    "Fax": "",
    "Correo-e": "",
    "Alquilado": 0,
    "Cuota de inscripción": "36,00",
    "Pagado": "X",
    "Id equipo": "",
    "Nombre de equipo": "",
    "Nº de recorrido": 9002,
    "Recorrido": "R2",
    "km": "8,4",
    "m": 225,
    "Puntos de control": 17,
    "FIELD62": ""
  },
  {
    "OE0001_V12": "",
    "Id. de inscripción": 158150,
    "Dorsal": 6,
    "Dorsal alt.": "",
    "Nº chip": 8651381,
    "Id. de la base de datos": 8515,
    "Id IOF": 33644,
    "Apellidos": "Toledo Navarro",
    "Nombre": "Ana Isabel",
    "Fecha de nacimiento": "19.06.2000",
    "AN": 2000,
    "S": "F",
    "Bloque": 93,
    "nc": 0,
    "Salida": "3:07:00",
    "Meta": "",
    "Tiempo": "",
    "Estado clas.": 0,
    "Bonificación -": "",
    "Penalización +": "",
    "Comentario": "",
    "Nº de club": 42,
    "Ciudad": "",
    "Club": "IMPERDIBLE",
    "Nac": "",
    "Situación": "",
    "Región": "Madrid",
    "Nº de categoría": 1,
    "Corto": "F-E",
    "Largo": "F-E",
    "Nº Cat. Ins.": 1,
    "Categoría inscrita (corto)": "F-E",
    "Categoría inscrita (largo)": "F-E",
    "Pos. Ranking": "",
    "Puntos de ranking": "",
    "Num1": 16004407,
    "Num2": "",
    "Num3": "",
    "Text1": "05947391M",
    "Text2": "A1",
    "Text3": "ESP",
    "Dir. apellidos": "",
    "Dir. nombre": "",
    "Dirección": "",
    "Línea 2": "",
    "CP": "",
    "Dir. ciudad": "",
    "Teléfono": "",
    "Móvil": 646089186,
    "Fax": "",
    "Correo-e": "",
    "Alquilado": 0,
    "Cuota de inscripción": "32,00",
    "Pagado": "0",
    "Id equipo": "",
    "Nombre de equipo": "",
    "Nº de recorrido": 9002,
    "Recorrido": "R2",
    "km": "8,4",
    "m": 225,
    "Puntos de control": 17,
    "FIELD62": ""
  },
  {
    "OE0001_V12": "",
    "Id. de inscripción": null,
    "Dorsal": 90,
    "Dorsal alt.": "",
    "Nº chip": 8010192,
    "Id. de la base de datos": null,
    "Id IOF": 9048,
    "Apellidos": "Dutkowski",
    "Nombre": "Mikolaj",
    "Fecha de nacimiento": "",
    "AN": null,
    "S": "F",
    "Bloque": 493,
    "nc": 0,
    "Salida": "0:34:00",
    "Meta": "",
    "Tiempo": "",
    "Estado clas.": 0,
    "Bonificación -": "",
    "Penalización +": "",
    "Comentario": "",
    "Nº de club": 1003,
    "Ciudad": "",
    "Club": "ANGELNIEMEN ANKKURI",
    "Nac": "",
    "Situación": "",
    "Región": "",
    "Nº de categoría": 2,
    "Corto": "M-E",
    "Largo": "M-E",
    "Nº Cat. Ins.": 2,
    "Categoría inscrita (corto)": "M-E",
    "Categoría inscrita (largo)": "M-E",
    "Pos. Ranking": "",
    "Puntos de ranking": "",
    "Num1": null,
    "Num2": "",
    "Num3": "",
    "Text1": "",
    "Text2": "",
    "Text3": "POL",
    "Dir. apellidos": "",
    "Dir. nombre": "",
    "Dirección": "",
    "Línea 2": "",
    "CP": "",
    "Dir. ciudad": "",
    "Teléfono": "",
    "Móvil": null,
    "Fax": "",
    "Correo-e": "",
    "Alquilado": 0,
    "Cuota de inscripción": "0,00",
    "Pagado": "0",
    "Id equipo": "",
    "Nombre de equipo": "",
    "Nº de recorrido": 9001,
    "Recorrido": "R1",
    "km": "10,9",
    "m": 375,
    "Puntos de control": 25,
    "FIELD62": ""
  },
  {
    "OE0001_V12": "",
    "Id. de inscripción": 158333,
    "Dorsal": 69,
    "Dorsal alt.": "",
    "Nº chip": 8670673,
    "Id. de la base de datos": 9112,
    "Id IOF": null,
    "Apellidos": "Vazquez Amos",
    "Nombre": "Tomas",
    "Fecha de nacimiento": "31.05.2001",
    "AN": 2001,
    "S": "M",
    "Bloque": null,
    "nc": 0,
    "Salida": "0:38:00",
    "Meta": "",
    "Tiempo": "",
    "Estado clas.": 0,
    "Bonificación -": "",
    "Penalización +": "",
    "Comentario": "",
    "Nº de club": 160,
    "Ciudad": "",
    "Club": "COHU",
    "Nac": "",
    "Situación": "",
    "Región": "Huelva",
    "Nº de categoría": 2,
    "Corto": "M-E",
    "Largo": "M-E",
    "Nº Cat. Ins.": 2,
    "Categoría inscrita (corto)": "M-E",
    "Categoría inscrita (largo)": "M-E",
    "Pos. Ranking": "",
    "Puntos de ranking": "",
    "Num1": 21005235,
    "Num2": "",
    "Num3": "",
    "Text1": "20099897J",
    "Text2": "A1",
    "Text3": "ESP",
    "Dir. apellidos": "",
    "Dir. nombre": "",
    "Dirección": "",
    "Línea 2": "",
    "CP": "",
    "Dir. ciudad": "",
    "Teléfono": "",
    "Móvil": 667097614,
    "Fax": "",
    "Correo-e": "",
    "Alquilado": 0,
    "Cuota de inscripción": "45,00",
    "Pagado": "0",
    "Id equipo": "",
    "Nombre de equipo": "",
    "Nº de recorrido": 9001,
    "Recorrido": "R1",
    "km": "10,9",
    "m": 375,
    "Puntos de control": 25,
    "FIELD62": ""
  },
  {
    "OE0001_V12": "",
    "Id. de inscripción": 160081,
    "Dorsal": 82,
    "Dorsal alt.": "",
    "Nº chip": 8002251,
    "Id. de la base de datos": null,
    "Id IOF": 41275,
    "Apellidos": "Frascaroli",
    "Nombre": "Simone",
    "Fecha de nacimiento": "",
    "AN": 2004,
    "S": "M",
    "Bloque": null,
    "nc": 0,
    "Salida": "0:42:00",
    "Meta": "",
    "Tiempo": "",
    "Estado clas.": 0,
    "Bonificación -": "",
    "Penalización +": "",
    "Comentario": "",
    "Nº de club": 1038,
    "Ciudad": "",
    "Club": "POLISPORTIVA G.MASI",
    "Nac": "",
    "Situación": "",
    "Región": "",
    "Nº de categoría": 2,
    "Corto": "M-E",
    "Largo": "M-E",
    "Nº Cat. Ins.": 2,
    "Categoría inscrita (corto)": "M-E",
    "Categoría inscrita (largo)": "M-E",
    "Pos. Ranking": "",
    "Puntos de ranking": "",
    "Num1": null,
    "Num2": "",
    "Num3": "",
    "Text1": "",
    "Text2": "",
    "Text3": "ITA",
    "Dir. apellidos": "",
    "Dir. nombre": "",
    "Dirección": "",
    "Línea 2": "",
    "CP": "",
    "Dir. ciudad": "",
    "Teléfono": "",
    "Móvil": null,
    "Fax": "",
    "Correo-e": "",
    "Alquilado": 0,
    "Cuota de inscripción": "0,00",
    "Pagado": "0",
    "Id equipo": "",
    "Nombre de equipo": "",
    "Nº de recorrido": 9001,
    "Recorrido": "R1",
    "km": "10,9",
    "m": 375,
    "Puntos de control": 25,
    "FIELD62": ""
  },
  {
    "OE0001_V12": "",
    "Id. de inscripción": 157423,
    "Dorsal": 64,
    "Dorsal alt.": "",
    "Nº chip": 8501196,
    "Id. de la base de datos": 26817,
    "Id IOF": null,
    "Apellidos": "Rojo Hernández",
    "Nombre": "Carlos",
    "Fecha de nacimiento": "29.07.1996",
    "AN": 1996,
    "S": "M",
    "Bloque": null,
    "nc": 0,
    "Salida": "0:46:00",
    "Meta": "",
    "Tiempo": "",
    "Estado clas.": 0,
    "Bonificación -": "",
    "Penalización +": "",
    "Comentario": "",
    "Nº de club": 103,
    "Ciudad": "",
    "Club": "SURCO",
    "Nac": "",
    "Situación": "",
    "Región": "Almería",
    "Nº de categoría": 2,
    "Corto": "M-E",
    "Largo": "M-E",
    "Nº Cat. Ins.": 2,
    "Categoría inscrita (corto)": "M-E",
    "Categoría inscrita (largo)": "M-E",
    "Pos. Ranking": "",
    "Puntos de ranking": "",
    "Num1": 26817,
    "Num2": "",
    "Num3": "",
    "Text1": "71044238K",
    "Text2": "A2",
    "Text3": "ESP",
    "Dir. apellidos": "",
    "Dir. nombre": "",
    "Dirección": "",
    "Línea 2": "",
    "CP": "",
    "Dir. ciudad": "",
    "Teléfono": "",
    "Móvil": 679937104,
    "Fax": "",
    "Correo-e": "",
    "Alquilado": 0,
    "Cuota de inscripción": "32,00",
    "Pagado": "0",
    "Id equipo": "",
    "Nombre de equipo": "",
    "Nº de recorrido": 9001,
    "Recorrido": "R1",
    "km": "10,9",
    "m": 375,
    "Puntos de control": 25,
    "FIELD62": ""
  },
  {
    "OE0001_V12": "",
    "Id. de inscripción": 160070,
    "Dorsal": 77,
    "Dorsal alt.": "",
    "Nº chip": 8170695,
    "Id. de la base de datos": null,
    "Id IOF": 19516,
    "Apellidos": "Janischowsky",
    "Nombre": "Daniel",
    "Fecha de nacimiento": "",
    "AN": 1995,
    "S": "M",
    "Bloque": null,
    "nc": 0,
    "Salida": "0:50:00",
    "Meta": "",
    "Tiempo": "",
    "Estado clas.": 0,
    "Bonificación -": "",
    "Penalización +": "",
    "Comentario": "",
    "Nº de club": 1035,
    "Ciudad": "",
    "Club": "OLG REGENSBURG",
    "Nac": "",
    "Situación": "",
    "Región": "",
    "Nº de categoría": 2,
    "Corto": "M-E",
    "Largo": "M-E",
    "Nº Cat. Ins.": 2,
    "Categoría inscrita (corto)": "M-E",
    "Categoría inscrita (largo)": "M-E",
    "Pos. Ranking": "",
    "Puntos de ranking": "",
    "Num1": null,
    "Num2": "",
    "Num3": "",
    "Text1": "",
    "Text2": "",
    "Text3": "GER",
    "Dir. apellidos": "",
    "Dir. nombre": "",
    "Dirección": "",
    "Línea 2": "",
    "CP": "",
    "Dir. ciudad": "",
    "Teléfono": "",
    "Móvil": null,
    "Fax": "",
    "Correo-e": "",
    "Alquilado": 0,
    "Cuota de inscripción": "0,00",
    "Pagado": "0",
    "Id equipo": "",
    "Nombre de equipo": "",
    "Nº de recorrido": 9001,
    "Recorrido": "R1",
    "km": "10,9",
    "m": 375,
    "Puntos de control": 25,
    "FIELD62": ""
  },
  {
    "OE0001_V12": "",
    "Id. de inscripción": 160085,
    "Dorsal": 83,
    "Dorsal alt.": "",
    "Nº chip": 8023010,
    "Id. de la base de datos": null,
    "Id IOF": 40991,
    "Apellidos": "Lambertini",
    "Nombre": "Sebastiano",
    "Fecha de nacimiento": "",
    "AN": 2006,
    "S": "M",
    "Bloque": null,
    "nc": 0,
    "Salida": "0:54:00",
    "Meta": "",
    "Tiempo": "",
    "Estado clas.": 0,
    "Bonificación -": "",
    "Penalización +": "",
    "Comentario": "",
    "Nº de club": 1038,
    "Ciudad": "",
    "Club": "POLISPORTIVA G.MASI",
    "Nac": "",
    "Situación": "",
    "Región": "",
    "Nº de categoría": 2,
    "Corto": "M-E",
    "Largo": "M-E",
    "Nº Cat. Ins.": 2,
    "Categoría inscrita (corto)": "M-E",
    "Categoría inscrita (largo)": "M-E",
    "Pos. Ranking": "",
    "Puntos de ranking": "",
    "Num1": null,
    "Num2": "",
    "Num3": "",
    "Text1": "",
    "Text2": "",
    "Text3": "ITA",
    "Dir. apellidos": "",
    "Dir. nombre": "",
    "Dirección": "",
    "Línea 2": "",
    "CP": "",
    "Dir. ciudad": "",
    "Teléfono": "",
    "Móvil": null,
    "Fax": "",
    "Correo-e": "",
    "Alquilado": 0,
    "Cuota de inscripción": "0,00",
    "Pagado": "0",
    "Id equipo": "",
    "Nombre de equipo": "",
    "Nº de recorrido": 9001,
    "Recorrido": "R1",
    "km": "10,9",
    "m": 375,
    "Puntos de control": 25,
    "FIELD62": ""
  },
  {
    "OE0001_V12": "",
    "Id. de inscripción": 157280,
    "Dorsal": 54,
    "Dorsal alt.": "",
    "Nº chip": 8509165,
    "Id. de la base de datos": 27598,
    "Id IOF": 49513,
    "Apellidos": "Sanclemente Crespo",
    "Nombre": "Mateo",
    "Fecha de nacimiento": "17.04.1995",
    "AN": 1995,
    "S": "M",
    "Bloque": null,
    "nc": 0,
    "Salida": "0:58:00",
    "Meta": "",
    "Tiempo": "",
    "Estado clas.": 0,
    "Bonificación -": "",
    "Penalización +": "",
    "Comentario": "",
    "Nº de club": 22,
    "Ciudad": "",
    "Club": "COC",
    "Nac": "",
    "Situación": "",
    "Región": "Barcelona",
    "Nº de categoría": 2,
    "Corto": "M-E",
    "Largo": "M-E",
    "Nº Cat. Ins.": 2,
    "Categoría inscrita (corto)": "M-E",
    "Categoría inscrita (largo)": "M-E",
    "Pos. Ranking": "",
    "Puntos de ranking": "",
    "Num1": 27598,
    "Num2": "",
    "Num3": "",
    "Text1": "48144765S",
    "Text2": "A2",
    "Text3": "ESP",
    "Dir. apellidos": "",
    "Dir. nombre": "",
    "Dirección": "",
    "Línea 2": "",
    "CP": "",
    "Dir. ciudad": "",
    "Teléfono": "",
    "Móvil": 634558693,
    "Fax": "",
    "Correo-e": "",
    "Alquilado": 0,
    "Cuota de inscripción": "36,00",
    "Pagado": "X",
    "Id equipo": "",
    "Nombre de equipo": "",
    "Nº de recorrido": 9001,
    "Recorrido": "R1",
    "km": "10,9",
    "m": 375,
    "Puntos de control": 25,
    "FIELD62": ""
  },
  {
    "OE0001_V12": "",
    "Id. de inscripción": 160069,
    "Dorsal": 78,
    "Dorsal alt.": "",
    "Nº chip": 8625190,
    "Id. de la base de datos": null,
    "Id IOF": 19517,
    "Apellidos": "Janischowsky",
    "Nombre": "Fabian",
    "Fecha de nacimiento": "",
    "AN": 1995,
    "S": "M",
    "Bloque": null,
    "nc": 0,
    "Salida": "1:02:00",
    "Meta": "",
    "Tiempo": "",
    "Estado clas.": 0,
    "Bonificación -": "",
    "Penalización +": "",
    "Comentario": "",
    "Nº de club": 1035,
    "Ciudad": "",
    "Club": "OLG REGENSBURG",
    "Nac": "",
    "Situación": "",
    "Región": "",
    "Nº de categoría": 2,
    "Corto": "M-E",
    "Largo": "M-E",
    "Nº Cat. Ins.": 2,
    "Categoría inscrita (corto)": "M-E",
    "Categoría inscrita (largo)": "M-E",
    "Pos. Ranking": "",
    "Puntos de ranking": "",
    "Num1": null,
    "Num2": "",
    "Num3": "",
    "Text1": "",
    "Text2": "",
    "Text3": "GER",
    "Dir. apellidos": "",
    "Dir. nombre": "",
    "Dirección": "",
    "Línea 2": "",
    "CP": "",
    "Dir. ciudad": "",
    "Teléfono": "",
    "Móvil": null,
    "Fax": "",
    "Correo-e": "",
    "Alquilado": 0,
    "Cuota de inscripción": "0,00",
    "Pagado": "0",
    "Id equipo": "",
    "Nombre de equipo": "",
    "Nº de recorrido": 9001,
    "Recorrido": "R1",
    "km": "10,9",
    "m": 375,
    "Puntos de control": 25,
    "FIELD62": ""
  },
  {
    "OE0001_V12": "",
    "Id. de inscripción": 158283,
    "Dorsal": 55,
    "Dorsal alt.": "",
    "Nº chip": 8241996,
    "Id. de la base de datos": 7927,
    "Id IOF": null,
    "Apellidos": "Suñé Margineda",
    "Nombre": "Joel",
    "Fecha de nacimiento": "19.08.1996",
    "AN": 1996,
    "S": "M",
    "Bloque": null,
    "nc": 0,
    "Salida": "1:06:00",
    "Meta": "",
    "Tiempo": "",
    "Estado clas.": 0,
    "Bonificación -": "",
    "Penalización +": "",
    "Comentario": "",
    "Nº de club": 22,
    "Ciudad": "",
    "Club": "COC",
    "Nac": "",
    "Situación": "",
    "Región": "Barcelona",
    "Nº de categoría": 2,
    "Corto": "M-E",
    "Largo": "M-E",
    "Nº Cat. Ins.": 2,
    "Categoría inscrita (corto)": "M-E",
    "Categoría inscrita (largo)": "M-E",
    "Pos. Ranking": "",
    "Puntos de ranking": "",
    "Num1": 8003808,
    "Num2": "",
    "Num3": "",
    "Text1": "49188694C",
    "Text2": "A1",
    "Text3": "ESP",
    "Dir. apellidos": "",
    "Dir. nombre": "",
    "Dirección": "",
    "Línea 2": "",
    "CP": "",
    "Dir. ciudad": "",
    "Teléfono": "",
    "Móvil": 686219602,
    "Fax": "",
    "Correo-e": "",
    "Alquilado": 0,
    "Cuota de inscripción": "30,00",
    "Pagado": "X",
    "Id equipo": "",
    "Nombre de equipo": "",
    "Nº de recorrido": 9001,
    "Recorrido": "R1",
    "km": "10,9",
    "m": 375,
    "Puntos de control": 25,
    "FIELD62": ""
  },
  {
    "OE0001_V12": "",
    "Id. de inscripción": 157996,
    "Dorsal": 68,
    "Dorsal alt.": "",
    "Nº chip": 8032445,
    "Id. de la base de datos": 9109,
    "Id IOF": null,
    "Apellidos": "Prieto De La Osa",
    "Nombre": "Domingo",
    "Fecha de nacimiento": "01.12.1999",
    "AN": 1999,
    "S": "M",
    "Bloque": null,
    "nc": 0,
    "Salida": "1:10:00",
    "Meta": "",
    "Tiempo": "",
    "Estado clas.": 0,
    "Bonificación -": "",
    "Penalización +": "",
    "Comentario": "",
    "Nº de club": 160,
    "Ciudad": "",
    "Club": "COHU",
    "Nac": "",
    "Situación": "",
    "Región": "Huelva",
    "Nº de categoría": 2,
    "Corto": "M-E",
    "Largo": "M-E",
    "Nº Cat. Ins.": 2,
    "Categoría inscrita (corto)": "M-E",
    "Categoría inscrita (largo)": "M-E",
    "Pos. Ranking": "",
    "Puntos de ranking": "",
    "Num1": 21005232,
    "Num2": "",
    "Num3": "",
    "Text1": "49160821T",
    "Text2": "A1",
    "Text3": "ESP",
    "Dir. apellidos": "",
    "Dir. nombre": "",
    "Dirección": "",
    "Línea 2": "",
    "CP": "",
    "Dir. ciudad": "",
    "Teléfono": "",
    "Móvil": 648713891,
    "Fax": "",
    "Correo-e": "",
    "Alquilado": 0,
    "Cuota de inscripción": "36,00",
    "Pagado": "X",
    "Id equipo": "",
    "Nombre de equipo": "",
    "Nº de recorrido": 9001,
    "Recorrido": "R1",
    "km": "10,9",
    "m": 375,
    "Puntos de control": 25,
    "FIELD62": ""
  },
  {
    "OE0001_V12": "",
    "Id. de inscripción": 160084,
    "Dorsal": 85,
    "Dorsal alt.": "",
    "Nº chip": 8150315,
    "Id. de la base de datos": null,
    "Id IOF": 42161,
    "Apellidos": "Ognibene",
    "Nombre": "Francesco",
    "Fecha de nacimiento": "",
    "AN": 2004,
    "S": "M",
    "Bloque": 2755,
    "nc": 0,
    "Salida": "1:14:00",
    "Meta": "",
    "Tiempo": "",
    "Estado clas.": 0,
    "Bonificación -": "",
    "Penalización +": "",
    "Comentario": "",
    "Nº de club": 1038,
    "Ciudad": "",
    "Club": "POLISPORTIVA G.MASI",
    "Nac": "",
    "Situación": "",
    "Región": "",
    "Nº de categoría": 2,
    "Corto": "M-E",
    "Largo": "M-E",
    "Nº Cat. Ins.": 2,
    "Categoría inscrita (corto)": "M-E",
    "Categoría inscrita (largo)": "M-E",
    "Pos. Ranking": "",
    "Puntos de ranking": "",
    "Num1": null,
    "Num2": "",
    "Num3": "",
    "Text1": "",
    "Text2": "",
    "Text3": "ITA",
    "Dir. apellidos": "",
    "Dir. nombre": "",
    "Dirección": "",
    "Línea 2": "",
    "CP": "",
    "Dir. ciudad": "",
    "Teléfono": "",
    "Móvil": null,
    "Fax": "",
    "Correo-e": "",
    "Alquilado": 0,
    "Cuota de inscripción": "0,00",
    "Pagado": "0",
    "Id equipo": "",
    "Nombre de equipo": "",
    "Nº de recorrido": 9001,
    "Recorrido": "R1",
    "km": "10,9",
    "m": 375,
    "Puntos de control": 25,
    "FIELD62": ""
  },
  {
    "OE0001_V12": "",
    "Id. de inscripción": 157557,
    "Dorsal": 53,
    "Dorsal alt.": "",
    "Nº chip": 8513985,
    "Id. de la base de datos": 26881,
    "Id IOF": 44194,
    "Apellidos": "Sanchez Uribe",
    "Nombre": "Juan Daniel",
    "Fecha de nacimiento": "14.01.1996",
    "AN": 1996,
    "S": "M",
    "Bloque": 2688,
    "nc": 0,
    "Salida": "1:18:00",
    "Meta": "",
    "Tiempo": "",
    "Estado clas.": 0,
    "Bonificación -": "",
    "Penalización +": "",
    "Comentario": "",
    "Nº de club": 20,
    "Ciudad": "",
    "Club": "O-CIUDAD_REAL",
    "Nac": "",
    "Situación": "",
    "Región": "Ciudad Real",
    "Nº de categoría": 2,
    "Corto": "M-E",
    "Largo": "M-E",
    "Nº Cat. Ins.": 2,
    "Categoría inscrita (corto)": "M-E",
    "Categoría inscrita (largo)": "M-E",
    "Pos. Ranking": "",
    "Puntos de ranking": "",
    "Num1": 26881,
    "Num2": "",
    "Num3": "",
    "Text1": "Z0322172Q",
    "Text2": "A1",
    "Text3": "COL",
    "Dir. apellidos": "",
    "Dir. nombre": "",
    "Dirección": "",
    "Línea 2": "",
    "CP": "",
    "Dir. ciudad": "",
    "Teléfono": "",
    "Móvil": 692323824,
    "Fax": "",
    "Correo-e": "",
    "Alquilado": 0,
    "Cuota de inscripción": "32,00",
    "Pagado": "0",
    "Id equipo": "",
    "Nombre de equipo": "",
    "Nº de recorrido": 9001,
    "Recorrido": "R1",
    "km": "10,9",
    "m": 375,
    "Puntos de control": 25,
    "FIELD62": ""
  },
  {
    "OE0001_V12": "",
    "Id. de inscripción": 157678,
    "Dorsal": 62,
    "Dorsal alt.": "",
    "Nº chip": 8432108,
    "Id. de la base de datos": 16264,
    "Id IOF": 49427,
    "Apellidos": "Iglesias De Álava",
    "Nombre": "Guillermo",
    "Fecha de nacimiento": "07.07.1995",
    "AN": 1995,
    "S": "M",
    "Bloque": 1969,
    "nc": 0,
    "Salida": "1:22:00",
    "Meta": "",
    "Tiempo": "",
    "Estado clas.": 0,
    "Bonificación -": "",
    "Penalización +": "",
    "Comentario": "",
    "Nº de club": 53,
    "Ciudad": "",
    "Club": "MURCIA-O",
    "Nac": "",
    "Situación": "",
    "Región": "Murcia",
    "Nº de categoría": 2,
    "Corto": "M-E",
    "Largo": "M-E",
    "Nº Cat. Ins.": 2,
    "Categoría inscrita (corto)": "M-E",
    "Categoría inscrita (largo)": "M-E",
    "Pos. Ranking": "",
    "Puntos de ranking": "",
    "Num1": 16264,
    "Num2": "",
    "Num3": "",
    "Text1": "03147791B",
    "Text2": "A1",
    "Text3": "ESP",
    "Dir. apellidos": "",
    "Dir. nombre": "",
    "Dirección": "",
    "Línea 2": "",
    "CP": "",
    "Dir. ciudad": "",
    "Teléfono": "",
    "Móvil": 689517807,
    "Fax": "",
    "Correo-e": "",
    "Alquilado": 0,
    "Cuota de inscripción": "32,00",
    "Pagado": "X",
    "Id equipo": "",
    "Nombre de equipo": "",
    "Nº de recorrido": 9001,
    "Recorrido": "R1",
    "km": "10,9",
    "m": 375,
    "Puntos de control": 25,
    "FIELD62": ""
  },
  {
    "OE0001_V12": "",
    "Id. de inscripción": 156169,
    "Dorsal": 63,
    "Dorsal alt.": "",
    "Nº chip": 8670970,
    "Id. de la base de datos": 11694,
    "Id IOF": 44321,
    "Apellidos": "Moragas Forcada",
    "Nombre": "Jordi",
    "Fecha de nacimiento": "10.08.2003",
    "AN": 2003,
    "S": "M",
    "Bloque": 1727,
    "nc": 0,
    "Salida": "1:26:00",
    "Meta": "",
    "Tiempo": "",
    "Estado clas.": 0,
    "Bonificación -": "",
    "Penalización +": "",
    "Comentario": "",
    "Nº de club": 77,
    "Ciudad": "",
    "Club": "UEVIC",
    "Nac": "",
    "Situación": "",
    "Región": "Barcelona",
    "Nº de categoría": 2,
    "Corto": "M-E",
    "Largo": "M-E",
    "Nº Cat. Ins.": 2,
    "Categoría inscrita (corto)": "M-E",
    "Categoría inscrita (largo)": "M-E",
    "Pos. Ranking": "",
    "Puntos de ranking": "",
    "Num1": 8007733,
    "Num2": "",
    "Num3": "",
    "Text1": "48043699B",
    "Text2": "A1",
    "Text3": "ESP",
    "Dir. apellidos": "",
    "Dir. nombre": "",
    "Dirección": "",
    "Línea 2": "",
    "CP": "",
    "Dir. ciudad": "",
    "Teléfono": "",
    "Móvil": 649294851,
    "Fax": "",
    "Correo-e": "",
    "Alquilado": 0,
    "Cuota de inscripción": "36,00",
    "Pagado": "0",
    "Id equipo": "",
    "Nombre de equipo": "",
    "Nº de recorrido": 9001,
    "Recorrido": "R1",
    "km": "10,9",
    "m": 375,
    "Puntos de control": 25,
    "FIELD62": ""
  },
  {
    "OE0001_V12": "",
    "Id. de inscripción": 160075,
    "Dorsal": 79,
    "Dorsal alt.": "",
    "Nº chip": 8050297,
    "Id. de la base de datos": null,
    "Id IOF": 26345,
    "Apellidos": "Janischowsky",
    "Nombre": "Lukas",
    "Fecha de nacimiento": "",
    "AN": 1997,
    "S": "M",
    "Bloque": 1715,
    "nc": 0,
    "Salida": "1:30:00",
    "Meta": "",
    "Tiempo": "",
    "Estado clas.": 0,
    "Bonificación -": "",
    "Penalización +": "",
    "Comentario": "",
    "Nº de club": 1035,
    "Ciudad": "",
    "Club": "OLG REGENSBURG",
    "Nac": "",
    "Situación": "",
    "Región": "",
    "Nº de categoría": 2,
    "Corto": "M-E",
    "Largo": "M-E",
    "Nº Cat. Ins.": 2,
    "Categoría inscrita (corto)": "M-E",
    "Categoría inscrita (largo)": "M-E",
    "Pos. Ranking": "",
    "Puntos de ranking": "",
    "Num1": null,
    "Num2": "",
    "Num3": "",
    "Text1": "",
    "Text2": "",
    "Text3": "GER",
    "Dir. apellidos": "",
    "Dir. nombre": "",
    "Dirección": "",
    "Línea 2": "",
    "CP": "",
    "Dir. ciudad": "",
    "Teléfono": "",
    "Móvil": null,
    "Fax": "",
    "Correo-e": "",
    "Alquilado": 0,
    "Cuota de inscripción": "0,00",
    "Pagado": "0",
    "Id equipo": "",
    "Nombre de equipo": "",
    "Nº de recorrido": 9001,
    "Recorrido": "R1",
    "km": "10,9",
    "m": 375,
    "Puntos de control": 25,
    "FIELD62": ""
  },
  {
    "OE0001_V12": "",
    "Id. de inscripción": 157269,
    "Dorsal": 58,
    "Dorsal alt.": "",
    "Nº chip": 8633194,
    "Id. de la base de datos": 5087,
    "Id IOF": 18785,
    "Apellidos": "García Crespo",
    "Nombre": "José Manuel",
    "Fecha de nacimiento": "19.01.1981",
    "AN": 1981,
    "S": "M",
    "Bloque": 1719,
    "nc": 0,
    "Salida": "1:34:00",
    "Meta": "",
    "Tiempo": "",
    "Estado clas.": 0,
    "Bonificación -": "",
    "Penalización +": "",
    "Comentario": "",
    "Nº de club": 26,
    "Ciudad": "",
    "Club": "COMA",
    "Nac": "",
    "Situación": "",
    "Región": "Málaga",
    "Nº de categoría": 2,
    "Corto": "M-E",
    "Largo": "M-E",
    "Nº Cat. Ins.": 2,
    "Categoría inscrita (corto)": "M-E",
    "Categoría inscrita (largo)": "M-E",
    "Pos. Ranking": "",
    "Puntos de ranking": "",
    "Num1": 29000306,
    "Num2": "",
    "Num3": "",
    "Text1": "28648428L",
    "Text2": "A1",
    "Text3": "ESP",
    "Dir. apellidos": "",
    "Dir. nombre": "",
    "Dirección": "",
    "Línea 2": "",
    "CP": "",
    "Dir. ciudad": "",
    "Teléfono": "",
    "Móvil": 625475589,
    "Fax": "",
    "Correo-e": "",
    "Alquilado": 0,
    "Cuota de inscripción": "24,00",
    "Pagado": "0",
    "Id equipo": "",
    "Nombre de equipo": "",
    "Nº de recorrido": 9001,
    "Recorrido": "R1",
    "km": "10,9",
    "m": 375,
    "Puntos de control": 25,
    "FIELD62": ""
  },
  {
    "OE0001_V12": "",
    "Id. de inscripción": 160072,
    "Dorsal": 76,
    "Dorsal alt.": "",
    "Nº chip": 8187420,
    "Id. de la base de datos": null,
    "Id IOF": 44382,
    "Apellidos": "Brandl",
    "Nombre": "Lorenz",
    "Fecha de nacimiento": "",
    "AN": 1999,
    "S": "M",
    "Bloque": 1467,
    "nc": 0,
    "Salida": "1:38:00",
    "Meta": "",
    "Tiempo": "",
    "Estado clas.": 0,
    "Bonificación -": "",
    "Penalización +": "",
    "Comentario": "",
    "Nº de club": 1035,
    "Ciudad": "",
    "Club": "OLG REGENSBURG",
    "Nac": "",
    "Situación": "",
    "Región": "",
    "Nº de categoría": 2,
    "Corto": "M-E",
    "Largo": "M-E",
    "Nº Cat. Ins.": 2,
    "Categoría inscrita (corto)": "M-E",
    "Categoría inscrita (largo)": "M-E",
    "Pos. Ranking": "",
    "Puntos de ranking": "",
    "Num1": null,
    "Num2": "",
    "Num3": "",
    "Text1": "",
    "Text2": "",
    "Text3": "GER",
    "Dir. apellidos": "",
    "Dir. nombre": "",
    "Dirección": "",
    "Línea 2": "",
    "CP": "",
    "Dir. ciudad": "",
    "Teléfono": "",
    "Móvil": null,
    "Fax": "",
    "Correo-e": "",
    "Alquilado": 0,
    "Cuota de inscripción": "0,00",
    "Pagado": "0",
    "Id equipo": "",
    "Nombre de equipo": "",
    "Nº de recorrido": 9001,
    "Recorrido": "R1",
    "km": "10,9",
    "m": 375,
    "Puntos de control": 25,
    "FIELD62": ""
  },
  {
    "OE0001_V12": "",
    "Id. de inscripción": 160047,
    "Dorsal": 74,
    "Dorsal alt.": "",
    "Nº chip": 8430461,
    "Id. de la base de datos": null,
    "Id IOF": 22091,
    "Apellidos": "Howlett",
    "Nombre": "Noah",
    "Fecha de nacimiento": "",
    "AN": 1998,
    "S": "M",
    "Bloque": 1366,
    "nc": 0,
    "Salida": "1:42:00",
    "Meta": "",
    "Tiempo": "",
    "Estado clas.": 0,
    "Bonificación -": "",
    "Penalización +": "",
    "Comentario": "",
    "Nº de club": 1022,
    "Ciudad": "",
    "Club": "LAKELAND ORIENTEERING CLUB",
    "Nac": "",
    "Situación": "",
    "Región": "",
    "Nº de categoría": 2,
    "Corto": "M-E",
    "Largo": "M-E",
    "Nº Cat. Ins.": 2,
    "Categoría inscrita (corto)": "M-E",
    "Categoría inscrita (largo)": "M-E",
    "Pos. Ranking": "",
    "Puntos de ranking": "",
    "Num1": null,
    "Num2": "",
    "Num3": "",
    "Text1": "",
    "Text2": "",
    "Text3": "GBR",
    "Dir. apellidos": "",
    "Dir. nombre": "",
    "Dirección": "",
    "Línea 2": "",
    "CP": "",
    "Dir. ciudad": "",
    "Teléfono": "",
    "Móvil": null,
    "Fax": "",
    "Correo-e": "",
    "Alquilado": 0,
    "Cuota de inscripción": "0,00",
    "Pagado": "0",
    "Id equipo": "",
    "Nombre de equipo": "",
    "Nº de recorrido": 9001,
    "Recorrido": "R1",
    "km": "10,9",
    "m": 375,
    "Puntos de control": 25,
    "FIELD62": ""
  },
  {
    "OE0001_V12": "",
    "Id. de inscripción": 157241,
    "Dorsal": 59,
    "Dorsal alt.": "",
    "Nº chip": 8681403,
    "Id. de la base de datos": 9868,
    "Id IOF": 46636,
    "Apellidos": "Gómez Benavides",
    "Nombre": "Miguel",
    "Fecha de nacimiento": "20.03.2002",
    "AN": 2002,
    "S": "M",
    "Bloque": 1360,
    "nc": 0,
    "Salida": "1:46:00",
    "Meta": "",
    "Tiempo": "",
    "Estado clas.": 0,
    "Bonificación -": "",
    "Penalización +": "",
    "Comentario": "",
    "Nº de club": 26,
    "Ciudad": "",
    "Club": "COMA",
    "Nac": "",
    "Situación": "",
    "Región": "Málaga",
    "Nº de categoría": 2,
    "Corto": "M-E",
    "Largo": "M-E",
    "Nº Cat. Ins.": 2,
    "Categoría inscrita (corto)": "M-E",
    "Categoría inscrita (largo)": "M-E",
    "Pos. Ranking": "",
    "Puntos de ranking": "",
    "Num1": 23005976,
    "Num2": "",
    "Num3": "",
    "Text1": "26501843R",
    "Text2": "A1",
    "Text3": "ESP",
    "Dir. apellidos": "",
    "Dir. nombre": "",
    "Dirección": "",
    "Línea 2": "",
    "CP": "",
    "Dir. ciudad": "",
    "Teléfono": "",
    "Móvil": null,
    "Fax": "",
    "Correo-e": "",
    "Alquilado": 0,
    "Cuota de inscripción": "32,00",
    "Pagado": "0",
    "Id equipo": "",
    "Nombre de equipo": "",
    "Nº de recorrido": 9001,
    "Recorrido": "R1",
    "km": "10,9",
    "m": 375,
    "Puntos de control": 25,
    "FIELD62": ""
  },
  {
    "OE0001_V12": "",
    "Id. de inscripción": 157118,
    "Dorsal": 51,
    "Dorsal alt.": "",
    "Nº chip": 8269036,
    "Id. de la base de datos": 16068,
    "Id IOF": 49389,
    "Apellidos": "Civera Gorriz",
    "Nombre": "Jaume",
    "Fecha de nacimiento": "27.10.1993",
    "AN": 1993,
    "S": "M",
    "Bloque": 1106,
    "nc": 0,
    "Salida": "1:50:00",
    "Meta": "",
    "Tiempo": "",
    "Estado clas.": 0,
    "Bonificación -": "",
    "Penalización +": "",
    "Comentario": "",
    "Nº de club": 1,
    "Ciudad": "",
    "Club": "ADCON",
    "Nac": "",
    "Situación": "",
    "Región": "Castellón",
    "Nº de categoría": 2,
    "Corto": "M-E",
    "Largo": "M-E",
    "Nº Cat. Ins.": 2,
    "Categoría inscrita (corto)": "M-E",
    "Categoría inscrita (largo)": "M-E",
    "Pos. Ranking": "",
    "Puntos de ranking": "",
    "Num1": 16068,
    "Num2": "",
    "Num3": "",
    "Text1": "53662931K",
    "Text2": "A1",
    "Text3": "ESP",
    "Dir. apellidos": "",
    "Dir. nombre": "",
    "Dirección": "",
    "Línea 2": "",
    "CP": "",
    "Dir. ciudad": "",
    "Teléfono": "",
    "Móvil": 697238031,
    "Fax": "",
    "Correo-e": "",
    "Alquilado": 0,
    "Cuota de inscripción": "32,00",
    "Pagado": "X",
    "Id equipo": "",
    "Nombre de equipo": "",
    "Nº de recorrido": 9001,
    "Recorrido": "R1",
    "km": "10,9",
    "m": 375,
    "Puntos de control": 25,
    "FIELD62": ""
  },
  {
    "OE0001_V12": "",
    "Id. de inscripción": 158176,
    "Dorsal": 61,
    "Dorsal alt.": "",
    "Nº chip": 8502425,
    "Id. de la base de datos": 10690,
    "Id IOF": 22109,
    "Apellidos": "Calva Troya",
    "Nombre": "Jacinto",
    "Fecha de nacimiento": "09.09.1982",
    "AN": 1982,
    "S": "M",
    "Bloque": 1098,
    "nc": 0,
    "Salida": "1:54:00",
    "Meta": "",
    "Tiempo": "",
    "Estado clas.": 0,
    "Bonificación -": "",
    "Penalización +": "",
    "Comentario": "",
    "Nº de club": 53,
    "Ciudad": "",
    "Club": "MURCIA-O",
    "Nac": "",
    "Situación": "",
    "Región": "Murcia",
    "Nº de categoría": 2,
    "Corto": "M-E",
    "Largo": "M-E",
    "Nº Cat. Ins.": 2,
    "Categoría inscrita (corto)": "M-E",
    "Categoría inscrita (largo)": "M-E",
    "Pos. Ranking": "",
    "Puntos de ranking": "",
    "Num1": 30006779,
    "Num2": "",
    "Num3": "",
    "Text1": "49274732S",
    "Text2": "A1",
    "Text3": "ESP",
    "Dir. apellidos": "",
    "Dir. nombre": "",
    "Dirección": "",
    "Línea 2": "",
    "CP": "",
    "Dir. ciudad": "",
    "Teléfono": "",
    "Móvil": 699203108,
    "Fax": "",
    "Correo-e": "",
    "Alquilado": 0,
    "Cuota de inscripción": "36,00",
    "Pagado": "X",
    "Id equipo": "",
    "Nombre de equipo": "",
    "Nº de recorrido": 9001,
    "Recorrido": "R1",
    "km": "10,9",
    "m": 375,
    "Puntos de control": 25,
    "FIELD62": ""
  },
  {
    "OE0001_V12": "",
    "Id. de inscripción": null,
    "Dorsal": 94,
    "Dorsal alt.": "",
    "Nº chip": 8100192,
    "Id. de la base de datos": null,
    "Id IOF": 13433,
    "Apellidos": "Mazan",
    "Nombre": "Bartlomiej",
    "Fecha de nacimiento": "",
    "AN": null,
    "S": "F",
    "Bloque": 1042,
    "nc": 0,
    "Salida": "1:58:00",
    "Meta": "",
    "Tiempo": "",
    "Estado clas.": 0,
    "Bonificación -": "",
    "Penalización +": "",
    "Comentario": "",
    "Nº de club": 1065,
    "Ciudad": "",
    "Club": "KOS BNO SZCZECIN",
    "Nac": "",
    "Situación": "",
    "Región": "",
    "Nº de categoría": 2,
    "Corto": "M-E",
    "Largo": "M-E",
    "Nº Cat. Ins.": 2,
    "Categoría inscrita (corto)": "M-E",
    "Categoría inscrita (largo)": "M-E",
    "Pos. Ranking": "",
    "Puntos de ranking": "",
    "Num1": null,
    "Num2": "",
    "Num3": "",
    "Text1": "",
    "Text2": "",
    "Text3": "POL",
    "Dir. apellidos": "",
    "Dir. nombre": "",
    "Dirección": "",
    "Línea 2": "",
    "CP": "",
    "Dir. ciudad": "",
    "Teléfono": "",
    "Móvil": null,
    "Fax": "",
    "Correo-e": "",
    "Alquilado": 0,
    "Cuota de inscripción": "0,00",
    "Pagado": "0",
    "Id equipo": "",
    "Nombre de equipo": "",
    "Nº de recorrido": 9001,
    "Recorrido": "R1",
    "km": "10,9",
    "m": 375,
    "Puntos de control": 25,
    "FIELD62": ""
  },
  {
    "OE0001_V12": "",
    "Id. de inscripción": 157543,
    "Dorsal": 70,
    "Dorsal alt.": "",
    "Nº chip": 8655222,
    "Id. de la base de datos": 6122,
    "Id IOF": 19214,
    "Apellidos": "Rodriguez Dominguez",
    "Nombre": "Maikel",
    "Fecha de nacimiento": "20.03.1983",
    "AN": 1983,
    "S": "M",
    "Bloque": 1018,
    "nc": 0,
    "Salida": "2:02:00",
    "Meta": "",
    "Tiempo": "",
    "Estado clas.": 0,
    "Bonificación -": "",
    "Penalización +": "",
    "Comentario": "",
    "Nº de club": 166,
    "Ciudad": "",
    "Club": "ORIENTIJOTE",
    "Nac": "",
    "Situación": "",
    "Región": "Cuenca",
    "Nº de categoría": 2,
    "Corto": "M-E",
    "Largo": "M-E",
    "Nº Cat. Ins.": 2,
    "Categoría inscrita (corto)": "M-E",
    "Categoría inscrita (largo)": "M-E",
    "Pos. Ranking": "",
    "Puntos de ranking": "",
    "Num1": 36001254,
    "Num2": "",
    "Num3": "",
    "Text1": "35573789B",
    "Text2": "A1",
    "Text3": "ESP",
    "Dir. apellidos": "",
    "Dir. nombre": "",
    "Dirección": "",
    "Línea 2": "",
    "CP": "",
    "Dir. ciudad": "",
    "Teléfono": "",
    "Móvil": 615455454,
    "Fax": "",
    "Correo-e": "",
    "Alquilado": 0,
    "Cuota de inscripción": "32,00",
    "Pagado": "0",
    "Id equipo": "",
    "Nombre de equipo": "",
    "Nº de recorrido": 9001,
    "Recorrido": "R1",
    "km": "10,9",
    "m": 375,
    "Puntos de control": 25,
    "FIELD62": ""
  },
  {
    "OE0001_V12": "",
    "Id. de inscripción": 160077,
    "Dorsal": 81,
    "Dorsal alt.": "",
    "Nº chip": 8119911,
    "Id. de la base de datos": null,
    "Id IOF": 36438,
    "Apellidos": "Schwarck",
    "Nombre": "Philipp",
    "Fecha de nacimiento": "",
    "AN": 1999,
    "S": "M",
    "Bloque": 870,
    "nc": 0,
    "Salida": "2:06:00",
    "Meta": "",
    "Tiempo": "",
    "Estado clas.": 0,
    "Bonificación -": "",
    "Penalización +": "",
    "Comentario": "",
    "Nº de club": 1035,
    "Ciudad": "",
    "Club": "OLG REGENSBURG",
    "Nac": "",
    "Situación": "",
    "Región": "",
    "Nº de categoría": 2,
    "Corto": "M-E",
    "Largo": "M-E",
    "Nº Cat. Ins.": 2,
    "Categoría inscrita (corto)": "M-E",
    "Categoría inscrita (largo)": "M-E",
    "Pos. Ranking": "",
    "Puntos de ranking": "",
    "Num1": null,
    "Num2": "",
    "Num3": "",
    "Text1": "",
    "Text2": "",
    "Text3": "GER",
    "Dir. apellidos": "",
    "Dir. nombre": "",
    "Dirección": "",
    "Línea 2": "",
    "CP": "",
    "Dir. ciudad": "",
    "Teléfono": "",
    "Móvil": null,
    "Fax": "",
    "Correo-e": "",
    "Alquilado": 0,
    "Cuota de inscripción": "0,00",
    "Pagado": "0",
    "Id equipo": "",
    "Nombre de equipo": "",
    "Nº de recorrido": 9001,
    "Recorrido": "R1",
    "km": "10,9",
    "m": 375,
    "Puntos de control": 25,
    "FIELD62": ""
  },
  {
    "OE0001_V12": "",
    "Id. de inscripción": 160074,
    "Dorsal": 80,
    "Dorsal alt.": "",
    "Nº chip": 8101996,
    "Id. de la base de datos": null,
    "Id IOF": 27950,
    "Apellidos": "Nürnberger",
    "Nombre": "Julian",
    "Fecha de nacimiento": "",
    "AN": 1996,
    "S": "M",
    "Bloque": 868,
    "nc": 0,
    "Salida": "2:10:00",
    "Meta": "",
    "Tiempo": "",
    "Estado clas.": 0,
    "Bonificación -": "",
    "Penalización +": "",
    "Comentario": "",
    "Nº de club": 1035,
    "Ciudad": "",
    "Club": "OLG REGENSBURG",
    "Nac": "",
    "Situación": "",
    "Región": "",
    "Nº de categoría": 2,
    "Corto": "M-E",
    "Largo": "M-E",
    "Nº Cat. Ins.": 2,
    "Categoría inscrita (corto)": "M-E",
    "Categoría inscrita (largo)": "M-E",
    "Pos. Ranking": "",
    "Puntos de ranking": "",
    "Num1": null,
    "Num2": "",
    "Num3": "",
    "Text1": "",
    "Text2": "",
    "Text3": "GER",
    "Dir. apellidos": "",
    "Dir. nombre": "",
    "Dirección": "",
    "Línea 2": "",
    "CP": "",
    "Dir. ciudad": "",
    "Teléfono": "",
    "Móvil": null,
    "Fax": "",
    "Correo-e": "",
    "Alquilado": 0,
    "Cuota de inscripción": "0,00",
    "Pagado": "0",
    "Id equipo": "",
    "Nombre de equipo": "",
    "Nº de recorrido": 9001,
    "Recorrido": "R1",
    "km": "10,9",
    "m": 375,
    "Puntos de control": 25,
    "FIELD62": ""
  },
  {
    "OE0001_V12": "",
    "Id. de inscripción": 150662,
    "Dorsal": 52,
    "Dorsal alt.": "",
    "Nº chip": 8637634,
    "Id. de la base de datos": 3178,
    "Id IOF": 16080,
    "Apellidos": "Sellés Seguí",
    "Nombre": "Emili",
    "Fecha de nacimiento": "26.09.1979",
    "AN": 1979,
    "S": "M",
    "Bloque": 854,
    "nc": 0,
    "Salida": "2:14:00",
    "Meta": "",
    "Tiempo": "",
    "Estado clas.": 0,
    "Bonificación -": "",
    "Penalización +": "",
    "Comentario": "",
    "Nº de club": 4,
    "Ciudad": "",
    "Club": "ALCOI",
    "Nac": "",
    "Situación": "",
    "Región": "Alicante",
    "Nº de categoría": 2,
    "Corto": "M-E",
    "Largo": "M-E",
    "Nº Cat. Ins.": 2,
    "Categoría inscrita (corto)": "M-E",
    "Categoría inscrita (largo)": "M-E",
    "Pos. Ranking": "",
    "Puntos de ranking": "",
    "Num1": 46000103,
    "Num2": "",
    "Num3": "",
    "Text1": "21674747F",
    "Text2": "A1",
    "Text3": "ESP",
    "Dir. apellidos": "",
    "Dir. nombre": "",
    "Dirección": "",
    "Línea 2": "",
    "CP": "",
    "Dir. ciudad": "",
    "Teléfono": "",
    "Móvil": 660222565,
    "Fax": "",
    "Correo-e": "",
    "Alquilado": 0,
    "Cuota de inscripción": "32,00",
    "Pagado": "X",
    "Id equipo": "",
    "Nombre de equipo": "",
    "Nº de recorrido": 9001,
    "Recorrido": "R1",
    "km": "10,9",
    "m": 375,
    "Puntos de control": 25,
    "FIELD62": ""
  },
  {
    "OE0001_V12": "",
    "Id. de inscripción": null,
    "Dorsal": 91,
    "Dorsal alt.": "",
    "Nº chip": null,
    "Id. de la base de datos": null,
    "Id IOF": 9655,
    "Apellidos": "Frøyd",
    "Nombre": "Jørgen",
    "Fecha de nacimiento": "",
    "AN": null,
    "S": "F",
    "Bloque": 835,
    "nc": 0,
    "Salida": "2:18:00",
    "Meta": "",
    "Tiempo": "",
    "Estado clas.": 0,
    "Bonificación -": "",
    "Penalización +": "",
    "Comentario": "",
    "Nº de club": 1064,
    "Ciudad": "",
    "Club": "LARVIK OK",
    "Nac": "",
    "Situación": "",
    "Región": "",
    "Nº de categoría": 2,
    "Corto": "M-E",
    "Largo": "M-E",
    "Nº Cat. Ins.": 2,
    "Categoría inscrita (corto)": "M-E",
    "Categoría inscrita (largo)": "M-E",
    "Pos. Ranking": "",
    "Puntos de ranking": "",
    "Num1": null,
    "Num2": "",
    "Num3": "",
    "Text1": "",
    "Text2": "",
    "Text3": "NOR",
    "Dir. apellidos": "",
    "Dir. nombre": "",
    "Dirección": "",
    "Línea 2": "",
    "CP": "",
    "Dir. ciudad": "",
    "Teléfono": "",
    "Móvil": null,
    "Fax": "",
    "Correo-e": "",
    "Alquilado": 0,
    "Cuota de inscripción": "0,00",
    "Pagado": "0",
    "Id equipo": "",
    "Nombre de equipo": "",
    "Nº de recorrido": 9001,
    "Recorrido": "R1",
    "km": "10,9",
    "m": 375,
    "Puntos de control": 25,
    "FIELD62": ""
  },
  {
    "OE0001_V12": "",
    "Id. de inscripción": 160130,
    "Dorsal": 88,
    "Dorsal alt.": "",
    "Nº chip": 950726,
    "Id. de la base de datos": null,
    "Id IOF": 19521,
    "Apellidos": "Pohl",
    "Nombre": "Wolfram",
    "Fecha de nacimiento": "",
    "AN": 1995,
    "S": "M",
    "Bloque": 759,
    "nc": 0,
    "Salida": "2:22:00",
    "Meta": "",
    "Tiempo": "",
    "Estado clas.": 0,
    "Bonificación -": "",
    "Penalización +": "",
    "Comentario": "",
    "Nº de club": 1060,
    "Ciudad": "",
    "Club": "TV COBURG-NEUSES",
    "Nac": "",
    "Situación": "",
    "Región": "",
    "Nº de categoría": 2,
    "Corto": "M-E",
    "Largo": "M-E",
    "Nº Cat. Ins.": 2,
    "Categoría inscrita (corto)": "M-E",
    "Categoría inscrita (largo)": "M-E",
    "Pos. Ranking": "",
    "Puntos de ranking": "",
    "Num1": null,
    "Num2": "",
    "Num3": "",
    "Text1": "",
    "Text2": "",
    "Text3": "GER",
    "Dir. apellidos": "",
    "Dir. nombre": "",
    "Dirección": "",
    "Línea 2": "",
    "CP": "",
    "Dir. ciudad": "",
    "Teléfono": "",
    "Móvil": null,
    "Fax": "",
    "Correo-e": "",
    "Alquilado": 0,
    "Cuota de inscripción": "0,00",
    "Pagado": "0",
    "Id equipo": "",
    "Nombre de equipo": "",
    "Nº de recorrido": 9001,
    "Recorrido": "R1",
    "km": "10,9",
    "m": 375,
    "Puntos de control": 25,
    "FIELD62": ""
  },
  {
    "OE0001_V12": "",
    "Id. de inscripción": 157485,
    "Dorsal": 66,
    "Dorsal alt.": "",
    "Nº chip": 8291096,
    "Id. de la base de datos": 8888,
    "Id IOF": 21623,
    "Apellidos": "Cotillas Moya",
    "Nombre": "David",
    "Fecha de nacimiento": "29.10.1996",
    "AN": 1996,
    "S": "M",
    "Bloque": 732,
    "nc": 0,
    "Salida": "2:26:00",
    "Meta": "",
    "Tiempo": "",
    "Estado clas.": 0,
    "Bonificación -": "",
    "Penalización +": "",
    "Comentario": "",
    "Nº de club": 134,
    "Ciudad": "",
    "Club": "COMCU",
    "Nac": "",
    "Situación": "",
    "Región": "Cuenca",
    "Nº de categoría": 2,
    "Corto": "M-E",
    "Largo": "M-E",
    "Nº Cat. Ins.": 2,
    "Categoría inscrita (corto)": "M-E",
    "Categoría inscrita (largo)": "M-E",
    "Pos. Ranking": "",
    "Puntos de ranking": "",
    "Num1": 16005004,
    "Num2": "",
    "Num3": "",
    "Text1": "04631975M",
    "Text2": "A1",
    "Text3": "ESP",
    "Dir. apellidos": "",
    "Dir. nombre": "",
    "Dirección": "",
    "Línea 2": "",
    "CP": "",
    "Dir. ciudad": "",
    "Teléfono": "",
    "Móvil": 969225461,
    "Fax": "",
    "Correo-e": "",
    "Alquilado": 0,
    "Cuota de inscripción": "32,00",
    "Pagado": "X",
    "Id equipo": "",
    "Nombre de equipo": "",
    "Nº de recorrido": 9001,
    "Recorrido": "R1",
    "km": "10,9",
    "m": 375,
    "Puntos de control": 25,
    "FIELD62": ""
  },
  {
    "OE0001_V12": "",
    "Id. de inscripción": 158199,
    "Dorsal": 71,
    "Dorsal alt.": "",
    "Nº chip": 8665080,
    "Id. de la base de datos": 11587,
    "Id IOF": 42357,
    "Apellidos": "Zorrilla Olias",
    "Nombre": "Gonzalo",
    "Fecha de nacimiento": "20.02.2004",
    "AN": 2004,
    "S": "M",
    "Bloque": 616,
    "nc": 0,
    "Salida": "2:30:00",
    "Meta": "",
    "Tiempo": "",
    "Estado clas.": 0,
    "Bonificación -": "",
    "Penalización +": "",
    "Comentario": "",
    "Nº de club": 212,
    "Ciudad": "",
    "Club": "O-CHARLIES LEGANES",
    "Nac": "",
    "Situación": "",
    "Región": "Madrid",
    "Nº de categoría": 2,
    "Corto": "M-E",
    "Largo": "M-E",
    "Nº Cat. Ins.": 2,
    "Categoría inscrita (corto)": "M-E",
    "Categoría inscrita (largo)": "M-E",
    "Pos. Ranking": "",
    "Puntos de ranking": "",
    "Num1": 28007638,
    "Num2": "",
    "Num3": "",
    "Text1": "03483319S",
    "Text2": "C1",
    "Text3": "ESP",
    "Dir. apellidos": "",
    "Dir. nombre": "",
    "Dirección": "",
    "Línea 2": "",
    "CP": "",
    "Dir. ciudad": "",
    "Teléfono": "",
    "Móvil": null,
    "Fax": "",
    "Correo-e": "",
    "Alquilado": 0,
    "Cuota de inscripción": "32,00",
    "Pagado": "X",
    "Id equipo": "",
    "Nombre de equipo": "",
    "Nº de recorrido": 9001,
    "Recorrido": "R1",
    "km": "10,9",
    "m": 375,
    "Puntos de control": 25,
    "FIELD62": ""
  },
  {
    "OE0001_V12": "",
    "Id. de inscripción": null,
    "Dorsal": 93,
    "Dorsal alt.": "",
    "Nº chip": 8645085,
    "Id. de la base de datos": null,
    "Id IOF": 11009,
    "Apellidos": "Forseth Indgaard",
    "Nombre": "Jo",
    "Fecha de nacimiento": "",
    "AN": null,
    "S": "F",
    "Bloque": 437,
    "nc": 0,
    "Salida": "2:34:00",
    "Meta": "",
    "Tiempo": "",
    "Estado clas.": 0,
    "Bonificación -": "",
    "Penalización +": "",
    "Comentario": "",
    "Nº de club": 1068,
    "Ciudad": "",
    "Club": "TYRVING IL",
    "Nac": "",
    "Situación": "",
    "Región": "",
    "Nº de categoría": 2,
    "Corto": "M-E",
    "Largo": "M-E",
    "Nº Cat. Ins.": 2,
    "Categoría inscrita (corto)": "M-E",
    "Categoría inscrita (largo)": "M-E",
    "Pos. Ranking": "",
    "Puntos de ranking": "",
    "Num1": null,
    "Num2": "",
    "Num3": "",
    "Text1": "",
    "Text2": "",
    "Text3": "NOR",
    "Dir. apellidos": "",
    "Dir. nombre": "",
    "Dirección": "",
    "Línea 2": "",
    "CP": "",
    "Dir. ciudad": "",
    "Teléfono": "",
    "Móvil": null,
    "Fax": "",
    "Correo-e": "",
    "Alquilado": 0,
    "Cuota de inscripción": "0,00",
    "Pagado": "0",
    "Id equipo": "",
    "Nombre de equipo": "",
    "Nº de recorrido": 9001,
    "Recorrido": "R1",
    "km": "10,9",
    "m": 375,
    "Puntos de control": 25,
    "FIELD62": ""
  },
  {
    "OE0001_V12": "",
    "Id. de inscripción": 160092,
    "Dorsal": 86,
    "Dorsal alt.": "",
    "Nº chip": 8160979,
    "Id. de la base de datos": null,
    "Id IOF": 17146,
    "Apellidos": "Tenani",
    "Nombre": "Alessio",
    "Fecha de nacimiento": "",
    "AN": 1979,
    "S": "M",
    "Bloque": 428,
    "nc": 0,
    "Salida": "2:38:00",
    "Meta": "",
    "Tiempo": "",
    "Estado clas.": 0,
    "Bonificación -": "",
    "Penalización +": "",
    "Comentario": "",
    "Nº de club": 1038,
    "Ciudad": "",
    "Club": "POLISPORTIVA G.MASI",
    "Nac": "",
    "Situación": "",
    "Región": "",
    "Nº de categoría": 2,
    "Corto": "M-E",
    "Largo": "M-E",
    "Nº Cat. Ins.": 2,
    "Categoría inscrita (corto)": "M-E",
    "Categoría inscrita (largo)": "M-E",
    "Pos. Ranking": "",
    "Puntos de ranking": "",
    "Num1": null,
    "Num2": "",
    "Num3": "",
    "Text1": "",
    "Text2": "",
    "Text3": "ITA",
    "Dir. apellidos": "",
    "Dir. nombre": "",
    "Dirección": "",
    "Línea 2": "",
    "CP": "",
    "Dir. ciudad": "",
    "Teléfono": "",
    "Móvil": null,
    "Fax": "",
    "Correo-e": "",
    "Alquilado": 0,
    "Cuota de inscripción": "0,00",
    "Pagado": "0",
    "Id equipo": "",
    "Nombre de equipo": "",
    "Nº de recorrido": 9001,
    "Recorrido": "R1",
    "km": "10,9",
    "m": 375,
    "Puntos de control": 25,
    "FIELD62": ""
  },
  {
    "OE0001_V12": "",
    "Id. de inscripción": 158314,
    "Dorsal": 56,
    "Dorsal alt.": "",
    "Nº chip": 8501204,
    "Id. de la base de datos": 10609,
    "Id IOF": 36095,
    "Apellidos": "Vich Diaz-Guerra",
    "Nombre": "Quim",
    "Fecha de nacimiento": "20.02.1998",
    "AN": 1998,
    "S": "M",
    "Bloque": 413,
    "nc": 0,
    "Salida": "2:42:00",
    "Meta": "",
    "Tiempo": "",
    "Estado clas.": 0,
    "Bonificación -": "",
    "Penalización +": "",
    "Comentario": "",
    "Nº de club": 22,
    "Ciudad": "",
    "Club": "COC",
    "Nac": "",
    "Situación": "",
    "Región": "Barcelona",
    "Nº de categoría": 2,
    "Corto": "M-E",
    "Largo": "M-E",
    "Nº Cat. Ins.": 2,
    "Categoría inscrita (corto)": "M-E",
    "Categoría inscrita (largo)": "M-E",
    "Pos. Ranking": "",
    "Puntos de ranking": "",
    "Num1": 8006699,
    "Num2": "",
    "Num3": "",
    "Text1": "47119528A",
    "Text2": "A1",
    "Text3": "ESP",
    "Dir. apellidos": "",
    "Dir. nombre": "",
    "Dirección": "",
    "Línea 2": "",
    "CP": "",
    "Dir. ciudad": "",
    "Teléfono": "",
    "Móvil": 639962753,
    "Fax": "",
    "Correo-e": "",
    "Alquilado": 0,
    "Cuota de inscripción": "41,00",
    "Pagado": "X",
    "Id equipo": "",
    "Nombre de equipo": "",
    "Nº de recorrido": 9001,
    "Recorrido": "R1",
    "km": "10,9",
    "m": 375,
    "Puntos de control": 25,
    "FIELD62": ""
  },
  {
    "OE0001_V12": "",
    "Id. de inscripción": 160091,
    "Dorsal": 87,
    "Dorsal alt.": "",
    "Nº chip": 8518343,
    "Id. de la base de datos": null,
    "Id IOF": 18340,
    "Apellidos": "Zagonel",
    "Nombre": "Giacomo",
    "Fecha de nacimiento": "",
    "AN": 1993,
    "S": "M",
    "Bloque": 334,
    "nc": 0,
    "Salida": "2:46:00",
    "Meta": "",
    "Tiempo": "",
    "Estado clas.": 0,
    "Bonificación -": "",
    "Penalización +": "",
    "Comentario": "",
    "Nº de club": 1038,
    "Ciudad": "",
    "Club": "POLISPORTIVA G.MASI",
    "Nac": "",
    "Situación": "",
    "Región": "",
    "Nº de categoría": 2,
    "Corto": "M-E",
    "Largo": "M-E",
    "Nº Cat. Ins.": 2,
    "Categoría inscrita (corto)": "M-E",
    "Categoría inscrita (largo)": "M-E",
    "Pos. Ranking": "",
    "Puntos de ranking": "",
    "Num1": null,
    "Num2": "",
    "Num3": "",
    "Text1": "",
    "Text2": "",
    "Text3": "ITA",
    "Dir. apellidos": "",
    "Dir. nombre": "",
    "Dirección": "",
    "Línea 2": "",
    "CP": "",
    "Dir. ciudad": "",
    "Teléfono": "",
    "Móvil": null,
    "Fax": "",
    "Correo-e": "",
    "Alquilado": 0,
    "Cuota de inscripción": "0,00",
    "Pagado": "0",
    "Id equipo": "",
    "Nombre de equipo": "",
    "Nº de recorrido": 9001,
    "Recorrido": "R1",
    "km": "10,9",
    "m": 375,
    "Puntos de control": 25,
    "FIELD62": ""
  },
  {
    "OE0001_V12": "",
    "Id. de inscripción": 158375,
    "Dorsal": 57,
    "Dorsal alt.": "",
    "Nº chip": 8206883,
    "Id. de la base de datos": 20298,
    "Id IOF": 20390,
    "Apellidos": "Wilson",
    "Nombre": "Thomas",
    "Fecha de nacimiento": "31.08.1997",
    "AN": 1997,
    "S": "M",
    "Bloque": 339,
    "nc": 0,
    "Salida": "2:50:00",
    "Meta": "",
    "Tiempo": "",
    "Estado clas.": 0,
    "Bonificación -": "",
    "Penalización +": "",
    "Comentario": "",
    "Nº de club": 22,
    "Ciudad": "",
    "Club": "COC",
    "Nac": "",
    "Situación": "",
    "Región": "Barcelona",
    "Nº de categoría": 2,
    "Corto": "M-E",
    "Largo": "M-E",
    "Nº Cat. Ins.": 2,
    "Categoría inscrita (corto)": "M-E",
    "Categoría inscrita (largo)": "M-E",
    "Pos. Ranking": "",
    "Puntos de ranking": "",
    "Num1": 20298,
    "Num2": "",
    "Num3": "",
    "Text1": "Y8384653V",
    "Text2": "A1",
    "Text3": "GBR",
    "Dir. apellidos": "",
    "Dir. nombre": "",
    "Dirección": "",
    "Línea 2": "",
    "CP": "",
    "Dir. ciudad": "",
    "Teléfono": "",
    "Móvil": 44800000000000000,
    "Fax": "",
    "Correo-e": "",
    "Alquilado": 0,
    "Cuota de inscripción": "41,00",
    "Pagado": "X",
    "Id equipo": "",
    "Nombre de equipo": "",
    "Nº de recorrido": 9001,
    "Recorrido": "R1",
    "km": "10,9",
    "m": 375,
    "Puntos de control": 25,
    "FIELD62": ""
  },
  {
    "OE0001_V12": "",
    "Id. de inscripción": 157845,
    "Dorsal": 65,
    "Dorsal alt.": "",
    "Nº chip": 8019233,
    "Id. de la base de datos": 5212,
    "Id IOF": 18699,
    "Apellidos": "Llorens Caellas",
    "Nombre": "Pau",
    "Fecha de nacimiento": "31.03.1994",
    "AN": 1994,
    "S": "M",
    "Bloque": 246,
    "nc": 0,
    "Salida": "2:54:00",
    "Meta": "",
    "Tiempo": "",
    "Estado clas.": 0,
    "Bonificación -": "",
    "Penalización +": "",
    "Comentario": "",
    "Nº de club": 133,
    "Ciudad": "",
    "Club": "COB",
    "Nac": "",
    "Situación": "",
    "Región": "Barcelona",
    "Nº de categoría": 2,
    "Corto": "M-E",
    "Largo": "M-E",
    "Nº Cat. Ins.": 2,
    "Categoría inscrita (corto)": "M-E",
    "Categoría inscrita (largo)": "M-E",
    "Pos. Ranking": "",
    "Puntos de ranking": "",
    "Num1": 8001814,
    "Num2": "",
    "Num3": "",
    "Text1": "39398784Z",
    "Text2": "A1",
    "Text3": "ESP",
    "Dir. apellidos": "",
    "Dir. nombre": "",
    "Dirección": "",
    "Línea 2": "",
    "CP": "",
    "Dir. ciudad": "",
    "Teléfono": "",
    "Móvil": 616104226,
    "Fax": "",
    "Correo-e": "",
    "Alquilado": 0,
    "Cuota de inscripción": "32,00",
    "Pagado": "0",
    "Id equipo": "",
    "Nombre de equipo": "",
    "Nº de recorrido": 9001,
    "Recorrido": "R1",
    "km": "10,9",
    "m": 375,
    "Puntos de control": 25,
    "FIELD62": ""
  },
  {
    "OE0001_V12": "",
    "Id. de inscripción": 157327,
    "Dorsal": 67,
    "Dorsal alt.": "",
    "Nº chip": 8150300,
    "Id. de la base de datos": 6612,
    "Id IOF": 33650,
    "Apellidos": "Rojas Jiménez",
    "Nombre": "David",
    "Fecha de nacimiento": "15.03.2000",
    "AN": 2000,
    "S": "M",
    "Bloque": 246,
    "nc": 0,
    "Salida": "2:58:00",
    "Meta": "",
    "Tiempo": "",
    "Estado clas.": 0,
    "Bonificación -": "",
    "Penalización +": "",
    "Comentario": "",
    "Nº de club": 137,
    "Ciudad": "",
    "Club": "ALABARDA-O",
    "Nac": "",
    "Situación": "",
    "Región": "Madrid",
    "Nº de categoría": 2,
    "Corto": "M-E",
    "Largo": "M-E",
    "Nº Cat. Ins.": 2,
    "Categoría inscrita (corto)": "M-E",
    "Categoría inscrita (largo)": "M-E",
    "Pos. Ranking": "",
    "Puntos de ranking": "",
    "Num1": 28000636,
    "Num2": "",
    "Num3": "",
    "Text1": "51535801T",
    "Text2": "A1",
    "Text3": "ESP",
    "Dir. apellidos": "",
    "Dir. nombre": "",
    "Dirección": "",
    "Línea 2": "",
    "CP": "",
    "Dir. ciudad": "",
    "Teléfono": "",
    "Móvil": 665315407,
    "Fax": "",
    "Correo-e": "",
    "Alquilado": 0,
    "Cuota de inscripción": "32,00",
    "Pagado": "0",
    "Id equipo": "",
    "Nombre de equipo": "",
    "Nº de recorrido": 9001,
    "Recorrido": "R1",
    "km": "10,9",
    "m": 375,
    "Puntos de control": 25,
    "FIELD62": ""
  },
  {
    "OE0001_V12": "",
    "Id. de inscripción": 160054,
    "Dorsal": 75,
    "Dorsal alt.": "",
    "Nº chip": 8502390,
    "Id. de la base de datos": null,
    "Id IOF": 7710,
    "Apellidos": "Blanc-Tranchant",
    "Nombre": "Olivier",
    "Fecha de nacimiento": "",
    "AN": 1992,
    "S": "M",
    "Bloque": 215,
    "nc": 0,
    "Salida": "3:02:00",
    "Meta": "",
    "Tiempo": "",
    "Estado clas.": 0,
    "Bonificación -": "",
    "Penalización +": "",
    "Comentario": "",
    "Nº de club": 1026,
    "Ciudad": "",
    "Club": "O'JURA",
    "Nac": "",
    "Situación": "",
    "Región": "",
    "Nº de categoría": 2,
    "Corto": "M-E",
    "Largo": "M-E",
    "Nº Cat. Ins.": 2,
    "Categoría inscrita (corto)": "M-E",
    "Categoría inscrita (largo)": "M-E",
    "Pos. Ranking": "",
    "Puntos de ranking": "",
    "Num1": null,
    "Num2": "",
    "Num3": "",
    "Text1": "",
    "Text2": "",
    "Text3": "FRA",
    "Dir. apellidos": "",
    "Dir. nombre": "",
    "Dirección": "",
    "Línea 2": "",
    "CP": "",
    "Dir. ciudad": "",
    "Teléfono": "",
    "Móvil": null,
    "Fax": "",
    "Correo-e": "",
    "Alquilado": 0,
    "Cuota de inscripción": "0,00",
    "Pagado": "0",
    "Id equipo": "",
    "Nombre de equipo": "",
    "Nº de recorrido": 9001,
    "Recorrido": "R1",
    "km": "10,9",
    "m": 375,
    "Puntos de control": 25,
    "FIELD62": ""
  },
  {
    "OE0001_V12": "",
    "Id. de inscripción": 160088,
    "Dorsal": 84,
    "Dorsal alt.": "",
    "Nº chip": 8099117,
    "Id. de la base de datos": null,
    "Id IOF": 37592,
    "Apellidos": "Mariani",
    "Nombre": "Francesco",
    "Fecha de nacimiento": "",
    "AN": 2001,
    "S": "M",
    "Bloque": 123,
    "nc": 0,
    "Salida": "3:06:00",
    "Meta": "",
    "Tiempo": "",
    "Estado clas.": 0,
    "Bonificación -": "",
    "Penalización +": "",
    "Comentario": "",
    "Nº de club": 1038,
    "Ciudad": "",
    "Club": "POLISPORTIVA G.MASI",
    "Nac": "",
    "Situación": "",
    "Región": "",
    "Nº de categoría": 2,
    "Corto": "M-E",
    "Largo": "M-E",
    "Nº Cat. Ins.": 2,
    "Categoría inscrita (corto)": "M-E",
    "Categoría inscrita (largo)": "M-E",
    "Pos. Ranking": "",
    "Puntos de ranking": "",
    "Num1": null,
    "Num2": "",
    "Num3": "",
    "Text1": "",
    "Text2": "",
    "Text3": "ITA",
    "Dir. apellidos": "",
    "Dir. nombre": "",
    "Dirección": "",
    "Línea 2": "",
    "CP": "",
    "Dir. ciudad": "",
    "Teléfono": "",
    "Móvil": null,
    "Fax": "",
    "Correo-e": "",
    "Alquilado": 0,
    "Cuota de inscripción": "0,00",
    "Pagado": "0",
    "Id equipo": "",
    "Nombre de equipo": "",
    "Nº de recorrido": 9001,
    "Recorrido": "R1",
    "km": "10,9",
    "m": 375,
    "Puntos de control": 25,
    "FIELD62": ""
  },
  {
    "OE0001_V12": "",
    "Id. de inscripción": 157270,
    "Dorsal": 60,
    "Dorsal alt.": "",
    "Nº chip": 8647673,
    "Id. de la base de datos": 126,
    "Id IOF": 13880,
    "Apellidos": "Nogueira De La Muela",
    "Nombre": "Luis",
    "Fecha de nacimiento": "25.12.1989",
    "AN": 1989,
    "S": "M",
    "Bloque": 64,
    "nc": 0,
    "Salida": "3:10:00",
    "Meta": "",
    "Tiempo": "",
    "Estado clas.": 0,
    "Bonificación -": "",
    "Penalización +": "",
    "Comentario": "",
    "Nº de club": 26,
    "Ciudad": "",
    "Club": "COMA",
    "Nac": "",
    "Situación": "",
    "Región": "Málaga",
    "Nº de categoría": 2,
    "Corto": "M-E",
    "Largo": "M-E",
    "Nº Cat. Ins.": 2,
    "Categoría inscrita (corto)": "M-E",
    "Categoría inscrita (largo)": "M-E",
    "Pos. Ranking": "",
    "Puntos de ranking": "",
    "Num1": 29000374,
    "Num2": "",
    "Num3": "",
    "Text1": "44597479L",
    "Text2": "A1",
    "Text3": "ESP",
    "Dir. apellidos": "",
    "Dir. nombre": "",
    "Dirección": "",
    "Línea 2": "",
    "CP": "",
    "Dir. ciudad": "",
    "Teléfono": "",
    "Móvil": 616277095,
    "Fax": "",
    "Correo-e": "",
    "Alquilado": 0,
    "Cuota de inscripción": "24,00",
    "Pagado": "0",
    "Id equipo": "",
    "Nombre de equipo": "",
    "Nº de recorrido": 9001,
    "Recorrido": "R1",
    "km": "10,9",
    "m": 375,
    "Puntos de control": 25,
    "FIELD62": ""
  }
 ]