[
  {
    "OE0001_V12": "",
    "Id. de inscripción": 157615,
    "Dorsal": 7,
    "Dorsal alt.": 5433,
    "Nº chip": 8032431,
    "Id. de la base de datos": 14029,
    "Id IOF": 48224,
    "Apellidos": "Martinez Gomez",
    "Nombre": "Monica",
    "Fecha de nacimiento": "13.05.1989",
    "AN": 1989,
    "S": "F",
    "Bloque": null,
    "nc": 0,
    "Salida": "1:17:00",
    "Meta": "",
    "Tiempo": "",
    "Estado clas.": 0,
    "Bonificación -": "",
    "Penalización +": "",
    "Comentario": "",
    "Nº de club": 53,
    "Ciudad": "",
    "Club": "MURCIA-O",
    "Nac": "",
    "Situación": "",
    "Región": "Murcia",
    "Nº de categoría": 1,
    "Corto": "F-E",
    "Largo": "F-E",
    "Nº Cat. Ins.": 1,
    "Categoría inscrita (corto)": "F-E",
    "Categoría inscrita (largo)": "F-E",
    "Pos. Ranking": "",
    "Puntos de ranking": "",
    "Num1": 14029,
    "Num2": "",
    "Num3": "",
    "Text1": "77722535S",
    "Text2": "A1",
    "Text3": "ESP",
    "Dir. apellidos": "",
    "Dir. nombre": "",
    "Dirección": "",
    "Línea 2": "",
    "CP": "",
    "Dir. ciudad": "",
    "Teléfono": "",
    "Móvil": 687801397,
    "Fax": "",
    "Correo-e": "",
    "Alquilado": 0,
    "Cuota de inscripción": "32,00",
    "Pagado": "X",
    "Id equipo": "",
    "Nombre de equipo": "",
    "Nº de recorrido": 9019,
    "Recorrido": "R19",
    "km": "0,0",
    "m": 55,
    "Puntos de control": 19,
    "FIELD62": ""
  },
  {
    "OE0001_V12": "",
    "Id. de inscripción": 157868,
    "Dorsal": 11,
    "Dorsal alt.": 5527,
    "Nº chip": 8290903,
    "Id. de la base de datos": 10312,
    "Id IOF": 49507,
    "Apellidos": "Molino Castillo",
    "Nombre": "Maria",
    "Fecha de nacimiento": "29.09.2003",
    "AN": 2003,
    "S": "F",
    "Bloque": null,
    "nc": 0,
    "Salida": "1:19:00",
    "Meta": "",
    "Tiempo": "",
    "Estado clas.": 0,
    "Bonificación -": "",
    "Penalización +": "",
    "Comentario": "",
    "Nº de club": 71,
    "Ciudad": "",
    "Club": "TOTANA-O",
    "Nac": "",
    "Situación": "",
    "Región": "Murcia",
    "Nº de categoría": 1,
    "Corto": "F-E",
    "Largo": "F-E",
    "Nº Cat. Ins.": 1,
    "Categoría inscrita (corto)": "F-E",
    "Categoría inscrita (largo)": "F-E",
    "Pos. Ranking": "",
    "Puntos de ranking": "",
    "Num1": 30006412,
    "Num2": "",
    "Num3": "",
    "Text1": "58469884C",
    "Text2": "A1",
    "Text3": "ESP",
    "Dir. apellidos": "",
    "Dir. nombre": "",
    "Dirección": "",
    "Línea 2": "",
    "CP": "",
    "Dir. ciudad": "",
    "Teléfono": "",
    "Móvil": null,
    "Fax": "",
    "Correo-e": "",
    "Alquilado": 0,
    "Cuota de inscripción": "32,00",
    "Pagado": "0",
    "Id equipo": "",
    "Nombre de equipo": "",
    "Nº de recorrido": 9019,
    "Recorrido": "R19",
    "km": "0,0",
    "m": 55,
    "Puntos de control": 19,
    "FIELD62": ""
  },
  {
    "OE0001_V12": "",
    "Id. de inscripción": null,
    "Dorsal": 25,
    "Dorsal alt.": null,
    "Nº chip": 8655255,
    "Id. de la base de datos": null,
    "Id IOF": 46256,
    "Apellidos": "Puime López",
    "Nombre": "Candela",
    "Fecha de nacimiento": "",
    "AN": null,
    "S": "F",
    "Bloque": null,
    "nc": 0,
    "Salida": "1:21:00",
    "Meta": "",
    "Tiempo": "",
    "Estado clas.": 0,
    "Bonificación -": "",
    "Penalización +": "",
    "Comentario": "",
    "Nº de club": 285,
    "Ciudad": "",
    "Club": "VIGORIENTA",
    "Nac": "",
    "Situación": "",
    "Región": "Pontevedra",
    "Nº de categoría": 1,
    "Corto": "F-E",
    "Largo": "F-E",
    "Nº Cat. Ins.": 20,
    "Categoría inscrita (corto)": "F-35A",
    "Categoría inscrita (largo)": "F-35A",
    "Pos. Ranking": "",
    "Puntos de ranking": "",
    "Num1": 36008429,
    "Num2": "",
    "Num3": "",
    "Text1": "",
    "Text2": "",
    "Text3": "",
    "Dir. apellidos": "",
    "Dir. nombre": "",
    "Dirección": "",
    "Línea 2": "",
    "CP": "",
    "Dir. ciudad": "",
    "Teléfono": "",
    "Móvil": null,
    "Fax": "",
    "Correo-e": "",
    "Alquilado": 0,
    "Cuota de inscripción": "0,00",
    "Pagado": "0",
    "Id equipo": "",
    "Nombre de equipo": "",
    "Nº de recorrido": 9019,
    "Recorrido": "R19",
    "km": "0,0",
    "m": 55,
    "Puntos de control": 19,
    "FIELD62": ""
  },
  {
    "OE0001_V12": "",
    "Id. de inscripción": 160053,
    "Dorsal": 17,
    "Dorsal alt.": null,
    "Nº chip": 8020510,
    "Id. de la base de datos": null,
    "Id IOF": 46338,
    "Apellidos": "Hugosson",
    "Nombre": "Elin",
    "Fecha de nacimiento": "",
    "AN": 2002,
    "S": "F",
    "Bloque": null,
    "nc": 0,
    "Salida": "1:23:00",
    "Meta": "",
    "Tiempo": "",
    "Estado clas.": 0,
    "Bonificación -": "",
    "Penalización +": "",
    "Comentario": "",
    "Nº de club": 1025,
    "Ciudad": "",
    "Club": "LUNDS OK",
    "Nac": "",
    "Situación": "",
    "Región": "",
    "Nº de categoría": 1,
    "Corto": "F-E",
    "Largo": "F-E",
    "Nº Cat. Ins.": 1,
    "Categoría inscrita (corto)": "F-E",
    "Categoría inscrita (largo)": "F-E",
    "Pos. Ranking": "",
    "Puntos de ranking": "",
    "Num1": null,
    "Num2": "",
    "Num3": "",
    "Text1": "",
    "Text2": "",
    "Text3": "SWE",
    "Dir. apellidos": "",
    "Dir. nombre": "",
    "Dirección": "",
    "Línea 2": "",
    "CP": "",
    "Dir. ciudad": "",
    "Teléfono": "",
    "Móvil": null,
    "Fax": "",
    "Correo-e": "",
    "Alquilado": 0,
    "Cuota de inscripción": "0,00",
    "Pagado": "0",
    "Id equipo": "",
    "Nombre de equipo": "",
    "Nº de recorrido": 9019,
    "Recorrido": "R19",
    "km": "0,0",
    "m": 55,
    "Puntos de control": 19,
    "FIELD62": ""
  },
  {
    "OE0001_V12": "",
    "Id. de inscripción": null,
    "Dorsal": 27,
    "Dorsal alt.": null,
    "Nº chip": 8655678,
    "Id. de la base de datos": null,
    "Id IOF": 5322,
    "Apellidos": "Shandurkova",
    "Nombre": "Silvia",
    "Fecha de nacimiento": "",
    "AN": null,
    "S": "F",
    "Bloque": null,
    "nc": 0,
    "Salida": "1:25:00",
    "Meta": "",
    "Tiempo": "",
    "Estado clas.": 0,
    "Bonificación -": "",
    "Penalización +": "",
    "Comentario": "",
    "Nº de club": 1069,
    "Ciudad": "",
    "Club": "BULGARIA",
    "Nac": "",
    "Situación": "",
    "Región": "",
    "Nº de categoría": 1,
    "Corto": "F-E",
    "Largo": "F-E",
    "Nº Cat. Ins.": 1,
    "Categoría inscrita (corto)": "F-E",
    "Categoría inscrita (largo)": "F-E",
    "Pos. Ranking": "",
    "Puntos de ranking": "",
    "Num1": null,
    "Num2": "",
    "Num3": "",
    "Text1": "",
    "Text2": "",
    "Text3": "BUL",
    "Dir. apellidos": "",
    "Dir. nombre": "",
    "Dirección": "",
    "Línea 2": "",
    "CP": "",
    "Dir. ciudad": "",
    "Teléfono": "",
    "Móvil": null,
    "Fax": "",
    "Correo-e": "",
    "Alquilado": 0,
    "Cuota de inscripción": "0,00",
    "Pagado": "0",
    "Id equipo": "",
    "Nombre de equipo": "",
    "Nº de recorrido": 9019,
    "Recorrido": "R19",
    "km": "0,0",
    "m": 55,
    "Puntos de control": 19,
    "FIELD62": ""
  },
  {
    "OE0001_V12": "",
    "Id. de inscripción": 154758,
    "Dorsal": 1,
    "Dorsal alt.": 3433,
    "Nº chip": 8665054,
    "Id. de la base de datos": 380,
    "Id IOF": 46633,
    "Apellidos": "Trabal Garmon",
    "Nombre": "Alba",
    "Fecha de nacimiento": "15.10.1987",
    "AN": 1987,
    "S": "F",
    "Bloque": null,
    "nc": 0,
    "Salida": "1:27:00",
    "Meta": "",
    "Tiempo": "",
    "Estado clas.": 0,
    "Bonificación -": "",
    "Penalización +": "",
    "Comentario": "",
    "Nº de club": 6,
    "Ciudad": "",
    "Club": "ALIGOTS",
    "Nac": "",
    "Situación": "",
    "Región": "Girona",
    "Nº de categoría": 1,
    "Corto": "F-E",
    "Largo": "F-E",
    "Nº Cat. Ins.": 1,
    "Categoría inscrita (corto)": "F-E",
    "Categoría inscrita (largo)": "F-E",
    "Pos. Ranking": "",
    "Puntos de ranking": "",
    "Num1": 90220404,
    "Num2": "",
    "Num3": "",
    "Text1": "46412521Q",
    "Text2": "A1",
    "Text3": "ESP",
    "Dir. apellidos": "",
    "Dir. nombre": "",
    "Dirección": "",
    "Línea 2": "",
    "CP": "",
    "Dir. ciudad": "",
    "Teléfono": "",
    "Móvil": 600612342,
    "Fax": "",
    "Correo-e": "",
    "Alquilado": 0,
    "Cuota de inscripción": "32,00",
    "Pagado": "X",
    "Id equipo": "",
    "Nombre de equipo": "",
    "Nº de recorrido": 9019,
    "Recorrido": "R19",
    "km": "0,0",
    "m": 55,
    "Puntos de control": 19,
    "FIELD62": ""
  },
  {
    "OE0001_V12": "",
    "Id. de inscripción": null,
    "Dorsal": 26,
    "Dorsal alt.": null,
    "Nº chip": 8650884,
    "Id. de la base de datos": null,
    "Id IOF": 28581,
    "Apellidos": "Mazan",
    "Nombre": "Aleksandra",
    "Fecha de nacimiento": "",
    "AN": null,
    "S": "F",
    "Bloque": 1233,
    "nc": 0,
    "Salida": "1:29:00",
    "Meta": "",
    "Tiempo": "",
    "Estado clas.": 0,
    "Bonificación -": "",
    "Penalización +": "",
    "Comentario": "",
    "Nº de club": 1065,
    "Ciudad": "",
    "Club": "KOS BNO SZCZECIN",
    "Nac": "",
    "Situación": "",
    "Región": "",
    "Nº de categoría": 1,
    "Corto": "F-E",
    "Largo": "F-E",
    "Nº Cat. Ins.": 1,
    "Categoría inscrita (corto)": "F-E",
    "Categoría inscrita (largo)": "F-E",
    "Pos. Ranking": "",
    "Puntos de ranking": "",
    "Num1": null,
    "Num2": "",
    "Num3": "",
    "Text1": "",
    "Text2": "",
    "Text3": "POL",
    "Dir. apellidos": "",
    "Dir. nombre": "",
    "Dirección": "",
    "Línea 2": "",
    "CP": "",
    "Dir. ciudad": "",
    "Teléfono": "",
    "Móvil": null,
    "Fax": "",
    "Correo-e": "",
    "Alquilado": 0,
    "Cuota de inscripción": "0,00",
    "Pagado": "0",
    "Id equipo": "",
    "Nombre de equipo": "",
    "Nº de recorrido": 9019,
    "Recorrido": "R19",
    "km": "0,0",
    "m": 55,
    "Puntos de control": 19,
    "FIELD62": ""
  },
  {
    "OE0001_V12": "",
    "Id. de inscripción": 160071,
    "Dorsal": 19,
    "Dorsal alt.": null,
    "Nº chip": 8636971,
    "Id. de la base de datos": null,
    "Id IOF": 44991,
    "Apellidos": "Hertel",
    "Nombre": "Jasmin",
    "Fecha de nacimiento": "",
    "AN": 2002,
    "S": "F",
    "Bloque": 1121,
    "nc": 0,
    "Salida": "1:31:00",
    "Meta": "",
    "Tiempo": "",
    "Estado clas.": 0,
    "Bonificación -": "",
    "Penalización +": "",
    "Comentario": "",
    "Nº de club": 1035,
    "Ciudad": "",
    "Club": "OLG REGENSBURG",
    "Nac": "",
    "Situación": "",
    "Región": "",
    "Nº de categoría": 1,
    "Corto": "F-E",
    "Largo": "F-E",
    "Nº Cat. Ins.": 1,
    "Categoría inscrita (corto)": "F-E",
    "Categoría inscrita (largo)": "F-E",
    "Pos. Ranking": "",
    "Puntos de ranking": "",
    "Num1": null,
    "Num2": "",
    "Num3": "",
    "Text1": "",
    "Text2": "",
    "Text3": "GER",
    "Dir. apellidos": "",
    "Dir. nombre": "",
    "Dirección": "",
    "Línea 2": "",
    "CP": "",
    "Dir. ciudad": "",
    "Teléfono": "",
    "Móvil": null,
    "Fax": "",
    "Correo-e": "",
    "Alquilado": 0,
    "Cuota de inscripción": "0,00",
    "Pagado": "0",
    "Id equipo": "",
    "Nombre de equipo": "",
    "Nº de recorrido": 9019,
    "Recorrido": "R19",
    "km": "0,0",
    "m": 55,
    "Puntos de control": 19,
    "FIELD62": ""
  },
  {
    "OE0001_V12": "",
    "Id. de inscripción": 160076,
    "Dorsal": 18,
    "Dorsal alt.": null,
    "Nº chip": 8141201,
    "Id. de la base de datos": null,
    "Id IOF": 44491,
    "Apellidos": "Engl",
    "Nombre": "Veronika",
    "Fecha de nacimiento": "",
    "AN": 2001,
    "S": "F",
    "Bloque": 1108,
    "nc": 0,
    "Salida": "1:33:00",
    "Meta": "",
    "Tiempo": "",
    "Estado clas.": 0,
    "Bonificación -": "",
    "Penalización +": "",
    "Comentario": "",
    "Nº de club": 1035,
    "Ciudad": "",
    "Club": "OLG REGENSBURG",
    "Nac": "",
    "Situación": "",
    "Región": "",
    "Nº de categoría": 1,
    "Corto": "F-E",
    "Largo": "F-E",
    "Nº Cat. Ins.": 1,
    "Categoría inscrita (corto)": "F-E",
    "Categoría inscrita (largo)": "F-E",
    "Pos. Ranking": "",
    "Puntos de ranking": "",
    "Num1": null,
    "Num2": "",
    "Num3": "",
    "Text1": "",
    "Text2": "",
    "Text3": "GER",
    "Dir. apellidos": "",
    "Dir. nombre": "",
    "Dirección": "",
    "Línea 2": "",
    "CP": "",
    "Dir. ciudad": "",
    "Teléfono": "",
    "Móvil": null,
    "Fax": "",
    "Correo-e": "",
    "Alquilado": 0,
    "Cuota de inscripción": "0,00",
    "Pagado": "0",
    "Id equipo": "",
    "Nombre de equipo": "",
    "Nº de recorrido": 9019,
    "Recorrido": "R19",
    "km": "0,0",
    "m": 55,
    "Puntos de control": 19,
    "FIELD62": ""
  },
  {
    "OE0001_V12": "",
    "Id. de inscripción": 160073,
    "Dorsal": 20,
    "Dorsal alt.": null,
    "Nº chip": 8042000,
    "Id. de la base de datos": null,
    "Id IOF": 44488,
    "Apellidos": "Kraus",
    "Nombre": "Sophie",
    "Fecha de nacimiento": "",
    "AN": 2000,
    "S": "F",
    "Bloque": 650,
    "nc": 0,
    "Salida": "1:35:00",
    "Meta": "",
    "Tiempo": "",
    "Estado clas.": 0,
    "Bonificación -": "",
    "Penalización +": "",
    "Comentario": "",
    "Nº de club": 1035,
    "Ciudad": "",
    "Club": "OLG REGENSBURG",
    "Nac": "",
    "Situación": "",
    "Región": "",
    "Nº de categoría": 1,
    "Corto": "F-E",
    "Largo": "F-E",
    "Nº Cat. Ins.": 1,
    "Categoría inscrita (corto)": "F-E",
    "Categoría inscrita (largo)": "F-E",
    "Pos. Ranking": "",
    "Puntos de ranking": "",
    "Num1": null,
    "Num2": "",
    "Num3": "",
    "Text1": "",
    "Text2": "",
    "Text3": "GER",
    "Dir. apellidos": "",
    "Dir. nombre": "",
    "Dirección": "",
    "Línea 2": "",
    "CP": "",
    "Dir. ciudad": "",
    "Teléfono": "",
    "Móvil": null,
    "Fax": "",
    "Correo-e": "",
    "Alquilado": 0,
    "Cuota de inscripción": "0,00",
    "Pagado": "0",
    "Id equipo": "",
    "Nombre de equipo": "",
    "Nº de recorrido": 9019,
    "Recorrido": "R19",
    "km": "0,0",
    "m": 55,
    "Puntos de control": 19,
    "FIELD62": ""
  },
  {
    "OE0001_V12": "",
    "Id. de inscripción": 160089,
    "Dorsal": 22,
    "Dorsal alt.": null,
    "Nº chip": 8091198,
    "Id. de la base de datos": null,
    "Id IOF": 28856,
    "Apellidos": "De Nardis",
    "Nombre": "Francesca",
    "Fecha de nacimiento": "",
    "AN": 1998,
    "S": "F",
    "Bloque": 642,
    "nc": 0,
    "Salida": "1:37:00",
    "Meta": "",
    "Tiempo": "",
    "Estado clas.": 0,
    "Bonificación -": "",
    "Penalización +": "",
    "Comentario": "",
    "Nº de club": 1038,
    "Ciudad": "",
    "Club": "POLISPORTIVA G.MASI",
    "Nac": "",
    "Situación": "",
    "Región": "",
    "Nº de categoría": 1,
    "Corto": "F-E",
    "Largo": "F-E",
    "Nº Cat. Ins.": 1,
    "Categoría inscrita (corto)": "F-E",
    "Categoría inscrita (largo)": "F-E",
    "Pos. Ranking": "",
    "Puntos de ranking": "",
    "Num1": null,
    "Num2": "",
    "Num3": "",
    "Text1": "",
    "Text2": "",
    "Text3": "ITA",
    "Dir. apellidos": "",
    "Dir. nombre": "",
    "Dirección": "",
    "Línea 2": "",
    "CP": "",
    "Dir. ciudad": "",
    "Teléfono": "",
    "Móvil": null,
    "Fax": "",
    "Correo-e": "",
    "Alquilado": 0,
    "Cuota de inscripción": "0,00",
    "Pagado": "0",
    "Id equipo": "",
    "Nombre de equipo": "",
    "Nº de recorrido": 9019,
    "Recorrido": "R19",
    "km": "0,0",
    "m": 55,
    "Puntos de control": 19,
    "FIELD62": ""
  },
  {
    "OE0001_V12": "",
    "Id. de inscripción": 157793,
    "Dorsal": 15,
    "Dorsal alt.": 3104,
    "Nº chip": 8653286,
    "Id. de la base de datos": 11275,
    "Id IOF": 40269,
    "Apellidos": "Defez Cernicharo",
    "Nombre": "Ana",
    "Fecha de nacimiento": "30.05.2001",
    "AN": 2001,
    "S": "F",
    "Bloque": 449,
    "nc": 0,
    "Salida": "1:39:00",
    "Meta": "",
    "Tiempo": "",
    "Estado clas.": 0,
    "Bonificación -": "",
    "Penalización +": "",
    "Comentario": "",
    "Nº de club": 271,
    "Ciudad": "",
    "Club": "BMT CASAS DE VES",
    "Nac": "",
    "Situación": "",
    "Región": "Albacete",
    "Nº de categoría": 1,
    "Corto": "F-E",
    "Largo": "F-E",
    "Nº Cat. Ins.": 1,
    "Categoría inscrita (corto)": "F-E",
    "Categoría inscrita (largo)": "F-E",
    "Pos. Ranking": "",
    "Puntos de ranking": "",
    "Num1": 2007349,
    "Num2": "",
    "Num3": "",
    "Text1": "74524448D",
    "Text2": "A1",
    "Text3": "ESP",
    "Dir. apellidos": "",
    "Dir. nombre": "",
    "Dirección": "",
    "Línea 2": "",
    "CP": "",
    "Dir. ciudad": "",
    "Teléfono": "",
    "Móvil": null,
    "Fax": "",
    "Correo-e": "",
    "Alquilado": 0,
    "Cuota de inscripción": "32,00",
    "Pagado": "0",
    "Id equipo": "",
    "Nombre de equipo": "",
    "Nº de recorrido": 9019,
    "Recorrido": "R19",
    "km": "0,0",
    "m": 55,
    "Puntos de control": 19,
    "FIELD62": ""
  },
  {
    "OE0001_V12": "",
    "Id. de inscripción": 160125,
    "Dorsal": 24,
    "Dorsal alt.": null,
    "Nº chip": 8646942,
    "Id. de la base de datos": null,
    "Id IOF": 32884,
    "Apellidos": "Sobreira",
    "Nombre": "Gennhsa",
    "Fecha de nacimiento": "",
    "AN": 1981,
    "S": "F",
    "Bloque": 434,
    "nc": 0,
    "Salida": "1:41:00",
    "Meta": "",
    "Tiempo": "",
    "Estado clas.": 0,
    "Bonificación -": "",
    "Penalización +": "",
    "Comentario": "",
    "Nº de club": 1056,
    "Ciudad": "",
    "Club": "TIRADENTES ORIENTEERING CLUB",
    "Nac": "",
    "Situación": "",
    "Región": "",
    "Nº de categoría": 1,
    "Corto": "F-E",
    "Largo": "F-E",
    "Nº Cat. Ins.": 1,
    "Categoría inscrita (corto)": "F-E",
    "Categoría inscrita (largo)": "F-E",
    "Pos. Ranking": "",
    "Puntos de ranking": "",
    "Num1": null,
    "Num2": "",
    "Num3": "",
    "Text1": "",
    "Text2": "",
    "Text3": "BRA",
    "Dir. apellidos": "",
    "Dir. nombre": "",
    "Dirección": "",
    "Línea 2": "",
    "CP": "",
    "Dir. ciudad": "",
    "Teléfono": "",
    "Móvil": null,
    "Fax": "",
    "Correo-e": "",
    "Alquilado": 0,
    "Cuota de inscripción": "0,00",
    "Pagado": "0",
    "Id equipo": "",
    "Nombre de equipo": "",
    "Nº de recorrido": 9019,
    "Recorrido": "R19",
    "km": "0,0",
    "m": 55,
    "Puntos de control": 19,
    "FIELD62": ""
  },
  {
    "OE0001_V12": "",
    "Id. de inscripción": 150803,
    "Dorsal": 2,
    "Dorsal alt.": 4233,
    "Nº chip": 8021195,
    "Id. de la base de datos": 6280,
    "Id IOF": 40655,
    "Apellidos": "Parga Basanta",
    "Nombre": "Lucia",
    "Fecha de nacimiento": "02.11.1995",
    "AN": 1995,
    "S": "F",
    "Bloque": 384,
    "nc": 0,
    "Salida": "1:43:00",
    "Meta": "",
    "Tiempo": "",
    "Estado clas.": 0,
    "Bonificación -": "",
    "Penalización +": "",
    "Comentario": "",
    "Nº de club": 12,
    "Ciudad": "",
    "Club": "AROMON",
    "Nac": "",
    "Situación": "",
    "Región": "Pontevedra",
    "Nº de categoría": 1,
    "Corto": "F-E",
    "Largo": "F-E",
    "Nº Cat. Ins.": 1,
    "Categoría inscrita (corto)": "F-E",
    "Categoría inscrita (largo)": "F-E",
    "Pos. Ranking": "",
    "Puntos de ranking": "",
    "Num1": 27001159,
    "Num2": "",
    "Num3": "",
    "Text1": "33555269V",
    "Text2": "A1",
    "Text3": "ESP",
    "Dir. apellidos": "",
    "Dir. nombre": "",
    "Dirección": "",
    "Línea 2": "",
    "CP": "",
    "Dir. ciudad": "",
    "Teléfono": "",
    "Móvil": null,
    "Fax": "",
    "Correo-e": "",
    "Alquilado": 0,
    "Cuota de inscripción": "36,00",
    "Pagado": "0",
    "Id equipo": "",
    "Nombre de equipo": "",
    "Nº de recorrido": 9019,
    "Recorrido": "R19",
    "km": "0,0",
    "m": 55,
    "Puntos de control": 19,
    "FIELD62": ""
  },
  {
    "OE0001_V12": "",
    "Id. de inscripción": 158341,
    "Dorsal": 13,
    "Dorsal alt.": 3251,
    "Nº chip": 8655041,
    "Id. de la base de datos": 6912,
    "Id IOF": 40237,
    "Apellidos": "Serrallonga Rosell",
    "Nombre": "Mar",
    "Fecha de nacimiento": "26.05.1997",
    "AN": 1997,
    "S": "F",
    "Bloque": 352,
    "nc": 0,
    "Salida": "1:45:00",
    "Meta": "",
    "Tiempo": "",
    "Estado clas.": 0,
    "Bonificación -": "",
    "Penalización +": "",
    "Comentario": "",
    "Nº de club": 90,
    "Ciudad": "",
    "Club": "GOXTREME BARCELONA",
    "Nac": "",
    "Situación": "",
    "Región": "Barcelona",
    "Nº de categoría": 1,
    "Corto": "F-E",
    "Largo": "F-E",
    "Nº Cat. Ins.": 1,
    "Categoría inscrita (corto)": "F-E",
    "Categoría inscrita (largo)": "F-E",
    "Pos. Ranking": "",
    "Puntos de ranking": "",
    "Num1": 17001803,
    "Num2": "",
    "Num3": "",
    "Text1": "23843964W",
    "Text2": "A1",
    "Text3": "ESP",
    "Dir. apellidos": "",
    "Dir. nombre": "",
    "Dirección": "",
    "Línea 2": "",
    "CP": "",
    "Dir. ciudad": "",
    "Teléfono": "",
    "Móvil": 629406081,
    "Fax": "",
    "Correo-e": "",
    "Alquilado": 0,
    "Cuota de inscripción": "45,00",
    "Pagado": "X",
    "Id equipo": "",
    "Nombre de equipo": "",
    "Nº de recorrido": 9019,
    "Recorrido": "R19",
    "km": "0,0",
    "m": 55,
    "Puntos de control": 19,
    "FIELD62": ""
  },
  {
    "OE0001_V12": "",
    "Id. de inscripción": 160086,
    "Dorsal": 23,
    "Dorsal alt.": null,
    "Nº chip": 8516530,
    "Id. de la base de datos": null,
    "Id IOF": 28276,
    "Apellidos": "Selem",
    "Nombre": "Alice",
    "Fecha de nacimiento": "",
    "AN": 2000,
    "S": "F",
    "Bloque": 331,
    "nc": 0,
    "Salida": "1:47:00",
    "Meta": "",
    "Tiempo": "",
    "Estado clas.": 0,
    "Bonificación -": "",
    "Penalización +": "",
    "Comentario": "",
    "Nº de club": 1038,
    "Ciudad": "",
    "Club": "POLISPORTIVA G.MASI",
    "Nac": "",
    "Situación": "",
    "Región": "",
    "Nº de categoría": 1,
    "Corto": "F-E",
    "Largo": "F-E",
    "Nº Cat. Ins.": 1,
    "Categoría inscrita (corto)": "F-E",
    "Categoría inscrita (largo)": "F-E",
    "Pos. Ranking": "",
    "Puntos de ranking": "",
    "Num1": null,
    "Num2": "",
    "Num3": "",
    "Text1": "",
    "Text2": "",
    "Text3": "ITA",
    "Dir. apellidos": "",
    "Dir. nombre": "",
    "Dirección": "",
    "Línea 2": "",
    "CP": "",
    "Dir. ciudad": "",
    "Teléfono": "",
    "Móvil": null,
    "Fax": "",
    "Correo-e": "",
    "Alquilado": 0,
    "Cuota de inscripción": "0,00",
    "Pagado": "0",
    "Id equipo": "",
    "Nombre de equipo": "",
    "Nº de recorrido": 9019,
    "Recorrido": "R19",
    "km": "0,0",
    "m": 55,
    "Puntos de control": 19,
    "FIELD62": ""
  },
  {
    "OE0001_V12": "",
    "Id. de inscripción": 157853,
    "Dorsal": 9,
    "Dorsal alt.": 6534,
    "Nº chip": 8633595,
    "Id. de la base de datos": 23797,
    "Id IOF": 5575,
    "Apellidos": "Sprod",
    "Nombre": "Olivia",
    "Fecha de nacimiento": "18.11.1995",
    "AN": 1995,
    "S": "F",
    "Bloque": 201,
    "nc": 0,
    "Salida": "1:49:00",
    "Meta": "",
    "Tiempo": "",
    "Estado clas.": 0,
    "Bonificación -": "",
    "Penalización +": "",
    "Comentario": "",
    "Nº de club": 65,
    "Ciudad": "",
    "Club": "SANT_JOAN",
    "Nac": "",
    "Situación": "",
    "Región": "Alicante",
    "Nº de categoría": 1,
    "Corto": "F-E",
    "Largo": "F-E",
    "Nº Cat. Ins.": 1,
    "Categoría inscrita (corto)": "F-E",
    "Categoría inscrita (largo)": "F-E",
    "Pos. Ranking": "",
    "Puntos de ranking": "",
    "Num1": 23797,
    "Num2": "",
    "Num3": "",
    "Text1": "Y8809625H",
    "Text2": "A2",
    "Text3": "AUS",
    "Dir. apellidos": "",
    "Dir. nombre": "",
    "Dirección": "",
    "Línea 2": "",
    "CP": "",
    "Dir. ciudad": "",
    "Teléfono": "",
    "Móvil": 603039708,
    "Fax": "",
    "Correo-e": "",
    "Alquilado": 0,
    "Cuota de inscripción": "36,00",
    "Pagado": "X",
    "Id equipo": "",
    "Nombre de equipo": "",
    "Nº de recorrido": 9019,
    "Recorrido": "R19",
    "km": "0,0",
    "m": 55,
    "Puntos de control": 19,
    "FIELD62": ""
  },
  {
    "OE0001_V12": "",
    "Id. de inscripción": 160090,
    "Dorsal": 21,
    "Dorsal alt.": null,
    "Nº chip": 8190812,
    "Id. de la base de datos": null,
    "Id IOF": 43251,
    "Apellidos": "De Nardis",
    "Nombre": "Caterina",
    "Fecha de nacimiento": "",
    "AN": 2001,
    "S": "F",
    "Bloque": 194,
    "nc": 0,
    "Salida": "1:51:00",
    "Meta": "",
    "Tiempo": "",
    "Estado clas.": 0,
    "Bonificación -": "",
    "Penalización +": "",
    "Comentario": "",
    "Nº de club": 1038,
    "Ciudad": "",
    "Club": "POLISPORTIVA G.MASI",
    "Nac": "",
    "Situación": "",
    "Región": "",
    "Nº de categoría": 1,
    "Corto": "F-E",
    "Largo": "F-E",
    "Nº Cat. Ins.": 1,
    "Categoría inscrita (corto)": "F-E",
    "Categoría inscrita (largo)": "F-E",
    "Pos. Ranking": "",
    "Puntos de ranking": "",
    "Num1": null,
    "Num2": "",
    "Num3": "",
    "Text1": "",
    "Text2": "",
    "Text3": "ITA",
    "Dir. apellidos": "",
    "Dir. nombre": "",
    "Dirección": "",
    "Línea 2": "",
    "CP": "",
    "Dir. ciudad": "",
    "Teléfono": "",
    "Móvil": null,
    "Fax": "",
    "Correo-e": "",
    "Alquilado": 0,
    "Cuota de inscripción": "0,00",
    "Pagado": "0",
    "Id equipo": "",
    "Nombre de equipo": "",
    "Nº de recorrido": 9019,
    "Recorrido": "R19",
    "km": "0,0",
    "m": 55,
    "Puntos de control": 19,
    "FIELD62": ""
  },
  {
    "OE0001_V12": "",
    "Id. de inscripción": 157962,
    "Dorsal": 3,
    "Dorsal alt.": 3511,
    "Nº chip": 8659379,
    "Id. de la base de datos": 6561,
    "Id IOF": 22119,
    "Apellidos": "Camarasa Pérez",
    "Nombre": "Ana",
    "Fecha de nacimiento": "06.01.1994",
    "AN": 1994,
    "S": "F",
    "Bloque": 158,
    "nc": 0,
    "Salida": "1:53:00",
    "Meta": "",
    "Tiempo": "",
    "Estado clas.": 0,
    "Bonificación -": "",
    "Penalización +": "",
    "Comentario": "",
    "Nº de club": 25,
    "Ciudad": "",
    "Club": "COLIVENC",
    "Nac": "",
    "Situación": "",
    "Región": "Alicante",
    "Nº de categoría": 1,
    "Corto": "F-E",
    "Largo": "F-E",
    "Nº Cat. Ins.": 1,
    "Categoría inscrita (corto)": "F-E",
    "Categoría inscrita (largo)": "F-E",
    "Pos. Ranking": "",
    "Puntos de ranking": "",
    "Num1": 3000349,
    "Num2": "",
    "Num3": "",
    "Text1": "20053274B",
    "Text2": "A1",
    "Text3": "ESP",
    "Dir. apellidos": "",
    "Dir. nombre": "",
    "Dirección": "",
    "Línea 2": "",
    "CP": "",
    "Dir. ciudad": "",
    "Teléfono": "",
    "Móvil": 650829148,
    "Fax": "",
    "Correo-e": "",
    "Alquilado": 0,
    "Cuota de inscripción": "36,00",
    "Pagado": "0",
    "Id equipo": "",
    "Nombre de equipo": "",
    "Nº de recorrido": 9019,
    "Recorrido": "R19",
    "km": "0,0",
    "m": 55,
    "Puntos de control": 19,
    "FIELD62": ""
  },
  {
    "OE0001_V12": "",
    "Id. de inscripción": 158160,
    "Dorsal": 14,
    "Dorsal alt.": 5261,
    "Nº chip": 8180698,
    "Id. de la base de datos": 6208,
    "Id IOF": 22997,
    "Apellidos": "Prieto Del Campo",
    "Nombre": "María",
    "Fecha de nacimiento": "18.06.1998",
    "AN": 1998,
    "S": "F",
    "Bloque": 137,
    "nc": 0,
    "Salida": "1:55:00",
    "Meta": "",
    "Tiempo": "",
    "Estado clas.": 0,
    "Bonificación -": "",
    "Penalización +": "",
    "Comentario": "",
    "Nº de club": 225,
    "Ciudad": "",
    "Club": "MALARRUTA",
    "Nac": "",
    "Situación": "",
    "Región": "Madrid",
    "Nº de categoría": 1,
    "Corto": "F-E",
    "Largo": "F-E",
    "Nº Cat. Ins.": 1,
    "Categoría inscrita (corto)": "F-E",
    "Categoría inscrita (largo)": "F-E",
    "Pos. Ranking": "",
    "Puntos de ranking": "",
    "Num1": 28002923,
    "Num2": "",
    "Num3": "",
    "Text1": "51143508H",
    "Text2": "A1",
    "Text3": "ESP",
    "Dir. apellidos": "",
    "Dir. nombre": "",
    "Dirección": "",
    "Línea 2": "",
    "CP": "",
    "Dir. ciudad": "",
    "Teléfono": "",
    "Móvil": 918461493,
    "Fax": "",
    "Correo-e": "",
    "Alquilado": 0,
    "Cuota de inscripción": "32,00",
    "Pagado": "X",
    "Id equipo": "",
    "Nombre de equipo": "",
    "Nº de recorrido": 9019,
    "Recorrido": "R19",
    "km": "0,0",
    "m": 55,
    "Puntos de control": 19,
    "FIELD62": ""
  },
  {
    "OE0001_V12": "",
    "Id. de inscripción": 156847,
    "Dorsal": 10,
    "Dorsal alt.": 2876,
    "Nº chip": 8653285,
    "Id. de la base de datos": 8331,
    "Id IOF": 33642,
    "Apellidos": "González Peña",
    "Nombre": "Nerea",
    "Fecha de nacimiento": "27.01.2002",
    "AN": 2002,
    "S": "F",
    "Bloque": 72,
    "nc": 0,
    "Salida": "1:57:00",
    "Meta": "",
    "Tiempo": "",
    "Estado clas.": 0,
    "Bonificación -": "",
    "Penalización +": "",
    "Comentario": "",
    "Nº de club": 68,
    "Ciudad": "",
    "Club": "TOLEDO-O",
    "Nac": "",
    "Situación": "",
    "Región": "Toledo",
    "Nº de categoría": 1,
    "Corto": "F-E",
    "Largo": "F-E",
    "Nº Cat. Ins.": 1,
    "Categoría inscrita (corto)": "F-E",
    "Categoría inscrita (largo)": "F-E",
    "Pos. Ranking": "",
    "Puntos de ranking": "",
    "Num1": 45004221,
    "Num2": "",
    "Num3": "",
    "Text1": "05332725Z",
    "Text2": "A1",
    "Text3": "ESP",
    "Dir. apellidos": "",
    "Dir. nombre": "",
    "Dirección": "",
    "Línea 2": "",
    "CP": "",
    "Dir. ciudad": "",
    "Teléfono": "",
    "Móvil": null,
    "Fax": "",
    "Correo-e": "",
    "Alquilado": 0,
    "Cuota de inscripción": "36,00",
    "Pagado": "X",
    "Id equipo": "",
    "Nombre de equipo": "",
    "Nº de recorrido": 9019,
    "Recorrido": "R19",
    "km": "0,0",
    "m": 55,
    "Puntos de control": 19,
    "FIELD62": ""
  },
  {
    "OE0001_V12": "",
    "Id. de inscripción": 158150,
    "Dorsal": 6,
    "Dorsal alt.": 4952,
    "Nº chip": 8651381,
    "Id. de la base de datos": 8515,
    "Id IOF": 33644,
    "Apellidos": "Toledo Navarro",
    "Nombre": "Ana Isabel",
    "Fecha de nacimiento": "19.06.2000",
    "AN": 2000,
    "S": "F",
    "Bloque": 31,
    "nc": 0,
    "Salida": "1:59:00",
    "Meta": "",
    "Tiempo": "",
    "Estado clas.": 0,
    "Bonificación -": "",
    "Penalización +": "",
    "Comentario": "",
    "Nº de club": 42,
    "Ciudad": "",
    "Club": "IMPERDIBLE",
    "Nac": "",
    "Situación": "",
    "Región": "Madrid",
    "Nº de categoría": 1,
    "Corto": "F-E",
    "Largo": "F-E",
    "Nº Cat. Ins.": 1,
    "Categoría inscrita (corto)": "F-E",
    "Categoría inscrita (largo)": "F-E",
    "Pos. Ranking": "",
    "Puntos de ranking": "",
    "Num1": 16004407,
    "Num2": "",
    "Num3": "",
    "Text1": "05947391M",
    "Text2": "A1",
    "Text3": "ESP",
    "Dir. apellidos": "",
    "Dir. nombre": "",
    "Dirección": "",
    "Línea 2": "",
    "CP": "",
    "Dir. ciudad": "",
    "Teléfono": "",
    "Móvil": 646089186,
    "Fax": "",
    "Correo-e": "",
    "Alquilado": 0,
    "Cuota de inscripción": "32,00",
    "Pagado": "0",
    "Id equipo": "",
    "Nombre de equipo": "",
    "Nº de recorrido": 9019,
    "Recorrido": "R19",
    "km": "0,0",
    "m": 55,
    "Puntos de control": 19,
    "FIELD62": ""
  },
  {
    "OE0001_V12": "",
    "Id. de inscripción": null,
    "Dorsal": 93,
    "Dorsal alt.": null,
    "Nº chip": 8645085,
    "Id. de la base de datos": null,
    "Id IOF": 11009,
    "Apellidos": "Forseth Indgaard",
    "Nombre": "Jo",
    "Fecha de nacimiento": "",
    "AN": null,
    "S": "F",
    "Bloque": null,
    "nc": 0,
    "Salida": "0:40:00",
    "Meta": "",
    "Tiempo": "",
    "Estado clas.": 0,
    "Bonificación -": "",
    "Penalización +": "",
    "Comentario": "",
    "Nº de club": 1068,
    "Ciudad": "",
    "Club": "TYRVING IL",
    "Nac": "",
    "Situación": "",
    "Región": "",
    "Nº de categoría": 2,
    "Corto": "M-E",
    "Largo": "M-E",
    "Nº Cat. Ins.": 2,
    "Categoría inscrita (corto)": "M-E",
    "Categoría inscrita (largo)": "M-E",
    "Pos. Ranking": "",
    "Puntos de ranking": "",
    "Num1": null,
    "Num2": "",
    "Num3": "",
    "Text1": "",
    "Text2": "",
    "Text3": "NOR",
    "Dir. apellidos": "",
    "Dir. nombre": "",
    "Dirección": "",
    "Línea 2": "",
    "CP": "",
    "Dir. ciudad": "",
    "Teléfono": "",
    "Móvil": null,
    "Fax": "",
    "Correo-e": "",
    "Alquilado": 0,
    "Cuota de inscripción": "0,00",
    "Pagado": "0",
    "Id equipo": "",
    "Nombre de equipo": "",
    "Nº de recorrido": 9038,
    "Recorrido": "R38",
    "km": "0,0",
    "m": 70,
    "Puntos de control": 26,
    "FIELD62": ""
  },
  {
    "OE0001_V12": "",
    "Id. de inscripción": 157280,
    "Dorsal": 54,
    "Dorsal alt.": 6167,
    "Nº chip": 8509165,
    "Id. de la base de datos": 27598,
    "Id IOF": 49513,
    "Apellidos": "Sanclemente Crespo",
    "Nombre": "Mateo",
    "Fecha de nacimiento": "17.04.1995",
    "AN": 1995,
    "S": "M",
    "Bloque": null,
    "nc": 0,
    "Salida": "0:42:00",
    "Meta": "",
    "Tiempo": "",
    "Estado clas.": 0,
    "Bonificación -": "",
    "Penalización +": "",
    "Comentario": "",
    "Nº de club": 22,
    "Ciudad": "",
    "Club": "COC",
    "Nac": "",
    "Situación": "",
    "Región": "Barcelona",
    "Nº de categoría": 2,
    "Corto": "M-E",
    "Largo": "M-E",
    "Nº Cat. Ins.": 2,
    "Categoría inscrita (corto)": "M-E",
    "Categoría inscrita (largo)": "M-E",
    "Pos. Ranking": "",
    "Puntos de ranking": "",
    "Num1": 27598,
    "Num2": "",
    "Num3": "",
    "Text1": "48144765S",
    "Text2": "A2",
    "Text3": "ESP",
    "Dir. apellidos": "",
    "Dir. nombre": "",
    "Dirección": "",
    "Línea 2": "",
    "CP": "",
    "Dir. ciudad": "",
    "Teléfono": "",
    "Móvil": 634558693,
    "Fax": "",
    "Correo-e": "",
    "Alquilado": 0,
    "Cuota de inscripción": "36,00",
    "Pagado": "X",
    "Id equipo": "",
    "Nombre de equipo": "",
    "Nº de recorrido": 9038,
    "Recorrido": "R38",
    "km": "0,0",
    "m": 70,
    "Puntos de control": 26,
    "FIELD62": ""
  },
  {
    "OE0001_V12": "",
    "Id. de inscripción": 157996,
    "Dorsal": 68,
    "Dorsal alt.": 1645,
    "Nº chip": 8032445,
    "Id. de la base de datos": 9109,
    "Id IOF": null,
    "Apellidos": "Prieto De La Osa",
    "Nombre": "Domingo",
    "Fecha de nacimiento": "01.12.1999",
    "AN": 1999,
    "S": "M",
    "Bloque": null,
    "nc": 0,
    "Salida": "0:44:00",
    "Meta": "",
    "Tiempo": "",
    "Estado clas.": 0,
    "Bonificación -": "",
    "Penalización +": "",
    "Comentario": "",
    "Nº de club": 160,
    "Ciudad": "",
    "Club": "COHU",
    "Nac": "",
    "Situación": "",
    "Región": "Huelva",
    "Nº de categoría": 2,
    "Corto": "M-E",
    "Largo": "M-E",
    "Nº Cat. Ins.": 2,
    "Categoría inscrita (corto)": "M-E",
    "Categoría inscrita (largo)": "M-E",
    "Pos. Ranking": "",
    "Puntos de ranking": "",
    "Num1": 21005232,
    "Num2": "",
    "Num3": "",
    "Text1": "49160821T",
    "Text2": "A1",
    "Text3": "ESP",
    "Dir. apellidos": "",
    "Dir. nombre": "",
    "Dirección": "",
    "Línea 2": "",
    "CP": "",
    "Dir. ciudad": "",
    "Teléfono": "",
    "Móvil": 648713891,
    "Fax": "",
    "Correo-e": "",
    "Alquilado": 0,
    "Cuota de inscripción": "36,00",
    "Pagado": "X",
    "Id equipo": "",
    "Nombre de equipo": "",
    "Nº de recorrido": 9038,
    "Recorrido": "R38",
    "km": "0,0",
    "m": 70,
    "Puntos de control": 26,
    "FIELD62": ""
  },
  {
    "OE0001_V12": "",
    "Id. de inscripción": 160069,
    "Dorsal": 78,
    "Dorsal alt.": null,
    "Nº chip": 8625190,
    "Id. de la base de datos": null,
    "Id IOF": 19517,
    "Apellidos": "Janischowsky",
    "Nombre": "Fabian",
    "Fecha de nacimiento": "",
    "AN": 1995,
    "S": "M",
    "Bloque": null,
    "nc": 0,
    "Salida": "0:46:00",
    "Meta": "",
    "Tiempo": "",
    "Estado clas.": 0,
    "Bonificación -": "",
    "Penalización +": "",
    "Comentario": "",
    "Nº de club": 1035,
    "Ciudad": "",
    "Club": "OLG REGENSBURG",
    "Nac": "",
    "Situación": "",
    "Región": "",
    "Nº de categoría": 2,
    "Corto": "M-E",
    "Largo": "M-E",
    "Nº Cat. Ins.": 2,
    "Categoría inscrita (corto)": "M-E",
    "Categoría inscrita (largo)": "M-E",
    "Pos. Ranking": "",
    "Puntos de ranking": "",
    "Num1": null,
    "Num2": "",
    "Num3": "",
    "Text1": "",
    "Text2": "",
    "Text3": "GER",
    "Dir. apellidos": "",
    "Dir. nombre": "",
    "Dirección": "",
    "Línea 2": "",
    "CP": "",
    "Dir. ciudad": "",
    "Teléfono": "",
    "Móvil": null,
    "Fax": "",
    "Correo-e": "",
    "Alquilado": 0,
    "Cuota de inscripción": "0,00",
    "Pagado": "0",
    "Id equipo": "",
    "Nombre de equipo": "",
    "Nº de recorrido": 9038,
    "Recorrido": "R38",
    "km": "0,0",
    "m": 70,
    "Puntos de control": 26,
    "FIELD62": ""
  },
  {
    "OE0001_V12": "",
    "Id. de inscripción": 160085,
    "Dorsal": 83,
    "Dorsal alt.": null,
    "Nº chip": 8023010,
    "Id. de la base de datos": null,
    "Id IOF": 40991,
    "Apellidos": "Lambertini",
    "Nombre": "Sebastiano",
    "Fecha de nacimiento": "",
    "AN": 2006,
    "S": "M",
    "Bloque": null,
    "nc": 0,
    "Salida": "0:48:00",
    "Meta": "",
    "Tiempo": "",
    "Estado clas.": 0,
    "Bonificación -": "",
    "Penalización +": "",
    "Comentario": "",
    "Nº de club": 1038,
    "Ciudad": "",
    "Club": "POLISPORTIVA G.MASI",
    "Nac": "",
    "Situación": "",
    "Región": "",
    "Nº de categoría": 2,
    "Corto": "M-E",
    "Largo": "M-E",
    "Nº Cat. Ins.": 2,
    "Categoría inscrita (corto)": "M-E",
    "Categoría inscrita (largo)": "M-E",
    "Pos. Ranking": "",
    "Puntos de ranking": "",
    "Num1": null,
    "Num2": "",
    "Num3": "",
    "Text1": "",
    "Text2": "",
    "Text3": "ITA",
    "Dir. apellidos": "",
    "Dir. nombre": "",
    "Dirección": "",
    "Línea 2": "",
    "CP": "",
    "Dir. ciudad": "",
    "Teléfono": "",
    "Móvil": null,
    "Fax": "",
    "Correo-e": "",
    "Alquilado": 0,
    "Cuota de inscripción": "0,00",
    "Pagado": "0",
    "Id equipo": "",
    "Nombre de equipo": "",
    "Nº de recorrido": 9038,
    "Recorrido": "R38",
    "km": "0,0",
    "m": 70,
    "Puntos de control": 26,
    "FIELD62": ""
  },
  {
    "OE0001_V12": "",
    "Id. de inscripción": 160054,
    "Dorsal": 75,
    "Dorsal alt.": null,
    "Nº chip": 8502390,
    "Id. de la base de datos": null,
    "Id IOF": 7710,
    "Apellidos": "Blanc-Tranchant",
    "Nombre": "Olivier",
    "Fecha de nacimiento": "",
    "AN": 1992,
    "S": "M",
    "Bloque": null,
    "nc": 0,
    "Salida": "0:50:00",
    "Meta": "",
    "Tiempo": "",
    "Estado clas.": 0,
    "Bonificación -": "",
    "Penalización +": "",
    "Comentario": "",
    "Nº de club": 1026,
    "Ciudad": "",
    "Club": "O'JURA",
    "Nac": "",
    "Situación": "",
    "Región": "",
    "Nº de categoría": 2,
    "Corto": "M-E",
    "Largo": "M-E",
    "Nº Cat. Ins.": 2,
    "Categoría inscrita (corto)": "M-E",
    "Categoría inscrita (largo)": "M-E",
    "Pos. Ranking": "",
    "Puntos de ranking": "",
    "Num1": null,
    "Num2": "",
    "Num3": "",
    "Text1": "",
    "Text2": "",
    "Text3": "FRA",
    "Dir. apellidos": "",
    "Dir. nombre": "",
    "Dirección": "",
    "Línea 2": "",
    "CP": "",
    "Dir. ciudad": "",
    "Teléfono": "",
    "Móvil": null,
    "Fax": "",
    "Correo-e": "",
    "Alquilado": 0,
    "Cuota de inscripción": "0,00",
    "Pagado": "0",
    "Id equipo": "",
    "Nombre de equipo": "",
    "Nº de recorrido": 9038,
    "Recorrido": "R38",
    "km": "0,0",
    "m": 70,
    "Puntos de control": 26,
    "FIELD62": ""
  },
  {
    "OE0001_V12": "",
    "Id. de inscripción": 160070,
    "Dorsal": 77,
    "Dorsal alt.": null,
    "Nº chip": 8170695,
    "Id. de la base de datos": null,
    "Id IOF": 19516,
    "Apellidos": "Janischowsky",
    "Nombre": "Daniel",
    "Fecha de nacimiento": "",
    "AN": 1995,
    "S": "M",
    "Bloque": null,
    "nc": 0,
    "Salida": "0:52:00",
    "Meta": "",
    "Tiempo": "",
    "Estado clas.": 0,
    "Bonificación -": "",
    "Penalización +": "",
    "Comentario": "",
    "Nº de club": 1035,
    "Ciudad": "",
    "Club": "OLG REGENSBURG",
    "Nac": "",
    "Situación": "",
    "Región": "",
    "Nº de categoría": 2,
    "Corto": "M-E",
    "Largo": "M-E",
    "Nº Cat. Ins.": 2,
    "Categoría inscrita (corto)": "M-E",
    "Categoría inscrita (largo)": "M-E",
    "Pos. Ranking": "",
    "Puntos de ranking": "",
    "Num1": null,
    "Num2": "",
    "Num3": "",
    "Text1": "",
    "Text2": "",
    "Text3": "GER",
    "Dir. apellidos": "",
    "Dir. nombre": "",
    "Dirección": "",
    "Línea 2": "",
    "CP": "",
    "Dir. ciudad": "",
    "Teléfono": "",
    "Móvil": null,
    "Fax": "",
    "Correo-e": "",
    "Alquilado": 0,
    "Cuota de inscripción": "0,00",
    "Pagado": "0",
    "Id equipo": "",
    "Nombre de equipo": "",
    "Nº de recorrido": 9038,
    "Recorrido": "R38",
    "km": "0,0",
    "m": 70,
    "Puntos de control": 26,
    "FIELD62": ""
  },
  {
    "OE0001_V12": "",
    "Id. de inscripción": 156169,
    "Dorsal": 63,
    "Dorsal alt.": 3218,
    "Nº chip": 8670970,
    "Id. de la base de datos": 11694,
    "Id IOF": 44321,
    "Apellidos": "Moragas Forcada",
    "Nombre": "Jordi",
    "Fecha de nacimiento": "10.08.2003",
    "AN": 2003,
    "S": "M",
    "Bloque": null,
    "nc": 0,
    "Salida": "0:54:00",
    "Meta": "",
    "Tiempo": "",
    "Estado clas.": 0,
    "Bonificación -": "",
    "Penalización +": "",
    "Comentario": "",
    "Nº de club": 77,
    "Ciudad": "",
    "Club": "UEVIC",
    "Nac": "",
    "Situación": "",
    "Región": "Barcelona",
    "Nº de categoría": 2,
    "Corto": "M-E",
    "Largo": "M-E",
    "Nº Cat. Ins.": 2,
    "Categoría inscrita (corto)": "M-E",
    "Categoría inscrita (largo)": "M-E",
    "Pos. Ranking": "",
    "Puntos de ranking": "",
    "Num1": 8007733,
    "Num2": "",
    "Num3": "",
    "Text1": "48043699B",
    "Text2": "A1",
    "Text3": "ESP",
    "Dir. apellidos": "",
    "Dir. nombre": "",
    "Dirección": "",
    "Línea 2": "",
    "CP": "",
    "Dir. ciudad": "",
    "Teléfono": "",
    "Móvil": 649294851,
    "Fax": "",
    "Correo-e": "",
    "Alquilado": 0,
    "Cuota de inscripción": "36,00",
    "Pagado": "0",
    "Id equipo": "",
    "Nombre de equipo": "",
    "Nº de recorrido": 9038,
    "Recorrido": "R38",
    "km": "0,0",
    "m": 70,
    "Puntos de control": 26,
    "FIELD62": ""
  },
  {
    "OE0001_V12": "",
    "Id. de inscripción": 157118,
    "Dorsal": 51,
    "Dorsal alt.": 3461,
    "Nº chip": 8269036,
    "Id. de la base de datos": 16068,
    "Id IOF": 49389,
    "Apellidos": "Civera Gorriz",
    "Nombre": "Jaume",
    "Fecha de nacimiento": "27.10.1993",
    "AN": 1993,
    "S": "M",
    "Bloque": null,
    "nc": 0,
    "Salida": "0:56:00",
    "Meta": "",
    "Tiempo": "",
    "Estado clas.": 0,
    "Bonificación -": "",
    "Penalización +": "",
    "Comentario": "",
    "Nº de club": 1,
    "Ciudad": "",
    "Club": "ADCON",
    "Nac": "",
    "Situación": "",
    "Región": "Castellón",
    "Nº de categoría": 2,
    "Corto": "M-E",
    "Largo": "M-E",
    "Nº Cat. Ins.": 2,
    "Categoría inscrita (corto)": "M-E",
    "Categoría inscrita (largo)": "M-E",
    "Pos. Ranking": "",
    "Puntos de ranking": "",
    "Num1": 16068,
    "Num2": "",
    "Num3": "",
    "Text1": "53662931K",
    "Text2": "A1",
    "Text3": "ESP",
    "Dir. apellidos": "",
    "Dir. nombre": "",
    "Dirección": "",
    "Línea 2": "",
    "CP": "",
    "Dir. ciudad": "",
    "Teléfono": "",
    "Móvil": 697238031,
    "Fax": "",
    "Correo-e": "",
    "Alquilado": 0,
    "Cuota de inscripción": "32,00",
    "Pagado": "X",
    "Id equipo": "",
    "Nombre de equipo": "",
    "Nº de recorrido": 9038,
    "Recorrido": "R38",
    "km": "0,0",
    "m": 70,
    "Puntos de control": 26,
    "FIELD62": ""
  },
  {
    "OE0001_V12": "",
    "Id. de inscripción": 157241,
    "Dorsal": 59,
    "Dorsal alt.": 1672,
    "Nº chip": 8681403,
    "Id. de la base de datos": 9868,
    "Id IOF": 46636,
    "Apellidos": "Gómez Benavides",
    "Nombre": "Miguel",
    "Fecha de nacimiento": "20.03.2002",
    "AN": 2002,
    "S": "M",
    "Bloque": null,
    "nc": 0,
    "Salida": "0:58:00",
    "Meta": "",
    "Tiempo": "",
    "Estado clas.": 0,
    "Bonificación -": "",
    "Penalización +": "",
    "Comentario": "",
    "Nº de club": 26,
    "Ciudad": "",
    "Club": "COMA",
    "Nac": "",
    "Situación": "",
    "Región": "Málaga",
    "Nº de categoría": 2,
    "Corto": "M-E",
    "Largo": "M-E",
    "Nº Cat. Ins.": 2,
    "Categoría inscrita (corto)": "M-E",
    "Categoría inscrita (largo)": "M-E",
    "Pos. Ranking": "",
    "Puntos de ranking": "",
    "Num1": 23005976,
    "Num2": "",
    "Num3": "",
    "Text1": "26501843R",
    "Text2": "A1",
    "Text3": "ESP",
    "Dir. apellidos": "",
    "Dir. nombre": "",
    "Dirección": "",
    "Línea 2": "",
    "CP": "",
    "Dir. ciudad": "",
    "Teléfono": "",
    "Móvil": null,
    "Fax": "",
    "Correo-e": "",
    "Alquilado": 0,
    "Cuota de inscripción": "32,00",
    "Pagado": "0",
    "Id equipo": "",
    "Nombre de equipo": "",
    "Nº de recorrido": 9038,
    "Recorrido": "R38",
    "km": "0,0",
    "m": 70,
    "Puntos de control": 26,
    "FIELD62": ""
  },
  {
    "OE0001_V12": "",
    "Id. de inscripción": 157423,
    "Dorsal": 64,
    "Dorsal alt.": 6053,
    "Nº chip": 8501196,
    "Id. de la base de datos": 26817,
    "Id IOF": null,
    "Apellidos": "Rojo Hernández",
    "Nombre": "Carlos",
    "Fecha de nacimiento": "29.07.1996",
    "AN": 1996,
    "S": "M",
    "Bloque": null,
    "nc": 0,
    "Salida": "1:00:00",
    "Meta": "",
    "Tiempo": "",
    "Estado clas.": 0,
    "Bonificación -": "",
    "Penalización +": "",
    "Comentario": "",
    "Nº de club": 103,
    "Ciudad": "",
    "Club": "SURCO",
    "Nac": "",
    "Situación": "",
    "Región": "Almería",
    "Nº de categoría": 2,
    "Corto": "M-E",
    "Largo": "M-E",
    "Nº Cat. Ins.": 2,
    "Categoría inscrita (corto)": "M-E",
    "Categoría inscrita (largo)": "M-E",
    "Pos. Ranking": "",
    "Puntos de ranking": "",
    "Num1": 26817,
    "Num2": "",
    "Num3": "",
    "Text1": "71044238K",
    "Text2": "A2",
    "Text3": "ESP",
    "Dir. apellidos": "",
    "Dir. nombre": "",
    "Dirección": "",
    "Línea 2": "",
    "CP": "",
    "Dir. ciudad": "",
    "Teléfono": "",
    "Móvil": 679937104,
    "Fax": "",
    "Correo-e": "",
    "Alquilado": 0,
    "Cuota de inscripción": "32,00",
    "Pagado": "0",
    "Id equipo": "",
    "Nombre de equipo": "",
    "Nº de recorrido": 9038,
    "Recorrido": "R38",
    "km": "0,0",
    "m": 70,
    "Puntos de control": 26,
    "FIELD62": ""
  },
  {
    "OE0001_V12": "",
    "Id. de inscripción": 158333,
    "Dorsal": 69,
    "Dorsal alt.": 1663,
    "Nº chip": 8670673,
    "Id. de la base de datos": 9112,
    "Id IOF": null,
    "Apellidos": "Vazquez Amos",
    "Nombre": "Tomas",
    "Fecha de nacimiento": "31.05.2001",
    "AN": 2001,
    "S": "M",
    "Bloque": null,
    "nc": 0,
    "Salida": "1:02:00",
    "Meta": "",
    "Tiempo": "",
    "Estado clas.": 0,
    "Bonificación -": "",
    "Penalización +": "",
    "Comentario": "",
    "Nº de club": 160,
    "Ciudad": "",
    "Club": "COHU",
    "Nac": "",
    "Situación": "",
    "Región": "Huelva",
    "Nº de categoría": 2,
    "Corto": "M-E",
    "Largo": "M-E",
    "Nº Cat. Ins.": 2,
    "Categoría inscrita (corto)": "M-E",
    "Categoría inscrita (largo)": "M-E",
    "Pos. Ranking": "",
    "Puntos de ranking": "",
    "Num1": 21005235,
    "Num2": "",
    "Num3": "",
    "Text1": "20099897J",
    "Text2": "A1",
    "Text3": "ESP",
    "Dir. apellidos": "",
    "Dir. nombre": "",
    "Dirección": "",
    "Línea 2": "",
    "CP": "",
    "Dir. ciudad": "",
    "Teléfono": "",
    "Móvil": 667097614,
    "Fax": "",
    "Correo-e": "",
    "Alquilado": 0,
    "Cuota de inscripción": "45,00",
    "Pagado": "0",
    "Id equipo": "",
    "Nombre de equipo": "",
    "Nº de recorrido": 9038,
    "Recorrido": "R38",
    "km": "0,0",
    "m": 70,
    "Puntos de control": 26,
    "FIELD62": ""
  },
  {
    "OE0001_V12": "",
    "Id. de inscripción": 157678,
    "Dorsal": 62,
    "Dorsal alt.": 5422,
    "Nº chip": 8432108,
    "Id. de la base de datos": 16264,
    "Id IOF": 49427,
    "Apellidos": "Iglesias De Álava",
    "Nombre": "Guillermo",
    "Fecha de nacimiento": "07.07.1995",
    "AN": 1995,
    "S": "M",
    "Bloque": null,
    "nc": 0,
    "Salida": "1:04:00",
    "Meta": "",
    "Tiempo": "",
    "Estado clas.": 0,
    "Bonificación -": "",
    "Penalización +": "",
    "Comentario": "",
    "Nº de club": 53,
    "Ciudad": "",
    "Club": "MURCIA-O",
    "Nac": "",
    "Situación": "",
    "Región": "Murcia",
    "Nº de categoría": 2,
    "Corto": "M-E",
    "Largo": "M-E",
    "Nº Cat. Ins.": 2,
    "Categoría inscrita (corto)": "M-E",
    "Categoría inscrita (largo)": "M-E",
    "Pos. Ranking": "",
    "Puntos de ranking": "",
    "Num1": 16264,
    "Num2": "",
    "Num3": "",
    "Text1": "03147791B",
    "Text2": "A1",
    "Text3": "ESP",
    "Dir. apellidos": "",
    "Dir. nombre": "",
    "Dirección": "",
    "Línea 2": "",
    "CP": "",
    "Dir. ciudad": "",
    "Teléfono": "",
    "Móvil": 689517807,
    "Fax": "",
    "Correo-e": "",
    "Alquilado": 0,
    "Cuota de inscripción": "32,00",
    "Pagado": "X",
    "Id equipo": "",
    "Nombre de equipo": "",
    "Nº de recorrido": 9038,
    "Recorrido": "R38",
    "km": "0,0",
    "m": 70,
    "Puntos de control": 26,
    "FIELD62": ""
  },
  {
    "OE0001_V12": "",
    "Id. de inscripción": 150662,
    "Dorsal": 52,
    "Dorsal alt.": 3488,
    "Nº chip": 8637634,
    "Id. de la base de datos": 3178,
    "Id IOF": 16080,
    "Apellidos": "Sellés Seguí",
    "Nombre": "Emili",
    "Fecha de nacimiento": "26.09.1979",
    "AN": 1979,
    "S": "M",
    "Bloque": null,
    "nc": 0,
    "Salida": "1:06:00",
    "Meta": "",
    "Tiempo": "",
    "Estado clas.": 0,
    "Bonificación -": "",
    "Penalización +": "",
    "Comentario": "",
    "Nº de club": 4,
    "Ciudad": "",
    "Club": "ALCOI",
    "Nac": "",
    "Situación": "",
    "Región": "Alicante",
    "Nº de categoría": 2,
    "Corto": "M-E",
    "Largo": "M-E",
    "Nº Cat. Ins.": 2,
    "Categoría inscrita (corto)": "M-E",
    "Categoría inscrita (largo)": "M-E",
    "Pos. Ranking": "",
    "Puntos de ranking": "",
    "Num1": 46000103,
    "Num2": "",
    "Num3": "",
    "Text1": "21674747F",
    "Text2": "A1",
    "Text3": "ESP",
    "Dir. apellidos": "",
    "Dir. nombre": "",
    "Dirección": "",
    "Línea 2": "",
    "CP": "",
    "Dir. ciudad": "",
    "Teléfono": "",
    "Móvil": 660222565,
    "Fax": "",
    "Correo-e": "",
    "Alquilado": 0,
    "Cuota de inscripción": "32,00",
    "Pagado": "X",
    "Id equipo": "",
    "Nombre de equipo": "",
    "Nº de recorrido": 9038,
    "Recorrido": "R38",
    "km": "0,0",
    "m": 70,
    "Puntos de control": 26,
    "FIELD62": ""
  },
  {
    "OE0001_V12": "",
    "Id. de inscripción": 160081,
    "Dorsal": 82,
    "Dorsal alt.": null,
    "Nº chip": 8002251,
    "Id. de la base de datos": null,
    "Id IOF": 41275,
    "Apellidos": "Frascaroli",
    "Nombre": "Simone",
    "Fecha de nacimiento": "",
    "AN": 2004,
    "S": "M",
    "Bloque": null,
    "nc": 0,
    "Salida": "1:08:00",
    "Meta": "",
    "Tiempo": "",
    "Estado clas.": 0,
    "Bonificación -": "",
    "Penalización +": "",
    "Comentario": "",
    "Nº de club": 1038,
    "Ciudad": "",
    "Club": "POLISPORTIVA G.MASI",
    "Nac": "",
    "Situación": "",
    "Región": "",
    "Nº de categoría": 2,
    "Corto": "M-E",
    "Largo": "M-E",
    "Nº Cat. Ins.": 2,
    "Categoría inscrita (corto)": "M-E",
    "Categoría inscrita (largo)": "M-E",
    "Pos. Ranking": "",
    "Puntos de ranking": "",
    "Num1": null,
    "Num2": "",
    "Num3": "",
    "Text1": "",
    "Text2": "",
    "Text3": "ITA",
    "Dir. apellidos": "",
    "Dir. nombre": "",
    "Dirección": "",
    "Línea 2": "",
    "CP": "",
    "Dir. ciudad": "",
    "Teléfono": "",
    "Móvil": null,
    "Fax": "",
    "Correo-e": "",
    "Alquilado": 0,
    "Cuota de inscripción": "0,00",
    "Pagado": "0",
    "Id equipo": "",
    "Nombre de equipo": "",
    "Nº de recorrido": 9038,
    "Recorrido": "R38",
    "km": "0,0",
    "m": 70,
    "Puntos de control": 26,
    "FIELD62": ""
  },
  {
    "OE0001_V12": "",
    "Id. de inscripción": 158176,
    "Dorsal": 61,
    "Dorsal alt.": 5407,
    "Nº chip": 8502428,
    "Id. de la base de datos": 10690,
    "Id IOF": 22109,
    "Apellidos": "Calva Troya",
    "Nombre": "Jacinto",
    "Fecha de nacimiento": "09.09.1982",
    "AN": 1982,
    "S": "M",
    "Bloque": 2492,
    "nc": 0,
    "Salida": "1:10:00",
    "Meta": "",
    "Tiempo": "",
    "Estado clas.": 0,
    "Bonificación -": "",
    "Penalización +": "",
    "Comentario": "",
    "Nº de club": 53,
    "Ciudad": "",
    "Club": "MURCIA-O",
    "Nac": "",
    "Situación": "",
    "Región": "Murcia",
    "Nº de categoría": 2,
    "Corto": "M-E",
    "Largo": "M-E",
    "Nº Cat. Ins.": 2,
    "Categoría inscrita (corto)": "M-E",
    "Categoría inscrita (largo)": "M-E",
    "Pos. Ranking": "",
    "Puntos de ranking": "",
    "Num1": 30006779,
    "Num2": "",
    "Num3": "",
    "Text1": "49274732S",
    "Text2": "A1",
    "Text3": "ESP",
    "Dir. apellidos": "",
    "Dir. nombre": "",
    "Dirección": "",
    "Línea 2": "",
    "CP": "",
    "Dir. ciudad": "",
    "Teléfono": "",
    "Móvil": 699203108,
    "Fax": "",
    "Correo-e": "",
    "Alquilado": 0,
    "Cuota de inscripción": "36,00",
    "Pagado": "X",
    "Id equipo": "",
    "Nombre de equipo": "",
    "Nº de recorrido": 9038,
    "Recorrido": "R38",
    "km": "0,0",
    "m": 70,
    "Puntos de control": 26,
    "FIELD62": ""
  },
  {
    "OE0001_V12": "",
    "Id. de inscripción": 160133,
    "Dorsal": 89,
    "Dorsal alt.": null,
    "Nº chip": 8003935,
    "Id. de la base de datos": null,
    "Id IOF": 35515,
    "Apellidos": "Wong",
    "Nombre": "Io Pan",
    "Fecha de nacimiento": "",
    "AN": 1982,
    "S": "M",
    "Bloque": 2338,
    "nc": 0,
    "Salida": "1:12:00",
    "Meta": "",
    "Tiempo": "",
    "Estado clas.": 0,
    "Bonificación -": "",
    "Penalización +": "",
    "Comentario": "",
    "Nº de club": 1063,
    "Ciudad": "",
    "Club": "YOUTH ADVANCE ORIENTEERING CLU",
    "Nac": "",
    "Situación": "",
    "Región": "",
    "Nº de categoría": 2,
    "Corto": "M-E",
    "Largo": "M-E",
    "Nº Cat. Ins.": 2,
    "Categoría inscrita (corto)": "M-E",
    "Categoría inscrita (largo)": "M-E",
    "Pos. Ranking": "",
    "Puntos de ranking": "",
    "Num1": null,
    "Num2": "",
    "Num3": "",
    "Text1": "",
    "Text2": "",
    "Text3": "HKG",
    "Dir. apellidos": "",
    "Dir. nombre": "",
    "Dirección": "",
    "Línea 2": "",
    "CP": "",
    "Dir. ciudad": "",
    "Teléfono": "",
    "Móvil": null,
    "Fax": "",
    "Correo-e": "",
    "Alquilado": 0,
    "Cuota de inscripción": "0,00",
    "Pagado": "0",
    "Id equipo": "",
    "Nombre de equipo": "",
    "Nº de recorrido": 9038,
    "Recorrido": "R38",
    "km": "0,0",
    "m": 70,
    "Puntos de control": 26,
    "FIELD62": ""
  },
  {
    "OE0001_V12": "",
    "Id. de inscripción": 160072,
    "Dorsal": 76,
    "Dorsal alt.": null,
    "Nº chip": 8187420,
    "Id. de la base de datos": null,
    "Id IOF": 44382,
    "Apellidos": "Brandl",
    "Nombre": "Lorenz",
    "Fecha de nacimiento": "",
    "AN": 1999,
    "S": "M",
    "Bloque": 2258,
    "nc": 0,
    "Salida": "1:14:00",
    "Meta": "",
    "Tiempo": "",
    "Estado clas.": 0,
    "Bonificación -": "",
    "Penalización +": "",
    "Comentario": "",
    "Nº de club": 1035,
    "Ciudad": "",
    "Club": "OLG REGENSBURG",
    "Nac": "",
    "Situación": "",
    "Región": "",
    "Nº de categoría": 2,
    "Corto": "M-E",
    "Largo": "M-E",
    "Nº Cat. Ins.": 2,
    "Categoría inscrita (corto)": "M-E",
    "Categoría inscrita (largo)": "M-E",
    "Pos. Ranking": "",
    "Puntos de ranking": "",
    "Num1": null,
    "Num2": "",
    "Num3": "",
    "Text1": "",
    "Text2": "",
    "Text3": "GER",
    "Dir. apellidos": "",
    "Dir. nombre": "",
    "Dirección": "",
    "Línea 2": "",
    "CP": "",
    "Dir. ciudad": "",
    "Teléfono": "",
    "Móvil": null,
    "Fax": "",
    "Correo-e": "",
    "Alquilado": 0,
    "Cuota de inscripción": "0,00",
    "Pagado": "0",
    "Id equipo": "",
    "Nombre de equipo": "",
    "Nº de recorrido": 9038,
    "Recorrido": "R38",
    "km": "0,0",
    "m": 70,
    "Puntos de control": 26,
    "FIELD62": ""
  },
  {
    "OE0001_V12": "",
    "Id. de inscripción": 160130,
    "Dorsal": 88,
    "Dorsal alt.": null,
    "Nº chip": 950726,
    "Id. de la base de datos": null,
    "Id IOF": 19521,
    "Apellidos": "Pohl",
    "Nombre": "Wolfram",
    "Fecha de nacimiento": "",
    "AN": 1995,
    "S": "M",
    "Bloque": 2003,
    "nc": 0,
    "Salida": "1:16:00",
    "Meta": "",
    "Tiempo": "",
    "Estado clas.": 0,
    "Bonificación -": "",
    "Penalización +": "",
    "Comentario": "",
    "Nº de club": 1060,
    "Ciudad": "",
    "Club": "TV COBURG-NEUSES",
    "Nac": "",
    "Situación": "",
    "Región": "",
    "Nº de categoría": 2,
    "Corto": "M-E",
    "Largo": "M-E",
    "Nº Cat. Ins.": 2,
    "Categoría inscrita (corto)": "M-E",
    "Categoría inscrita (largo)": "M-E",
    "Pos. Ranking": "",
    "Puntos de ranking": "",
    "Num1": null,
    "Num2": "",
    "Num3": "",
    "Text1": "",
    "Text2": "",
    "Text3": "GER",
    "Dir. apellidos": "",
    "Dir. nombre": "",
    "Dirección": "",
    "Línea 2": "",
    "CP": "",
    "Dir. ciudad": "",
    "Teléfono": "",
    "Móvil": null,
    "Fax": "",
    "Correo-e": "",
    "Alquilado": 0,
    "Cuota de inscripción": "0,00",
    "Pagado": "0",
    "Id equipo": "",
    "Nombre de equipo": "",
    "Nº de recorrido": 9038,
    "Recorrido": "R38",
    "km": "0,0",
    "m": 70,
    "Puntos de control": 26,
    "FIELD62": ""
  },
  {
    "OE0001_V12": "",
    "Id. de inscripción": null,
    "Dorsal": 94,
    "Dorsal alt.": null,
    "Nº chip": 8100192,
    "Id. de la base de datos": null,
    "Id IOF": 13433,
    "Apellidos": "Mazan",
    "Nombre": "Bartlomiej",
    "Fecha de nacimiento": "",
    "AN": null,
    "S": "F",
    "Bloque": 1969,
    "nc": 0,
    "Salida": "1:18:00",
    "Meta": "",
    "Tiempo": "",
    "Estado clas.": 0,
    "Bonificación -": "",
    "Penalización +": "",
    "Comentario": "",
    "Nº de club": 1065,
    "Ciudad": "",
    "Club": "KOS BNO SZCZECIN",
    "Nac": "",
    "Situación": "",
    "Región": "",
    "Nº de categoría": 2,
    "Corto": "M-E",
    "Largo": "M-E",
    "Nº Cat. Ins.": 2,
    "Categoría inscrita (corto)": "M-E",
    "Categoría inscrita (largo)": "M-E",
    "Pos. Ranking": "",
    "Puntos de ranking": "",
    "Num1": null,
    "Num2": "",
    "Num3": "",
    "Text1": "",
    "Text2": "",
    "Text3": "POL",
    "Dir. apellidos": "",
    "Dir. nombre": "",
    "Dirección": "",
    "Línea 2": "",
    "CP": "",
    "Dir. ciudad": "",
    "Teléfono": "",
    "Móvil": null,
    "Fax": "",
    "Correo-e": "",
    "Alquilado": 0,
    "Cuota de inscripción": "0,00",
    "Pagado": "0",
    "Id equipo": "",
    "Nombre de equipo": "",
    "Nº de recorrido": 9038,
    "Recorrido": "R38",
    "km": "0,0",
    "m": 70,
    "Puntos de control": 26,
    "FIELD62": ""
  },
  {
    "OE0001_V12": "",
    "Id. de inscripción": 157543,
    "Dorsal": 70,
    "Dorsal alt.": 4760,
    "Nº chip": 8655222,
    "Id. de la base de datos": 6122,
    "Id IOF": 19214,
    "Apellidos": "Rodriguez Dominguez",
    "Nombre": "Maikel",
    "Fecha de nacimiento": "20.03.1983",
    "AN": 1983,
    "S": "M",
    "Bloque": 1594,
    "nc": 0,
    "Salida": "1:20:00",
    "Meta": "",
    "Tiempo": "",
    "Estado clas.": 0,
    "Bonificación -": "",
    "Penalización +": "",
    "Comentario": "",
    "Nº de club": 166,
    "Ciudad": "",
    "Club": "ORIENTIJOTE",
    "Nac": "",
    "Situación": "",
    "Región": "Cuenca",
    "Nº de categoría": 2,
    "Corto": "M-E",
    "Largo": "M-E",
    "Nº Cat. Ins.": 2,
    "Categoría inscrita (corto)": "M-E",
    "Categoría inscrita (largo)": "M-E",
    "Pos. Ranking": "",
    "Puntos de ranking": "",
    "Num1": 36001254,
    "Num2": "",
    "Num3": "",
    "Text1": "35573789B",
    "Text2": "A1",
    "Text3": "ESP",
    "Dir. apellidos": "",
    "Dir. nombre": "",
    "Dirección": "",
    "Línea 2": "",
    "CP": "",
    "Dir. ciudad": "",
    "Teléfono": "",
    "Móvil": 615455454,
    "Fax": "",
    "Correo-e": "",
    "Alquilado": 0,
    "Cuota de inscripción": "32,00",
    "Pagado": "0",
    "Id equipo": "",
    "Nombre de equipo": "",
    "Nº de recorrido": 9038,
    "Recorrido": "R38",
    "km": "0,0",
    "m": 70,
    "Puntos de control": 26,
    "FIELD62": ""
  },
  {
    "OE0001_V12": "",
    "Id. de inscripción": 160075,
    "Dorsal": 79,
    "Dorsal alt.": null,
    "Nº chip": 8050297,
    "Id. de la base de datos": null,
    "Id IOF": 26345,
    "Apellidos": "Janischowsky",
    "Nombre": "Lukas",
    "Fecha de nacimiento": "",
    "AN": 1997,
    "S": "M",
    "Bloque": 1553,
    "nc": 0,
    "Salida": "1:22:00",
    "Meta": "",
    "Tiempo": "",
    "Estado clas.": 0,
    "Bonificación -": "",
    "Penalización +": "",
    "Comentario": "",
    "Nº de club": 1035,
    "Ciudad": "",
    "Club": "OLG REGENSBURG",
    "Nac": "",
    "Situación": "",
    "Región": "",
    "Nº de categoría": 2,
    "Corto": "M-E",
    "Largo": "M-E",
    "Nº Cat. Ins.": 2,
    "Categoría inscrita (corto)": "M-E",
    "Categoría inscrita (largo)": "M-E",
    "Pos. Ranking": "",
    "Puntos de ranking": "",
    "Num1": null,
    "Num2": "",
    "Num3": "",
    "Text1": "",
    "Text2": "",
    "Text3": "GER",
    "Dir. apellidos": "",
    "Dir. nombre": "",
    "Dirección": "",
    "Línea 2": "",
    "CP": "",
    "Dir. ciudad": "",
    "Teléfono": "",
    "Móvil": null,
    "Fax": "",
    "Correo-e": "",
    "Alquilado": 0,
    "Cuota de inscripción": "0,00",
    "Pagado": "0",
    "Id equipo": "",
    "Nombre de equipo": "",
    "Nº de recorrido": 9038,
    "Recorrido": "R38",
    "km": "0,0",
    "m": 70,
    "Puntos de control": 26,
    "FIELD62": ""
  },
  {
    "OE0001_V12": "",
    "Id. de inscripción": null,
    "Dorsal": 90,
    "Dorsal alt.": null,
    "Nº chip": 8010192,
    "Id. de la base de datos": null,
    "Id IOF": 9048,
    "Apellidos": "Dutkowski",
    "Nombre": "Mikolaj",
    "Fecha de nacimiento": "",
    "AN": null,
    "S": "F",
    "Bloque": 1509,
    "nc": 0,
    "Salida": "1:24:00",
    "Meta": "",
    "Tiempo": "",
    "Estado clas.": 0,
    "Bonificación -": "",
    "Penalización +": "",
    "Comentario": "",
    "Nº de club": 1003,
    "Ciudad": "",
    "Club": "ANGELNIEMEN ANKKURI",
    "Nac": "",
    "Situación": "",
    "Región": "",
    "Nº de categoría": 2,
    "Corto": "M-E",
    "Largo": "M-E",
    "Nº Cat. Ins.": 2,
    "Categoría inscrita (corto)": "M-E",
    "Categoría inscrita (largo)": "M-E",
    "Pos. Ranking": "",
    "Puntos de ranking": "",
    "Num1": null,
    "Num2": "",
    "Num3": "",
    "Text1": "",
    "Text2": "",
    "Text3": "POL",
    "Dir. apellidos": "",
    "Dir. nombre": "",
    "Dirección": "",
    "Línea 2": "",
    "CP": "",
    "Dir. ciudad": "",
    "Teléfono": "",
    "Móvil": null,
    "Fax": "",
    "Correo-e": "",
    "Alquilado": 0,
    "Cuota de inscripción": "0,00",
    "Pagado": "0",
    "Id equipo": "",
    "Nombre de equipo": "",
    "Nº de recorrido": 9038,
    "Recorrido": "R38",
    "km": "0,0",
    "m": 70,
    "Puntos de control": 26,
    "FIELD62": ""
  },
  {
    "OE0001_V12": "",
    "Id. de inscripción": 160084,
    "Dorsal": 85,
    "Dorsal alt.": null,
    "Nº chip": 8150315,
    "Id. de la base de datos": null,
    "Id IOF": 42161,
    "Apellidos": "Ognibene",
    "Nombre": "Francesco",
    "Fecha de nacimiento": "",
    "AN": 2004,
    "S": "M",
    "Bloque": 1477,
    "nc": 0,
    "Salida": "1:26:00",
    "Meta": "",
    "Tiempo": "",
    "Estado clas.": 0,
    "Bonificación -": "",
    "Penalización +": "",
    "Comentario": "",
    "Nº de club": 1038,
    "Ciudad": "",
    "Club": "POLISPORTIVA G.MASI",
    "Nac": "",
    "Situación": "",
    "Región": "",
    "Nº de categoría": 2,
    "Corto": "M-E",
    "Largo": "M-E",
    "Nº Cat. Ins.": 2,
    "Categoría inscrita (corto)": "M-E",
    "Categoría inscrita (largo)": "M-E",
    "Pos. Ranking": "",
    "Puntos de ranking": "",
    "Num1": null,
    "Num2": "",
    "Num3": "",
    "Text1": "",
    "Text2": "",
    "Text3": "ITA",
    "Dir. apellidos": "",
    "Dir. nombre": "",
    "Dirección": "",
    "Línea 2": "",
    "CP": "",
    "Dir. ciudad": "",
    "Teléfono": "",
    "Móvil": null,
    "Fax": "",
    "Correo-e": "",
    "Alquilado": 0,
    "Cuota de inscripción": "0,00",
    "Pagado": "0",
    "Id equipo": "",
    "Nombre de equipo": "",
    "Nº de recorrido": 9038,
    "Recorrido": "R38",
    "km": "0,0",
    "m": 70,
    "Puntos de control": 26,
    "FIELD62": ""
  },
  {
    "OE0001_V12": "",
    "Id. de inscripción": null,
    "Dorsal": 92,
    "Dorsal alt.": null,
    "Nº chip": 8442019,
    "Id. de la base de datos": null,
    "Id IOF": 36684,
    "Apellidos": "Barr Zeilon",
    "Nombre": "Erik",
    "Fecha de nacimiento": "",
    "AN": null,
    "S": "F",
    "Bloque": 1299,
    "nc": 0,
    "Salida": "1:28:00",
    "Meta": "",
    "Tiempo": "",
    "Estado clas.": 0,
    "Bonificación -": "",
    "Penalización +": "",
    "Comentario": "",
    "Nº de club": 1027,
    "Ciudad": "",
    "Club": "OK LINNÉ",
    "Nac": "",
    "Situación": "",
    "Región": "",
    "Nº de categoría": 2,
    "Corto": "M-E",
    "Largo": "M-E",
    "Nº Cat. Ins.": 2,
    "Categoría inscrita (corto)": "M-E",
    "Categoría inscrita (largo)": "M-E",
    "Pos. Ranking": "",
    "Puntos de ranking": "",
    "Num1": null,
    "Num2": "",
    "Num3": "",
    "Text1": "",
    "Text2": "",
    "Text3": "SWE",
    "Dir. apellidos": "",
    "Dir. nombre": "",
    "Dirección": "",
    "Línea 2": "",
    "CP": "",
    "Dir. ciudad": "",
    "Teléfono": "",
    "Móvil": null,
    "Fax": "",
    "Correo-e": "",
    "Alquilado": 0,
    "Cuota de inscripción": "0,00",
    "Pagado": "0",
    "Id equipo": "",
    "Nombre de equipo": "",
    "Nº de recorrido": 9038,
    "Recorrido": "R38",
    "km": "0,0",
    "m": 70,
    "Puntos de control": 26,
    "FIELD62": ""
  },
  {
    "OE0001_V12": "",
    "Id. de inscripción": 157557,
    "Dorsal": 53,
    "Dorsal alt.": 5182,
    "Nº chip": 8513985,
    "Id. de la base de datos": 26881,
    "Id IOF": 44194,
    "Apellidos": "Sanchez Uribe",
    "Nombre": "Juan Daniel",
    "Fecha de nacimiento": "14.01.1996",
    "AN": 1996,
    "S": "M",
    "Bloque": 1102,
    "nc": 0,
    "Salida": "1:30:00",
    "Meta": "",
    "Tiempo": "",
    "Estado clas.": 0,
    "Bonificación -": "",
    "Penalización +": "",
    "Comentario": "",
    "Nº de club": 20,
    "Ciudad": "",
    "Club": "O-CIUDAD_REAL",
    "Nac": "",
    "Situación": "",
    "Región": "Ciudad Real",
    "Nº de categoría": 2,
    "Corto": "M-E",
    "Largo": "M-E",
    "Nº Cat. Ins.": 2,
    "Categoría inscrita (corto)": "M-E",
    "Categoría inscrita (largo)": "M-E",
    "Pos. Ranking": "",
    "Puntos de ranking": "",
    "Num1": 26881,
    "Num2": "",
    "Num3": "",
    "Text1": "Z0322172Q",
    "Text2": "A1",
    "Text3": "COL",
    "Dir. apellidos": "",
    "Dir. nombre": "",
    "Dirección": "",
    "Línea 2": "",
    "CP": "",
    "Dir. ciudad": "",
    "Teléfono": "",
    "Móvil": 692323824,
    "Fax": "",
    "Correo-e": "",
    "Alquilado": 0,
    "Cuota de inscripción": "32,00",
    "Pagado": "0",
    "Id equipo": "",
    "Nombre de equipo": "",
    "Nº de recorrido": 9038,
    "Recorrido": "R38",
    "km": "0,0",
    "m": 70,
    "Puntos de control": 26,
    "FIELD62": ""
  },
  {
    "OE0001_V12": "",
    "Id. de inscripción": 160074,
    "Dorsal": 80,
    "Dorsal alt.": null,
    "Nº chip": 8101996,
    "Id. de la base de datos": null,
    "Id IOF": 27950,
    "Apellidos": "Nürnberger",
    "Nombre": "Julian",
    "Fecha de nacimiento": "",
    "AN": 1996,
    "S": "M",
    "Bloque": 1036,
    "nc": 0,
    "Salida": "1:32:00",
    "Meta": "",
    "Tiempo": "",
    "Estado clas.": 0,
    "Bonificación -": "",
    "Penalización +": "",
    "Comentario": "",
    "Nº de club": 1035,
    "Ciudad": "",
    "Club": "OLG REGENSBURG",
    "Nac": "",
    "Situación": "",
    "Región": "",
    "Nº de categoría": 2,
    "Corto": "M-E",
    "Largo": "M-E",
    "Nº Cat. Ins.": 2,
    "Categoría inscrita (corto)": "M-E",
    "Categoría inscrita (largo)": "M-E",
    "Pos. Ranking": "",
    "Puntos de ranking": "",
    "Num1": null,
    "Num2": "",
    "Num3": "",
    "Text1": "",
    "Text2": "",
    "Text3": "GER",
    "Dir. apellidos": "",
    "Dir. nombre": "",
    "Dirección": "",
    "Línea 2": "",
    "CP": "",
    "Dir. ciudad": "",
    "Teléfono": "",
    "Móvil": null,
    "Fax": "",
    "Correo-e": "",
    "Alquilado": 0,
    "Cuota de inscripción": "0,00",
    "Pagado": "0",
    "Id equipo": "",
    "Nombre de equipo": "",
    "Nº de recorrido": 9038,
    "Recorrido": "R38",
    "km": "0,0",
    "m": 70,
    "Puntos de control": 26,
    "FIELD62": ""
  },
  {
    "OE0001_V12": "",
    "Id. de inscripción": 157485,
    "Dorsal": 66,
    "Dorsal alt.": 3001,
    "Nº chip": 8291096,
    "Id. de la base de datos": 8888,
    "Id IOF": 21623,
    "Apellidos": "Cotillas Moya",
    "Nombre": "David",
    "Fecha de nacimiento": "29.10.1996",
    "AN": 1996,
    "S": "M",
    "Bloque": 889,
    "nc": 0,
    "Salida": "1:34:00",
    "Meta": "",
    "Tiempo": "",
    "Estado clas.": 0,
    "Bonificación -": "",
    "Penalización +": "",
    "Comentario": "",
    "Nº de club": 134,
    "Ciudad": "",
    "Club": "COMCU",
    "Nac": "",
    "Situación": "",
    "Región": "Cuenca",
    "Nº de categoría": 2,
    "Corto": "M-E",
    "Largo": "M-E",
    "Nº Cat. Ins.": 2,
    "Categoría inscrita (corto)": "M-E",
    "Categoría inscrita (largo)": "M-E",
    "Pos. Ranking": "",
    "Puntos de ranking": "",
    "Num1": 16005004,
    "Num2": "",
    "Num3": "",
    "Text1": "04631975M",
    "Text2": "A1",
    "Text3": "ESP",
    "Dir. apellidos": "",
    "Dir. nombre": "",
    "Dirección": "",
    "Línea 2": "",
    "CP": "",
    "Dir. ciudad": "",
    "Teléfono": "",
    "Móvil": 969225461,
    "Fax": "",
    "Correo-e": "",
    "Alquilado": 0,
    "Cuota de inscripción": "32,00",
    "Pagado": "X",
    "Id equipo": "",
    "Nombre de equipo": "",
    "Nº de recorrido": 9038,
    "Recorrido": "R38",
    "km": "0,0",
    "m": 70,
    "Puntos de control": 26,
    "FIELD62": ""
  },
  {
    "OE0001_V12": "",
    "Id. de inscripción": 158199,
    "Dorsal": 71,
    "Dorsal alt.": 5232,
    "Nº chip": 8665080,
    "Id. de la base de datos": 11587,
    "Id IOF": 42357,
    "Apellidos": "Zorrilla Olias",
    "Nombre": "Gonzalo",
    "Fecha de nacimiento": "20.02.2004",
    "AN": 2004,
    "S": "M",
    "Bloque": 826,
    "nc": 0,
    "Salida": "1:36:00",
    "Meta": "",
    "Tiempo": "",
    "Estado clas.": 0,
    "Bonificación -": "",
    "Penalización +": "",
    "Comentario": "",
    "Nº de club": 212,
    "Ciudad": "",
    "Club": "O-CHARLIES LEGANES",
    "Nac": "",
    "Situación": "",
    "Región": "Madrid",
    "Nº de categoría": 2,
    "Corto": "M-E",
    "Largo": "M-E",
    "Nº Cat. Ins.": 2,
    "Categoría inscrita (corto)": "M-E",
    "Categoría inscrita (largo)": "M-E",
    "Pos. Ranking": "",
    "Puntos de ranking": "",
    "Num1": 28007638,
    "Num2": "",
    "Num3": "",
    "Text1": "03483319S",
    "Text2": "C1",
    "Text3": "ESP",
    "Dir. apellidos": "",
    "Dir. nombre": "",
    "Dirección": "",
    "Línea 2": "",
    "CP": "",
    "Dir. ciudad": "",
    "Teléfono": "",
    "Móvil": null,
    "Fax": "",
    "Correo-e": "",
    "Alquilado": 0,
    "Cuota de inscripción": "32,00",
    "Pagado": "X",
    "Id equipo": "",
    "Nombre de equipo": "",
    "Nº de recorrido": 9038,
    "Recorrido": "R38",
    "km": "0,0",
    "m": 70,
    "Puntos de control": 26,
    "FIELD62": ""
  },
  {
    "OE0001_V12": "",
    "Id. de inscripción": null,
    "Dorsal": 95,
    "Dorsal alt.": null,
    "Nº chip": 8636181,
    "Id. de la base de datos": null,
    "Id IOF": 28160,
    "Apellidos": "Sopo",
    "Nombre": "Aleksi",
    "Fecha de nacimiento": "",
    "AN": null,
    "S": "F",
    "Bloque": 794,
    "nc": 0,
    "Salida": "1:38:00",
    "Meta": "",
    "Tiempo": "",
    "Estado clas.": 0,
    "Bonificación -": "",
    "Penalización +": "",
    "Comentario": "",
    "Nº de club": 1067,
    "Ciudad": "",
    "Club": "FINLAND",
    "Nac": "",
    "Situación": "",
    "Región": "",
    "Nº de categoría": 2,
    "Corto": "M-E",
    "Largo": "M-E",
    "Nº Cat. Ins.": 2,
    "Categoría inscrita (corto)": "M-E",
    "Categoría inscrita (largo)": "M-E",
    "Pos. Ranking": "",
    "Puntos de ranking": "",
    "Num1": null,
    "Num2": "",
    "Num3": "",
    "Text1": "",
    "Text2": "",
    "Text3": "FIN",
    "Dir. apellidos": "",
    "Dir. nombre": "",
    "Dirección": "",
    "Línea 2": "",
    "CP": "",
    "Dir. ciudad": "",
    "Teléfono": "",
    "Móvil": null,
    "Fax": "",
    "Correo-e": "",
    "Alquilado": 0,
    "Cuota de inscripción": "0,00",
    "Pagado": "0",
    "Id equipo": "",
    "Nombre de equipo": "",
    "Nº de recorrido": 9038,
    "Recorrido": "R38",
    "km": "0,0",
    "m": 70,
    "Puntos de control": 26,
    "FIELD62": ""
  },
  {
    "OE0001_V12": "",
    "Id. de inscripción": 160077,
    "Dorsal": 81,
    "Dorsal alt.": null,
    "Nº chip": 8119911,
    "Id. de la base de datos": null,
    "Id IOF": 36438,
    "Apellidos": "Schwarck",
    "Nombre": "Philipp",
    "Fecha de nacimiento": "",
    "AN": 1999,
    "S": "M",
    "Bloque": 635,
    "nc": 0,
    "Salida": "1:40:00",
    "Meta": "",
    "Tiempo": "",
    "Estado clas.": 0,
    "Bonificación -": "",
    "Penalización +": "",
    "Comentario": "",
    "Nº de club": 1035,
    "Ciudad": "",
    "Club": "OLG REGENSBURG",
    "Nac": "",
    "Situación": "",
    "Región": "",
    "Nº de categoría": 2,
    "Corto": "M-E",
    "Largo": "M-E",
    "Nº Cat. Ins.": 2,
    "Categoría inscrita (corto)": "M-E",
    "Categoría inscrita (largo)": "M-E",
    "Pos. Ranking": "",
    "Puntos de ranking": "",
    "Num1": null,
    "Num2": "",
    "Num3": "",
    "Text1": "",
    "Text2": "",
    "Text3": "GER",
    "Dir. apellidos": "",
    "Dir. nombre": "",
    "Dirección": "",
    "Línea 2": "",
    "CP": "",
    "Dir. ciudad": "",
    "Teléfono": "",
    "Móvil": null,
    "Fax": "",
    "Correo-e": "",
    "Alquilado": 0,
    "Cuota de inscripción": "0,00",
    "Pagado": "0",
    "Id equipo": "",
    "Nombre de equipo": "",
    "Nº de recorrido": 9038,
    "Recorrido": "R38",
    "km": "0,0",
    "m": 70,
    "Puntos de control": 26,
    "FIELD62": ""
  },
  {
    "OE0001_V12": "",
    "Id. de inscripción": 151066,
    "Dorsal": 72,
    "Dorsal alt.": 5233,
    "Nº chip": 8223711,
    "Id. de la base de datos": 14687,
    "Id IOF": 27001,
    "Apellidos": "Rodrigues Rodrigues",
    "Nombre": "Sandro",
    "Fecha de nacimiento": "08.12.1971",
    "AN": 1971,
    "S": "M",
    "Bloque": 593,
    "nc": 0,
    "Salida": "1:42:00",
    "Meta": "",
    "Tiempo": "",
    "Estado clas.": 0,
    "Bonificación -": "",
    "Penalización +": "",
    "Comentario": "",
    "Nº de club": 1006,
    "Ciudad": "",
    "Club": "CA MADEIRA",
    "Nac": "",
    "Situación": "",
    "Región": "",
    "Nº de categoría": 2,
    "Corto": "M-E",
    "Largo": "M-E",
    "Nº Cat. Ins.": 2,
    "Categoría inscrita (corto)": "M-E",
    "Categoría inscrita (largo)": "M-E",
    "Pos. Ranking": "",
    "Puntos de ranking": "",
    "Num1": null,
    "Num2": "",
    "Num3": "",
    "Text1": "N447195",
    "Text2": "",
    "Text3": "PRT",
    "Dir. apellidos": "",
    "Dir. nombre": "",
    "Dirección": "",
    "Línea 2": "",
    "CP": "",
    "Dir. ciudad": "",
    "Teléfono": "",
    "Móvil": 917273924,
    "Fax": "",
    "Correo-e": "",
    "Alquilado": 0,
    "Cuota de inscripción": "8,00",
    "Pagado": "X",
    "Id equipo": "",
    "Nombre de equipo": "",
    "Nº de recorrido": 9038,
    "Recorrido": "R38",
    "km": "0,0",
    "m": 70,
    "Puntos de control": 26,
    "FIELD62": ""
  },
  {
    "OE0001_V12": "",
    "Id. de inscripción": 158375,
    "Dorsal": 57,
    "Dorsal alt.": 3449,
    "Nº chip": 8206883,
    "Id. de la base de datos": 20298,
    "Id IOF": 20390,
    "Apellidos": "Wilson",
    "Nombre": "Thomas",
    "Fecha de nacimiento": "31.08.1997",
    "AN": 1997,
    "S": "M",
    "Bloque": 556,
    "nc": 0,
    "Salida": "1:44:00",
    "Meta": "",
    "Tiempo": "",
    "Estado clas.": 0,
    "Bonificación -": "",
    "Penalización +": "",
    "Comentario": "",
    "Nº de club": 22,
    "Ciudad": "",
    "Club": "COC",
    "Nac": "",
    "Situación": "",
    "Región": "Barcelona",
    "Nº de categoría": 2,
    "Corto": "M-E",
    "Largo": "M-E",
    "Nº Cat. Ins.": 2,
    "Categoría inscrita (corto)": "M-E",
    "Categoría inscrita (largo)": "M-E",
    "Pos. Ranking": "",
    "Puntos de ranking": "",
    "Num1": 20298,
    "Num2": "",
    "Num3": "",
    "Text1": "Y8384653V",
    "Text2": "A1",
    "Text3": "GBR",
    "Dir. apellidos": "",
    "Dir. nombre": "",
    "Dirección": "",
    "Línea 2": "",
    "CP": "",
    "Dir. ciudad": "",
    "Teléfono": "",
    "Móvil": 44800000000000000,
    "Fax": "",
    "Correo-e": "",
    "Alquilado": 0,
    "Cuota de inscripción": "41,00",
    "Pagado": "X",
    "Id equipo": "",
    "Nombre de equipo": "",
    "Nº de recorrido": 9038,
    "Recorrido": "R38",
    "km": "0,0",
    "m": 70,
    "Puntos de control": 26,
    "FIELD62": ""
  },
  {
    "OE0001_V12": "",
    "Id. de inscripción": null,
    "Dorsal": 91,
    "Dorsal alt.": null,
    "Nº chip": null,
    "Id. de la base de datos": null,
    "Id IOF": 9655,
    "Apellidos": "Frøyd",
    "Nombre": "Jørgen",
    "Fecha de nacimiento": "",
    "AN": null,
    "S": "F",
    "Bloque": 492,
    "nc": 0,
    "Salida": "1:46:00",
    "Meta": "",
    "Tiempo": "",
    "Estado clas.": 0,
    "Bonificación -": "",
    "Penalización +": "",
    "Comentario": "",
    "Nº de club": 1064,
    "Ciudad": "",
    "Club": "LARVIK OK",
    "Nac": "",
    "Situación": "",
    "Región": "",
    "Nº de categoría": 2,
    "Corto": "M-E",
    "Largo": "M-E",
    "Nº Cat. Ins.": 2,
    "Categoría inscrita (corto)": "M-E",
    "Categoría inscrita (largo)": "M-E",
    "Pos. Ranking": "",
    "Puntos de ranking": "",
    "Num1": null,
    "Num2": "",
    "Num3": "",
    "Text1": "",
    "Text2": "",
    "Text3": "NOR",
    "Dir. apellidos": "",
    "Dir. nombre": "",
    "Dirección": "",
    "Línea 2": "",
    "CP": "",
    "Dir. ciudad": "",
    "Teléfono": "",
    "Móvil": null,
    "Fax": "",
    "Correo-e": "",
    "Alquilado": 0,
    "Cuota de inscripción": "0,00",
    "Pagado": "0",
    "Id equipo": "",
    "Nombre de equipo": "",
    "Nº de recorrido": 9038,
    "Recorrido": "R38",
    "km": "0,0",
    "m": 70,
    "Puntos de control": 26,
    "FIELD62": ""
  },
  {
    "OE0001_V12": "",
    "Id. de inscripción": 160047,
    "Dorsal": 74,
    "Dorsal alt.": null,
    "Nº chip": 8430461,
    "Id. de la base de datos": null,
    "Id IOF": 22091,
    "Apellidos": "Howlett",
    "Nombre": "Noah",
    "Fecha de nacimiento": "",
    "AN": 1998,
    "S": "M",
    "Bloque": 220,
    "nc": 0,
    "Salida": "1:48:00",
    "Meta": "",
    "Tiempo": "",
    "Estado clas.": 0,
    "Bonificación -": "",
    "Penalización +": "",
    "Comentario": "",
    "Nº de club": 1022,
    "Ciudad": "",
    "Club": "LAKELAND ORIENTEERING CLUB",
    "Nac": "",
    "Situación": "",
    "Región": "",
    "Nº de categoría": 2,
    "Corto": "M-E",
    "Largo": "M-E",
    "Nº Cat. Ins.": 2,
    "Categoría inscrita (corto)": "M-E",
    "Categoría inscrita (largo)": "M-E",
    "Pos. Ranking": "",
    "Puntos de ranking": "",
    "Num1": null,
    "Num2": "",
    "Num3": "",
    "Text1": "",
    "Text2": "",
    "Text3": "GBR",
    "Dir. apellidos": "",
    "Dir. nombre": "",
    "Dirección": "",
    "Línea 2": "",
    "CP": "",
    "Dir. ciudad": "",
    "Teléfono": "",
    "Móvil": null,
    "Fax": "",
    "Correo-e": "",
    "Alquilado": 0,
    "Cuota de inscripción": "0,00",
    "Pagado": "0",
    "Id equipo": "",
    "Nombre de equipo": "",
    "Nº de recorrido": 9038,
    "Recorrido": "R38",
    "km": "0,0",
    "m": 70,
    "Puntos de control": 26,
    "FIELD62": ""
  },
  {
    "OE0001_V12": "",
    "Id. de inscripción": 158314,
    "Dorsal": 56,
    "Dorsal alt.": 3440,
    "Nº chip": 8501204,
    "Id. de la base de datos": 10609,
    "Id IOF": 36095,
    "Apellidos": "Vich Diaz-Guerra",
    "Nombre": "Quim",
    "Fecha de nacimiento": "20.02.1998",
    "AN": 1998,
    "S": "M",
    "Bloque": 214,
    "nc": 0,
    "Salida": "1:50:00",
    "Meta": "",
    "Tiempo": "",
    "Estado clas.": 0,
    "Bonificación -": "",
    "Penalización +": "",
    "Comentario": "",
    "Nº de club": 22,
    "Ciudad": "",
    "Club": "COC",
    "Nac": "",
    "Situación": "",
    "Región": "Barcelona",
    "Nº de categoría": 2,
    "Corto": "M-E",
    "Largo": "M-E",
    "Nº Cat. Ins.": 2,
    "Categoría inscrita (corto)": "M-E",
    "Categoría inscrita (largo)": "M-E",
    "Pos. Ranking": "",
    "Puntos de ranking": "",
    "Num1": 8006699,
    "Num2": "",
    "Num3": "",
    "Text1": "47119528A",
    "Text2": "A1",
    "Text3": "ESP",
    "Dir. apellidos": "",
    "Dir. nombre": "",
    "Dirección": "",
    "Línea 2": "",
    "CP": "",
    "Dir. ciudad": "",
    "Teléfono": "",
    "Móvil": 639962753,
    "Fax": "",
    "Correo-e": "",
    "Alquilado": 0,
    "Cuota de inscripción": "41,00",
    "Pagado": "X",
    "Id equipo": "",
    "Nombre de equipo": "",
    "Nº de recorrido": 9038,
    "Recorrido": "R38",
    "km": "0,0",
    "m": 70,
    "Puntos de control": 26,
    "FIELD62": ""
  },
  {
    "OE0001_V12": "",
    "Id. de inscripción": 157327,
    "Dorsal": 67,
    "Dorsal alt.": 5109,
    "Nº chip": 8150300,
    "Id. de la base de datos": 6612,
    "Id IOF": 33650,
    "Apellidos": "Rojas Jiménez",
    "Nombre": "David",
    "Fecha de nacimiento": "15.03.2000",
    "AN": 2000,
    "S": "M",
    "Bloque": 197,
    "nc": 0,
    "Salida": "1:52:00",
    "Meta": "",
    "Tiempo": "",
    "Estado clas.": 0,
    "Bonificación -": "",
    "Penalización +": "",
    "Comentario": "",
    "Nº de club": 137,
    "Ciudad": "",
    "Club": "ALABARDA-O",
    "Nac": "",
    "Situación": "",
    "Región": "Madrid",
    "Nº de categoría": 2,
    "Corto": "M-E",
    "Largo": "M-E",
    "Nº Cat. Ins.": 2,
    "Categoría inscrita (corto)": "M-E",
    "Categoría inscrita (largo)": "M-E",
    "Pos. Ranking": "",
    "Puntos de ranking": "",
    "Num1": 28000636,
    "Num2": "",
    "Num3": "",
    "Text1": "51535801T",
    "Text2": "A1",
    "Text3": "ESP",
    "Dir. apellidos": "",
    "Dir. nombre": "",
    "Dirección": "",
    "Línea 2": "",
    "CP": "",
    "Dir. ciudad": "",
    "Teléfono": "",
    "Móvil": 665315407,
    "Fax": "",
    "Correo-e": "",
    "Alquilado": 0,
    "Cuota de inscripción": "32,00",
    "Pagado": "0",
    "Id equipo": "",
    "Nombre de equipo": "",
    "Nº de recorrido": 9038,
    "Recorrido": "R38",
    "km": "0,0",
    "m": 70,
    "Puntos de control": 26,
    "FIELD62": ""
  },
  {
    "OE0001_V12": "",
    "Id. de inscripción": 160092,
    "Dorsal": 86,
    "Dorsal alt.": null,
    "Nº chip": 8160979,
    "Id. de la base de datos": null,
    "Id IOF": 17146,
    "Apellidos": "Tenani",
    "Nombre": "Alessio",
    "Fecha de nacimiento": "",
    "AN": 1979,
    "S": "M",
    "Bloque": 167,
    "nc": 0,
    "Salida": "1:54:00",
    "Meta": "",
    "Tiempo": "",
    "Estado clas.": 0,
    "Bonificación -": "",
    "Penalización +": "",
    "Comentario": "",
    "Nº de club": 1038,
    "Ciudad": "",
    "Club": "POLISPORTIVA G.MASI",
    "Nac": "",
    "Situación": "",
    "Región": "",
    "Nº de categoría": 2,
    "Corto": "M-E",
    "Largo": "M-E",
    "Nº Cat. Ins.": 2,
    "Categoría inscrita (corto)": "M-E",
    "Categoría inscrita (largo)": "M-E",
    "Pos. Ranking": "",
    "Puntos de ranking": "",
    "Num1": null,
    "Num2": "",
    "Num3": "",
    "Text1": "",
    "Text2": "",
    "Text3": "ITA",
    "Dir. apellidos": "",
    "Dir. nombre": "",
    "Dirección": "",
    "Línea 2": "",
    "CP": "",
    "Dir. ciudad": "",
    "Teléfono": "",
    "Móvil": null,
    "Fax": "",
    "Correo-e": "",
    "Alquilado": 0,
    "Cuota de inscripción": "0,00",
    "Pagado": "0",
    "Id equipo": "",
    "Nombre de equipo": "",
    "Nº de recorrido": 9038,
    "Recorrido": "R38",
    "km": "0,0",
    "m": 70,
    "Puntos de control": 26,
    "FIELD62": ""
  },
  {
    "OE0001_V12": "",
    "Id. de inscripción": 160091,
    "Dorsal": 87,
    "Dorsal alt.": null,
    "Nº chip": 8518343,
    "Id. de la base de datos": null,
    "Id IOF": 18340,
    "Apellidos": "Zagonel",
    "Nombre": "Giacomo",
    "Fecha de nacimiento": "",
    "AN": 1993,
    "S": "M",
    "Bloque": 126,
    "nc": 0,
    "Salida": "1:56:00",
    "Meta": "",
    "Tiempo": "",
    "Estado clas.": 0,
    "Bonificación -": "",
    "Penalización +": "",
    "Comentario": "",
    "Nº de club": 1038,
    "Ciudad": "",
    "Club": "POLISPORTIVA G.MASI",
    "Nac": "",
    "Situación": "",
    "Región": "",
    "Nº de categoría": 2,
    "Corto": "M-E",
    "Largo": "M-E",
    "Nº Cat. Ins.": 2,
    "Categoría inscrita (corto)": "M-E",
    "Categoría inscrita (largo)": "M-E",
    "Pos. Ranking": "",
    "Puntos de ranking": "",
    "Num1": null,
    "Num2": "",
    "Num3": "",
    "Text1": "",
    "Text2": "",
    "Text3": "ITA",
    "Dir. apellidos": "",
    "Dir. nombre": "",
    "Dirección": "",
    "Línea 2": "",
    "CP": "",
    "Dir. ciudad": "",
    "Teléfono": "",
    "Móvil": null,
    "Fax": "",
    "Correo-e": "",
    "Alquilado": 0,
    "Cuota de inscripción": "0,00",
    "Pagado": "0",
    "Id equipo": "",
    "Nombre de equipo": "",
    "Nº de recorrido": 9038,
    "Recorrido": "R38",
    "km": "0,0",
    "m": 70,
    "Puntos de control": 26,
    "FIELD62": ""
  },
  {
    "OE0001_V12": "",
    "Id. de inscripción": 157845,
    "Dorsal": 65,
    "Dorsal alt.": 3340,
    "Nº chip": 8019233,
    "Id. de la base de datos": 5212,
    "Id IOF": 18699,
    "Apellidos": "Llorens Caellas",
    "Nombre": "Pau",
    "Fecha de nacimiento": "31.03.1994",
    "AN": 1994,
    "S": "M",
    "Bloque": 90,
    "nc": 0,
    "Salida": "1:58:00",
    "Meta": "",
    "Tiempo": "",
    "Estado clas.": 0,
    "Bonificación -": "",
    "Penalización +": "",
    "Comentario": "",
    "Nº de club": 133,
    "Ciudad": "",
    "Club": "COB",
    "Nac": "",
    "Situación": "",
    "Región": "Barcelona",
    "Nº de categoría": 2,
    "Corto": "M-E",
    "Largo": "M-E",
    "Nº Cat. Ins.": 2,
    "Categoría inscrita (corto)": "M-E",
    "Categoría inscrita (largo)": "M-E",
    "Pos. Ranking": "",
    "Puntos de ranking": "",
    "Num1": 8001814,
    "Num2": "",
    "Num3": "",
    "Text1": "39398784Z",
    "Text2": "A1",
    "Text3": "ESP",
    "Dir. apellidos": "",
    "Dir. nombre": "",
    "Dirección": "",
    "Línea 2": "",
    "CP": "",
    "Dir. ciudad": "",
    "Teléfono": "",
    "Móvil": 616104226,
    "Fax": "",
    "Correo-e": "",
    "Alquilado": 0,
    "Cuota de inscripción": "32,00",
    "Pagado": "0",
    "Id equipo": "",
    "Nombre de equipo": "",
    "Nº de recorrido": 9038,
    "Recorrido": "R38",
    "km": "0,0",
    "m": 70,
    "Puntos de control": 26,
    "FIELD62": ""
  },
  {
    "OE0001_V12": "",
    "Id. de inscripción": 160088,
    "Dorsal": 84,
    "Dorsal alt.": null,
    "Nº chip": 8099117,
    "Id. de la base de datos": null,
    "Id IOF": 37592,
    "Apellidos": "Mariani",
    "Nombre": "Francesco",
    "Fecha de nacimiento": "",
    "AN": 2001,
    "S": "M",
    "Bloque": 54,
    "nc": 0,
    "Salida": "2:00:00",
    "Meta": "",
    "Tiempo": "",
    "Estado clas.": 0,
    "Bonificación -": "",
    "Penalización +": "",
    "Comentario": "",
    "Nº de club": 1038,
    "Ciudad": "",
    "Club": "POLISPORTIVA G.MASI",
    "Nac": "",
    "Situación": "",
    "Región": "",
    "Nº de categoría": 2,
    "Corto": "M-E",
    "Largo": "M-E",
    "Nº Cat. Ins.": 2,
    "Categoría inscrita (corto)": "M-E",
    "Categoría inscrita (largo)": "M-E",
    "Pos. Ranking": "",
    "Puntos de ranking": "",
    "Num1": null,
    "Num2": "",
    "Num3": "",
    "Text1": "",
    "Text2": "",
    "Text3": "ITA",
    "Dir. apellidos": "",
    "Dir. nombre": "",
    "Dirección": "",
    "Línea 2": "",
    "CP": "",
    "Dir. ciudad": "",
    "Teléfono": "",
    "Móvil": null,
    "Fax": "",
    "Correo-e": "",
    "Alquilado": 0,
    "Cuota de inscripción": "0,00",
    "Pagado": "0",
    "Id equipo": "",
    "Nombre de equipo": "",
    "Nº de recorrido": 9038,
    "Recorrido": "R38",
    "km": "0,0",
    "m": 70,
    "Puntos de control": 26,
    "FIELD62": ""
  }
 ]